rainfall_mm_24h,elevation_gradient_pct,soil_saturation_idx,historical_incident_rate,monsoon_month,label,year,grid_cell
2.1,21.0,0.916,1.0,1,2,2009,28_81
18.9,19.5,0.938,14.0,1,2,2009,26_88
39.5,4.1,0.95,8.5,1,2,2009,28_83
19.9,7.6,0.94,4.5,1,2,2009,27_84
19.1,27.9,0.938,16.0,1,2,2009,26_88
34.5,28.7,0.95,3.5,1,2,2009,27_88
99.7,26.8,0.952,2.0,1,2,2009,28_85
20.6,16.9,0.943,4.5,1,2,2009,28_83
27.7,18.9,1.0,1.0,1,2,2010,25_94
1.4,40.5,0.689,0.0,1,2,2010,36_74
17.2,26.5,0.908,1.0,0,2,2007,33_74
22.3,18.0,0.948,0.0,1,2,2011,30_78
15.0,11.3,0.95,6.0,1,2,2011,27_83
8.6,12.5,0.939,4.0,1,2,2011,28_83
11.8,14.0,0.939,6.5,1,2,2011,28_83
13.8,36.6,1.0,7.5,1,2,2011,30_78
11.0,33.8,1.0,4.0,1,2,2011,30_79
10.1,46.0,0.938,2.5,1,2,2011,31_78
19.6,11.9,1.0,0.5,1,2,2011,29_79
22.6,35.8,1.0,7.0,1,2,2011,30_79
2.0,13.1,0.916,1.0,1,2,2011,28_82
18.3,21.2,0.934,2.5,1,2,2016,27_88
15.9,12.5,0.934,15.5,1,2,2012,31_77
21.5,18.4,0.952,1.5,1,2,2012,27_88
28.5,52.2,0.954,4.0,1,2,2012,27_88
44.3,1.0,0.962,0.5,1,2,2017,21_91
108.1,15.7,1.0,4.0,1,2,2013,30_78
104.3,35.7,0.956,5.5,1,2,2013,30_78
72.6,21.4,1.0,3.0,1,2,2013,29_80
18.1,12.7,1.0,2.5,1,2,2016,26_94
3.0,0.6,0.666,1.0,1,2,2013,10_77
3.0,0.6,0.666,1.0,1,2,2013,10_77
13.3,15.0,0.948,2.0,1,2,2013,28_82
9.9,10.8,1.0,5.0,1,2,2013,25_93
12.1,17.0,0.948,0.5,1,2,2013,28_82
9.9,13.8,1.0,13.0,1,2,2013,25_94
11.6,7.5,0.945,5.5,1,2,2016,28_84
19.0,26.6,1.0,2.5,1,1,2017,26_94
47.2,1.4,0.954,2.0,1,2,2017,21_92
66.9,7.5,1.0,17.0,1,2,2017,26_91
19.4,15.3,1.0,3.0,1,2,2016,26_94
55.6,1.2,0.961,6.5,1,2,2017,22_91
12.0,3.9,0.919,1.5,1,1,2017,22_92
21.6,24.7,0.947,10.5,1,2,2017,27_84
22.9,23.5,0.951,2.5,1,1,2016,27_84
57.8,48.2,0.951,1.5,1,2,2016,27_87
18.6,14.3,1.0,11.0,1,1,2017,25_94
59.4,22.0,0.946,5.5,1,2,2016,27_85
33.1,15.4,0.943,2.0,1,2,2017,27_87
56.7,9.7,1.0,9.5,1,2,2017,26_91
13.2,33.4,0.946,7.5,1,2,2016,28_83
83.0,4.0,1.0,20.0,1,1,2017,26_91
83.0,1.6,1.0,20.0,1,1,2017,26_91
102.6,6.7,0.811,2.0,1,2,2017,22_92
55.9,1.4,0.95,1.5,1,2,2017,22_91
2.2,26.6,1.0,2.0,1,2,2016,31_77
0.0,19.6,0.334,0.5,1,1,2016,34_71
17.8,31.0,0.931,5.0,1,1,2017,27_85
79.5,14.1,0.955,1.5,1,2,2017,27_94
19.0,25.2,1.0,2.5,1,1,2017,26_94
44.0,1.7,0.953,1.0,1,2,2017,21_92
79.5,17.4,0.955,1.0,1,1,2017,27_94
42.6,33.2,0.946,17.5,1,2,2017,26_88
14.4,11.5,0.944,5.0,1,1,2017,27_85
14.0,7.2,0.93,2.5,1,2,2017,23_92
29.9,17.7,1.0,3.5,1,2,2017,26_94
16.3,19.2,0.948,10.0,1,2,2017,27_88
4.2,34.5,0.927,9.0,1,1,2016,28_83
8.9,0.2,0.903,0.0,0,2,2017,17_96
0.2,6.3,0.939,0.0,1,2,2017,23_94
14.7,5.6,0.944,9.0,1,1,2017,27_93
19.3,28.0,0.939,3.5,1,2,2016,28_85
83.4,1.8,0.837,2.0,1,2,2017,21_92
1.6,18.0,0.79,3.0,1,1,2017,34_75
2.6,4.4,0.307,0.0,0,2,2017,16_80
23.8,35.9,0.949,2.0,1,1,2016,30_80
34.6,11.7,0.947,2.0,1,2,2017,24_93
18.9,33.1,0.946,3.5,1,1,2016,27_86
3.7,9.5,0.745,8.0,1,1,2017,11_76
70.6,13.0,0.902,0.0,0,1,2017,22_93
10.7,1.4,0.585,1.0,1,1,2017,32_75
123.6,16.6,1.0,3.5,1,2,2017,25_92
46.7,3.7,0.954,0.5,1,2,2017,21_92
15.2,10.7,0.945,2.0,1,2,2017,24_93
1.8,44.3,0.656,5.5,0,2,2017,30_79
5.3,58.3,0.881,2.5,1,1,2016,31_78
7.3,17.8,0.946,0.0,1,1,2016,26_95
0.2,54.5,0.943,5.0,0,2,2017,30_79
20.3,2.6,0.742,0.0,1,2,2017,33_75
175.5,3.2,1.0,1.5,1,1,2017,13_74
4.5,7.1,0.918,1.5,1,2,2017,29_80
3.4,1.8,0.919,0.5,1,2,2017,23_91
13.2,24.2,0.443,7.0,1,1,2017,30_79
14.2,18.3,0.948,2.0,1,2,2016,29_82
3.2,21.5,1.0,3.5,1,2,2016,29_79
87.3,1.9,1.0,0.5,1,2,2017,14_74
170.2,1.7,1.0,1.0,1,1,2017,13_74
88.0,19.5,0.941,20.0,1,2,2017,26_88
6.8,36.8,1.0,7.5,1,1,2017,33_74
210.3,6.7,0.955,2.5,1,2,2017,22_92
103.3,1.6,0.811,3.0,1,2,2017,22_92
13.4,11.4,0.918,6.5,1,1,2016,31_76
9.5,6.3,0.848,9.5,1,1,2017,32_75
16.8,11.8,0.919,6.0,1,2,2017,30_76
33.8,32.5,0.935,1.5,1,2,2017,28_84
29.2,2.2,0.498,0.5,1,2,2017,30_76
1.5,8.2,0.61,0.5,1,1,2017,33_74
55.9,1.4,0.95,1.5,1,2,2017,22_91
97.5,0.5,0.962,0.0,1,2,2017,22_91
11.6,9.1,0.942,6.5,1,2,2017,27_93
36.3,6.2,0.939,11.5,1,2,2017,28_83
96.3,1.5,0.834,5.5,1,1,2017,12_74
118.9,28.1,1.0,7.5,1,2,2017,33_74
8.8,9.5,0.925,6.5,1,1,2017,27_93
8.7,2.9,1.0,2.0,0,1,2017,25_91
20.5,9.0,1.0,12.5,1,2,2017,25_94
30.6,10.6,0.949,2.0,1,2,2017,24_93
210.3,6.7,0.955,2.5,1,2,2017,22_92
11.3,0.6,0.702,1.5,1,2,2017,8_76
0.0,21.6,0.514,1.5,1,2,2017,34_73
3.8,1.1,0.799,0.0,1,2,2017,21_85
15.4,14.4,0.932,8.0,1,1,2017,23_92
21.3,23.3,0.891,3.5,1,2,2017,27_87
175.5,3.2,1.0,1.5,1,1,2017,13_74
15.8,13.5,0.906,3.5,1,2,2017,25_94
7.5,0.8,0.929,0.0,1,2,2017,24_91
103.3,1.6,0.811,3.0,1,2,2017,22_92
25.2,16.1,0.829,6.5,1,1,2017,31_76
21.3,23.3,0.891,3.5,1,2,2017,27_87
88.5,3.7,0.96,1.0,1,1,2017,27_92
73.4,2.2,1.0,1.0,1,1,2017,15_74
17.4,52.0,0.941,4.0,0,2,2017,27_88
2.1,33.5,0.741,2.0,1,2,2017,34_73
0.3,19.9,0.829,2.5,1,1,2017,32_78
99.9,20.7,0.948,1.5,1,2,2017,28_83
10.4,3.2,0.912,8.0,1,1,2016,19_73
15.5,10.8,1.0,12.5,1,1,2016,25_94
27.3,28.8,0.953,2.5,1,2,2017,28_84
19.8,11.9,0.926,9.5,1,1,2017,27_84
7.0,25.4,0.985,7.5,1,2,2016,33_74
34.2,2.8,0.933,7.0,1,1,2017,28_84
33.6,19.2,1.0,2.0,1,1,2017,25_93
11.6,25.9,0.94,5.0,1,1,2016,27_85
6.3,39.9,1.0,1.0,1,1,2016,31_78
0.2,18.3,0.861,1.0,1,2,2017,32_77
15.0,20.1,0.938,4.0,1,2,2017,28_83
24.9,0.1,1.0,0.0,1,2,2016,24_92
16.7,60.0,0.919,0.0,1,2,2016,28_86
143.3,9.1,0.948,8.5,1,1,2017,28_83
75.6,14.9,0.955,10.5,1,2,2017,27_93
33.0,2.5,0.757,0.5,1,2,2017,14_74
68.6,1.5,0.956,9.0,1,2,2017,27_93
15.9,53.3,1.0,8.5,1,2,2017,33_75
1.7,40.3,0.91,4.5,1,1,2016,30_78
84.0,15.9,1.0,11.5,1,1,2017,33_75
0.3,20.5,0.829,2.5,1,1,2017,32_78
0.3,17.3,0.829,2.5,1,1,2017,32_78
22.7,26.2,0.946,0.5,1,2,2017,27_87
17.7,31.0,0.947,0.5,0,1,2017,27_93
8.2,14.0,0.908,7.5,1,2,2017,23_92
8.3,31.7,0.938,4.0,1,1,2016,29_81
170.4,19.8,0.948,8.5,1,1,2017,28_83
11.2,39.1,0.902,1.0,1,2,2016,30_78
65.7,2.2,0.965,9.0,1,2,2017,27_93
24.7,25.7,0.948,9.0,1,2,2016,27_84
6.0,15.6,1.0,2.0,1,1,2017,24_94
83.0,4.8,1.0,17.5,1,1,2017,26_91
121.3,12.6,0.951,5.5,1,2,2016,27_83
7.4,21.3,0.937,2.5,1,1,2016,28_82
38.2,2.2,1.0,0.0,1,2,2017,19_73
27.3,2.1,1.0,23.0,1,1,2017,26_91
9.7,4.3,0.951,4.5,0,2,2015,34_74
26.1,1.7,0.783,4.5,1,2,2007,15_73
7.7,18.6,0.937,1.5,1,2,2008,29_81
47.7,3.8,1.0,0.0,1,2,2011,12_75
11.4,1.0,0.827,0.0,1,2,2012,34_71
3.5,21.7,0.91,0.5,1,2,2015,26_86
0.1,33.9,0.901,0.5,0,2,2016,28_83
19.9,0.0,0.866,0.0,0,2,2007,22_89
148.5,8.4,1.0,1.0,1,2,2009,29_80
8.6,46.1,0.917,1.5,1,2,2010,35_75
20.3,11.3,0.938,3.0,1,2,2011,27_84
22.2,21.2,0.946,1.0,1,1,2016,27_85
7.9,13.9,0.813,1.0,0,2,2014,29_80
119.1,21.1,1.0,3.0,1,2,2013,30_79
15.9,23.2,0.878,2.5,1,2,2012,30_78
0.4,24.3,0.761,2.5,0,2,2010,34_73
81.5,24.8,1.0,18.5,1,2,2010,33_75
0.0,23.2,0.889,29.0,1,2,2010,33_75
74.2,29.5,0.952,1.0,1,2,2010,27_90
6.1,0.9,0.644,1.5,0,2,2013,8_77
27.7,16.2,1.0,12.0,1,2,2013,25_94
0.2,30.4,0.719,2.0,0,2,2012,27_85
30.3,33.1,0.948,12.0,1,2,2015,28_83
2.4,50.0,0.901,3.5,1,2,2011,31_77
9.7,8.2,0.922,13.0,1,2,2015,31_77
31.1,36.3,0.948,6.5,1,1,2013,30_78
120.1,3.3,0.952,1.0,1,2,2010,27_83
61.8,27.9,0.945,8.5,1,2,2011,27_88
24.1,11.9,1.0,7.0,0,2,2010,25_94
37.1,30.7,0.941,14.5,1,2,2009,26_88
3.0,37.9,0.899,4.0,1,2,2010,33_75
13.1,10.2,0.943,1.0,1,2,2007,27_85
6.3,10.3,0.877,0.0,1,2,2011,28_83
42.4,25.1,1.0,31.5,0,2,2011,33_75
1.3,48.9,0.825,0.5,1,2,2010,36_74
26.2,7.1,1.0,5.0,1,1,2010,18_73
163.1,10.6,0.954,3.0,1,2,2010,29_81
0.0,23.7,0.916,29.0,0,2,2012,33_75
2.7,3.4,1.0,1.0,1,2,2009,25_93
3.2,25.8,1.0,22.0,1,2,2015,33_75
10.4,25.1,1.0,29.5,0,2,2011,33_75
3.4,31.6,0.789,8.5,1,2,2011,32_77
12.3,11.3,0.428,3.0,1,2,2010,34_77
34.9,6.5,1.0,0.0,1,2,2010,25_91
4.4,24.6,0.933,6.5,1,2,2010,27_85
26.0,11.1,0.949,2.5,1,2,2010,27_86
17.3,26.2,0.945,17.0,1,2,2008,26_88
69.0,4.3,0.769,0.0,1,2,2016,32_75
3.2,46.2,0.94,2.5,1,2,2016,34_75
21.6,16.3,0.953,3.5,0,2,2010,25_94
1.4,14.7,0.901,4.0,0,2,2007,24_93
9.4,3.9,0.944,2.0,1,2,2011,27_83
9.4,0.1,0.932,0.0,0,2,2014,24_91
28.8,20.9,0.947,0.0,1,2,2010,27_89
0.0,24.0,0.758,1.5,0,2,2013,29_81
17.3,17.7,1.0,1.5,1,2,2015,24_94
38.0,13.2,0.948,6.0,1,2,2009,27_84
51.7,8.2,0.898,0.0,1,2,2016,34_73
5.7,14.5,0.886,3.5,1,2,2013,25_94
0.0,15.4,0.684,1.5,0,2,2016,34_73
0.1,24.6,0.921,2.0,1,2,2011,34_75
37.1,29.3,0.949,16.0,1,2,2011,26_88
12.7,35.1,0.937,6.5,1,2,2010,30_78
0.0,22.7,0.748,2.5,0,2,2015,27_87
0.9,23.5,0.904,13.0,1,1,2015,28_83
77.0,6.6,1.0,1.0,1,2,2011,9_76
178.3,11.1,0.958,2.0,1,2,2016,19_73
6.1,25.4,1.0,5.0,1,2,2013,30_79
28.4,20.3,1.0,1.0,1,2,2013,31_76
4.9,24.9,0.878,0.5,1,2,2007,35_72
12.5,1.9,0.944,2.0,0,2,2007,33_73
22.3,26.2,1.0,31.5,0,2,2011,33_75
18.7,9.7,0.942,13.0,1,2,2010,26_88
0.0,41.8,0.63,0.0,0,2,2015,30_79
15.1,45.7,0.944,3.5,0,2,2015,27_88
0.0,10.1,0.404,2.0,0,2,2010,28_82
4.7,1.6,0.943,0.0,0,2,2016,22_78
57.8,1.4,0.857,4.5,1,1,2016,15_73
17.6,20.6,0.947,9.0,1,2,2010,28_83
30.3,2.2,0.945,8.0,1,2,2012,19_72
34.4,11.6,0.94,6.5,1,2,2012,31_76
26.3,12.2,1.0,3.0,1,2,2015,29_79
12.2,43.3,0.879,5.0,1,2,2012,32_77
33.9,16.3,0.952,4.0,1,2,2011,27_84
87.6,9.2,1.0,11.0,1,1,2009,31_77
0.0,0.4,0.607,0.0,0,2,2015,22_95
0.0,0.9,0.297,6.5,0,2,2014,22_91
19.1,31.6,0.961,3.0,1,2,2010,31_77
68.2,11.2,1.0,2.5,1,2,2010,25_91
80.2,21.2,1.0,0.5,0,2,2011,34_73
0.5,34.2,0.863,3.0,1,2,2010,36_74
71.1,17.3,0.955,4.5,0,2,2009,29_81
36.6,7.6,1.0,1.5,0,2,2016,26_95
77.4,1.1,0.832,6.0,1,2,2015,15_73
1.2,1.3,0.302,0.0,0,2,2010,34_77
15.0,23.4,0.946,2.5,1,1,2014,28_82
8.6,20.7,0.943,4.0,1,2,2014,28_83
23.5,16.3,0.947,9.5,1,1,2014,28_83
12.5,10.9,0.934,4.0,1,2,2013,24_93
62.9,4.0,0.954,3.5,1,2,2015,27_93
5.0,27.6,0.547,1.0,0,2,2011,36_72
17.7,57.7,0.942,2.5,1,2,2014,28_85
7.5,45.2,0.917,8.5,0,2,2007,27_88
15.3,6.9,1.0,3.0,0,2,2010,25_93
34.2,12.3,1.0,1.0,1,2,2011,30_78
4.7,4.2,0.908,0.0,0,2,2016,34_73
84.4,24.1,0.949,2.5,1,2,2013,28_83
6.7,60.0,0.926,5.0,1,2,2011,30_79
25.4,0.3,0.85,7.5,1,2,2010,19_72
2.7,49.5,0.812,8.5,0,2,2015,28_83
70.3,7.5,0.949,0.0,1,1,2014,19_83
48.2,13.7,0.824,4.0,1,2,2014,32_75
154.4,32.1,1.0,3.0,1,2,2012,25_92
31.1,14.9,1.0,0.5,1,2,2016,29_80
84.4,36.9,0.949,3.0,1,2,2013,28_83
7.9,22.8,0.596,0.0,0,2,2016,36_71
0.0,5.8,0.699,0.0,0,1,2015,33_70
43.3,21.4,0.948,10.0,1,2,2009,27_88
7.7,1.0,0.827,0.0,1,2,2007,11_75
15.4,15.2,0.941,1.5,1,2,2010,23_92
8.9,26.6,1.0,7.0,1,2,2016,30_78
6.8,32.0,0.935,1.5,1,2,2013,28_82
24.0,23.5,1.0,4.5,1,2,2010,30_78
17.2,29.2,0.943,8.0,1,2,2013,28_83
95.7,24.0,1.0,3.5,1,2,2010,30_78
15.8,13.2,0.944,6.5,0,2,2007,27_88
61.7,4.6,0.954,5.0,1,2,2008,18_73
6.4,1.4,0.642,0.0,0,2,2013,8_77
5.2,27.4,0.93,0.5,1,2,2013,31_77
7.1,11.3,0.908,9.0,1,2,2010,30_77
4.3,13.6,0.923,2.0,0,2,2014,10_77
2.3,42.4,0.86,1.5,1,2,2011,28_84
48.8,10.5,0.951,2.5,1,2,2016,26_87
1.1,21.3,0.9,6.0,0,2,2011,34_73
9.5,21.0,1.0,2.5,1,2,2010,29_80
2.2,21.1,0.925,3.0,1,2,2013,26_87
4.0,28.7,0.906,3.5,0,1,2015,28_84
261.6,11.0,0.952,4.0,1,2,2007,27_84
3.4,23.5,0.789,0.0,1,2,2012,34_74
3.7,27.3,0.882,4.0,1,2,2013,24_93
0.0,0.6,0.127,5.0,0,2,2011,15_73
13.8,14.0,0.936,7.0,1,2,2010,28_83
13.3,14.1,0.946,2.5,1,1,2014,27_85
83.3,24.3,0.951,2.0,1,2,2013,28_82
3.7,7.0,0.998,0.0,1,2,2011,25_93
30.4,13.1,1.0,7.5,1,2,2010,30_78
13.1,13.1,0.935,1.0,0,2,2011,34_73
9.0,27.0,0.855,0.5,1,1,2015,33_77
3.4,22.3,1.0,6.5,1,2,2010,30_78
0.4,25.0,0.915,4.0,1,2,2011,27_88
0.0,26.7,0.71,2.0,0,2,2016,34_73
16.9,19.1,1.0,1.0,1,2,2010,25_94
0.0,8.1,0.962,0.5,0,2,2015,26_97
16.1,11.3,1.0,0.5,1,2,2011,19_73
34.7,38.8,0.948,1.5,1,2,2016,27_87
12.3,11.6,0.508,3.0,1,2,2010,34_77
2.6,24.0,0.69,5.0,0,2,2010,28_83
84.8,17.5,1.0,0.5,1,2,2010,30_77
5.2,23.5,1.0,2.5,1,2,2013,30_77
7.4,29.0,0.9,0.5,1,2,2011,29_81
7.8,35.8,0.979,1.5,1,2,2010,31_77
0.5,30.3,0.724,0.5,0,1,2014,34_74
28.4,32.5,1.0,5.5,1,2,2013,29_80
22.7,18.0,0.947,0.0,1,2,2008,28_81
9.4,21.2,0.946,4.0,1,2,2009,24_93
101.4,22.9,0.949,2.0,1,2,2011,27_87
112.6,17.7,0.955,1.0,1,2,2010,30_77
1.9,0.6,0.589,0.5,0,2,2008,12_77
9.2,18.7,0.942,0.0,1,2,2014,28_95
19.2,37.5,0.942,7.0,1,2,2010,27_85
0.3,4.5,0.928,1.0,0,2,2015,33_74
11.6,10.2,0.94,0.5,1,2,2016,27_93
28.0,27.4,0.529,0.5,0,2,2015,36_72
11.4,0.9,0.946,1.0,1,2,2013,28_82
9.2,15.2,1.0,2.5,0,2,2008,9_76
22.2,19.4,0.944,15.5,1,2,2015,27_88
38.8,12.2,1.0,3.0,1,2,2015,29_79
23.2,12.6,0.982,3.0,0,2,2011,24_93
31.1,17.3,0.783,7.0,1,2,2010,32_77
1.8,0.1,0.878,1.0,1,2,2008,27_94
9.4,1.0,0.912,1.0,0,1,2014,24_91
7.7,6.7,1.0,3.5,1,2,2015,25_91
2.6,38.5,0.895,0.5,1,2,2010,34_74
0.8,1.8,0.954,0.0,0,2,2010,22_97
20.9,23.6,0.96,1.5,0,1,2015,33_74
6.1,0.8,0.619,2.0,0,2,2013,8_76
4.6,3.0,0.922,4.5,1,2,2010,16_80
50.3,12.3,1.0,2.5,1,2,2015,25_90
4.9,23.9,0.795,2.5,1,1,2015,32_78
26.2,25.2,0.952,3.5,1,2,2015,27_87
3.9,24.4,1.0,5.0,1,2,2013,30_79
83.1,4.7,1.0,0.0,1,2,2008,12_75
0.0,20.8,1.0,3.5,0,2,2015,33_74
67.7,1.9,1.0,1.5,1,2,2011,9_76
17.4,18.0,0.867,0.0,1,2,2014,11_77
25.9,2.2,0.906,11.0,1,2,2010,19_72
8.1,6.3,1.0,1.5,1,2,2016,15_74
66.1,2.5,1.0,0.0,1,2,2011,17_73
20.3,0.4,0.94,0.0,1,2,2011,23_90
10.1,33.8,0.146,0.5,1,2,2017,32_77
0.1,34.8,0.917,1.0,0,1,2015,34_73
72.1,21.1,1.0,0.5,1,2,2007,25_91
12.4,4.9,1.0,21.0,1,2,2011,26_91
180.2,18.4,0.947,9.5,1,2,2010,27_84
0.0,31.6,0.842,0.0,0,2,2007,34_76
74.5,28.8,0.94,6.5,0,2,2010,34_74
32.8,8.4,0.949,10.0,1,2,2015,28_83
50.4,25.3,1.0,28.5,0,2,2008,33_75
0.8,8.7,0.875,0.5,1,2,2007,22_92
22.1,22.9,1.0,2.5,1,2,2011,30_78
61.6,11.4,1.0,2.5,1,2,2010,29_79
0.0,29.7,0.671,3.0,0,2,2016,35_73
137.5,25.0,0.96,3.0,1,2,2009,27_88
7.3,31.5,0.829,2.5,1,2,2015,10_77
40.9,21.3,0.54,0.5,1,2,2010,30_79
16.7,16.5,1.0,4.0,1,2,2015,30_78
53.6,0.7,1.0,0.5,0,2,2010,27_96
21.5,1.5,1.0,0.0,0,2,2008,17_96
32.1,36.1,1.0,0.5,0,2,2011,34_73
6.6,36.7,0.928,3.5,1,2,2013,27_87
45.8,15.2,1.0,8.0,1,2,2015,32_75
36.8,7.0,1.0,12.5,1,2,2011,25_94
2.6,10.7,0.926,2.0,1,2,2007,27_85
0.0,0.7,0.276,0.0,0,2,2016,16_96
12.7,12.7,0.942,8.5,1,2,2013,27_84
16.4,22.9,0.958,1.5,1,2,2015,24_93
9.4,3.1,0.912,1.5,1,2,2013,29_78
19.6,23.5,0.939,2.0,1,2,2011,27_88
9.8,20.8,1.0,3.5,1,2,2013,30_78
44.6,3.7,1.0,0.0,0,2,2010,25_92
37.6,16.1,1.0,11.5,0,2,2015,33_75
132.5,3.8,0.895,0.5,1,2,2016,32_75
3.1,21.6,0.958,7.5,0,2,2010,33_74
5.6,27.3,1.0,3.0,1,2,2011,30_79
1.3,13.7,1.0,2.0,1,2,2012,33_74
61.2,17.4,0.95,3.0,1,2,2015,28_84
1.7,0.2,0.952,2.0,1,2,2011,24_93
1.5,27.1,0.572,29.5,0,2,2007,33_75
1.3,25.1,0.91,1.5,0,2,2010,27_89
36.5,0.8,0.951,1.0,0,2,2009,24_91
4.2,20.6,0.818,0.0,1,2,2015,31_97
118.4,3.6,1.0,3.5,1,2,2007,29_80
18.3,2.6,0.95,2.5,1,2,2009,22_92
0.0,60.0,0.607,9.0,0,2,2010,33_75
80.4,0.5,0.954,3.0,1,2,2010,21_92
51.3,1.0,1.0,0.5,0,2,2014,27_96
40.2,21.4,0.952,1.5,1,2,2011,26_86
1.2,3.2,0.46,4.5,0,1,2015,16_80
6.8,9.6,1.0,7.5,1,2,2011,25_94
25.0,37.6,1.0,8.0,1,2,2016,33_75
18.4,16.0,0.867,1.5,0,2,2008,33_74
60.5,41.0,0.616,3.0,0,2,2011,35_73
50.0,1.4,0.813,5.5,1,1,2016,12_74
37.2,35.2,0.94,1.0,1,2,2015,27_90
11.6,10.9,0.936,9.0,1,2,2012,30_77
10.1,28.3,0.816,2.5,1,2,2016,34_73
3.0,18.2,0.911,1.0,1,2,2009,27_86
13.1,22.8,0.929,14.0,1,2,2007,27_88
7.9,37.3,0.922,4.0,1,2,2013,32_77
38.1,22.7,1.0,1.5,1,1,2015,32_76
103.1,4.4,1.0,0.5,1,2,2010,26_94
2.1,1.3,0.535,2.0,1,1,2014,33_73
77.6,24.4,1.0,0.5,1,2,2013,31_77
34.5,3.5,1.0,17.0,1,2,2016,26_91
0.2,14.3,0.935,0.5,0,2,2008,27_92
16.7,24.8,0.946,7.0,1,2,2010,27_88
36.1,11.7,0.927,7.0,1,2,2009,26_88
177.5,16.3,0.952,6.0,1,2,2012,28_83
0.0,21.0,0.512,2.0,0,2,2016,27_86
13.9,29.0,0.939,5.0,1,2,2010,30_78
2.5,43.6,0.909,5.5,0,1,2015,30_79
20.9,24.8,0.945,1.5,1,2,2011,28_82
12.4,16.6,0.91,1.0,1,2,2016,29_80
25.7,4.1,0.993,0.0,1,1,2011,24_94
15.3,21.5,1.0,2.0,1,2,2013,26_94
137.5,7.5,0.953,12.0,1,2,2009,27_88
2.9,24.3,1.0,4.0,1,2,2010,32_76
17.2,4.9,0.952,1.0,0,1,2016,25_92
14.5,42.2,0.77,2.5,0,2,2015,36_74
53.1,17.2,0.95,6.0,1,2,2011,27_84
0.0,27.0,0.112,2.5,1,2,2012,32_78
11.6,40.1,0.945,1.5,1,2,2011,28_85
138.8,7.6,0.95,8.0,1,2,2011,28_83
19.0,18.2,0.945,17.5,1,2,2007,26_88
20.2,20.7,0.934,9.5,1,1,2015,26_88
19.9,37.3,0.94,2.0,1,2,2013,30_80
10.5,47.3,0.935,6.5,1,2,2013,30_78
16.1,18.3,0.937,15.0,1,2,2007,27_88
33.9,14.9,0.952,3.5,1,2,2011,28_84
35.8,4.8,0.949,5.0,1,1,2015,18_73
3.7,16.2,0.988,3.5,1,2,2013,32_76
44.2,27.6,0.946,11.5,1,2,2010,26_88
15.2,0.5,0.9,2.0,1,1,2007,26_88
14.1,12.0,0.929,6.5,1,1,2015,31_76
0.0,28.4,0.701,1.5,0,2,2010,34_73
12.8,12.6,1.0,0.0,0,2,2015,19_97
63.1,22.2,0.949,15.0,0,2,2016,26_88
2.7,25.0,0.985,8.0,1,2,2014,33_75
36.2,15.3,0.941,6.0,1,2,2013,27_83
41.6,6.6,1.0,0.5,1,2,2014,19_73
67.7,41.3,0.86,3.0,0,2,2016,35_73
24.9,40.5,0.946,0.5,0,2,2011,28_96
92.8,12.7,0.951,15.5,1,2,2008,31_77
16.0,15.8,0.943,3.0,0,1,2015,34_74
3.5,0.7,1.0,0.0,1,2,2014,20_73
68.3,32.3,0.95,0.5,1,2,2013,27_86
5.2,1.6,0.9,0.0,1,2,2011,30_78
11.2,11.2,1.0,5.0,1,1,2015,18_73
4.7,15.6,0.863,6.5,0,1,2010,27_88
3.0,30.8,0.933,1.5,1,2,2010,29_81
15.6,11.6,1.0,4.0,1,2,2015,26_94
5.7,19.7,0.935,2.5,1,2,2009,29_81
97.4,11.8,1.0,2.0,1,2,2013,33_74
4.0,10.8,0.981,4.5,1,2,2015,32_76
35.7,18.2,0.862,0.5,1,2,2011,24_72
1.6,0.5,0.882,0.0,1,2,2007,18_79
1.2,16.6,0.475,0.0,1,2,2011,34_76
150.3,16.7,1.0,4.0,1,2,2016,30_78
7.0,20.5,0.891,12.5,1,2,2010,27_88
39.0,23.1,0.938,1.0,1,2,2010,35_72
0.0,4.1,0.777,5.5,0,1,2014,27_93
1.8,39.5,0.917,2.0,1,2,2011,29_82
10.1,13.7,1.0,2.0,1,1,2016,26_94
66.3,16.3,1.0,0.5,1,2,2010,15_73
46.1,18.2,1.0,0.0,1,2,2012,27_95
21.0,3.2,0.947,4.5,1,2,2010,16_80
9.2,21.4,0.944,0.5,0,2,2012,28_95
55.3,16.8,0.94,3.5,1,2,2016,27_84
78.5,23.6,0.949,6.0,1,2,2007,28_83
25.4,1.9,0.846,5.5,1,2,2010,12_74
9.2,19.4,1.0,3.0,0,2,2011,30_78
0.0,1.2,0.945,0.0,1,2,2007,21_94
14.0,17.1,0.94,2.5,1,2,2015,29_81
23.9,52.0,0.938,4.0,1,2,2014,30_79
19.7,48.7,0.944,7.0,1,2,2010,30_79
4.0,1.5,0.999,0.0,0,2,2010,12_76
8.1,13.0,0.93,4.0,1,2,2010,24_93
21.8,20.7,0.952,7.5,1,2,2015,25_94
24.3,37.8,0.94,2.5,1,2,2015,28_84
35.3,8.2,1.0,2.5,1,2,2012,9_76
9.3,14.5,1.0,4.0,1,2,2013,26_94
35.0,12.1,0.947,3.0,0,2,2011,25_93
1.7,9.5,1.0,2.0,1,2,2013,30_78
5.1,2.5,0.932,0.0,1,2,2008,25_75
17.3,16.9,0.951,1.5,1,2,2015,24_94
69.1,7.1,1.0,4.5,1,2,2015,32_76
151.6,44.8,1.0,4.0,1,2,2013,30_79
129.4,13.8,0.95,11.5,1,2,2007,28_83
10.8,30.2,1.0,1.5,1,2,2011,31_77
3.5,51.4,0.921,2.0,0,1,2015,27_85
0.5,54.6,0.884,4.0,1,2,2016,31_78
28.5,7.7,0.95,4.5,0,2,2009,11_76
46.1,3.2,1.0,21.5,1,2,2012,26_91
0.0,13.9,0.682,0.5,0,2,2013,29_80
7.0,10.1,0.313,9.0,0,2,2014,32_75
60.3,15.9,0.952,2.5,1,2,2013,29_82
0.1,1.3,0.732,0.5,0,2,2012,32_75
37.5,1.9,0.948,8.0,1,2,2013,19_73
31.4,39.9,0.756,3.0,0,2,2013,35_73
39.0,9.8,0.951,2.0,1,2,2013,11_76
4.2,16.7,0.868,0.5,1,2,2010,27_88
6.1,0.7,0.644,2.0,0,2,2013,8_76
113.6,20.6,0.952,0.0,1,2,2010,27_84
11.5,15.2,0.945,1.0,1,2,2013,27_94
8.6,14.3,0.91,0.5,1,2,2007,34_73
1.2,20.6,0.682,8.5,0,2,2010,30_77
38.3,0.6,0.795,5.5,1,2,2016,12_74
19.2,2.6,1.0,21.5,1,2,2012,26_91
3.7,23.3,0.882,5.0,1,2,2013,24_93
18.1,13.2,0.95,3.0,1,2,2010,28_84
15.3,41.7,0.936,2.0,1,2,2016,29_82
21.8,27.1,0.978,5.0,1,2,2015,25_93
172.7,40.7,0.952,2.0,1,1,2016,27_88
15.5,9.9,1.0,3.0,1,2,2013,26_94
9.3,20.1,0.932,1.0,1,2,2015,28_81
42.4,38.3,1.0,31.0,0,2,2011,33_75
58.5,13.3,0.954,9.0,1,2,2010,30_77
6.9,38.5,1.0,28.5,0,2,2008,33_75
13.5,20.4,0.934,1.5,1,2,2011,29_81
0.6,0.2,0.783,0.0,0,2,2015,10_78
39.2,38.7,0.947,7.5,1,2,2013,29_81
11.0,3.7,0.941,3.0,1,2,2007,22_92
37.3,31.1,0.947,2.0,1,1,2016,28_85
21.2,1.4,0.948,6.5,1,2,2015,22_91
103.6,1.3,0.953,4.0,1,2,2015,21_92
26.5,31.8,0.953,7.5,1,2,2007,27_88
20.0,32.9,0.95,5.0,1,2,2010,27_85
28.0,3.5,0.934,0.5,0,1,2016,24_92
17.0,29.2,0.944,10.5,1,2,2007,28_83
3.7,3.2,0.817,0.0,0,1,2016,10_76
73.1,9.5,0.945,0.0,1,2,2015,19_83
20.2,15.3,0.95,4.0,1,2,2015,24_93
42.5,58.2,0.763,8.5,0,2,2011,33_75
4.2,26.7,0.888,11.5,1,2,2010,26_88
39.9,29.4,1.0,9.0,0,2,2016,33_75
117.3,10.9,1.0,3.0,1,2,2013,10_76
0.0,32.1,0.885,3.0,0,2,2011,32_77
52.1,1.1,0.951,7.5,1,2,2016,19_73
34.4,23.9,1.0,8.5,1,2,2013,32_75
8.5,54.9,0.925,5.0,1,2,2016,30_79
11.5,2.7,1.0,0.0,1,1,2011,13_76
18.1,42.3,0.95,4.0,1,2,2016,30_78
10.4,27.8,0.935,4.0,1,2,2007,29_81
3.9,33.2,1.0,6.5,1,2,2013,30_79
59.2,7.5,0.954,4.0,1,2,2011,28_84
9.9,31.8,0.945,0.5,1,2,2014,29_95
65.4,0.4,0.872,8.0,1,2,2009,19_72
0.9,0.2,0.893,6.5,1,2,2011,11_76
55.8,1.9,1.0,21.5,1,1,2014,26_91
27.1,14.0,1.0,12.0,1,2,2013,25_94
85.6,5.3,1.0,0.5,1,2,2013,10_76
66.3,19.6,0.949,0.0,1,2,2013,21_74
53.4,12.0,0.947,6.5,1,2,2011,31_76
11.4,17.0,0.94,1.0,1,2,2011,28_82
3.2,5.6,0.942,2.5,0,2,2015,33_74
5.3,29.8,0.916,7.0,1,2,2012,30_79
74.4,35.4,0.888,3.5,1,2,2010,31_78
0.0,7.6,0.298,4.0,1,2,2012,27_83
6.7,16.1,0.916,0.5,1,2,2013,31_77
10.2,1.8,0.533,0.5,1,2,2008,32_75
14.3,24.4,0.935,12.5,1,1,2015,26_88
26.9,16.2,0.949,1.5,1,2,2014,28_82
1.9,8.5,1.0,11.0,1,2,2008,31_77
0.2,17.0,0.789,11.5,0,2,2014,33_75
7.6,0.1,0.928,0.0,1,1,2016,25_82
6.2,1.0,1.0,2.5,1,2,2013,10_76
17.2,2.6,0.942,0.0,1,2,2013,27_84
8.6,30.2,1.0,9.0,1,2,2010,30_78
53.1,11.1,1.0,1.0,1,2,2010,29_80
0.0,3.5,0.559,0.0,0,2,2014,34_71
16.4,1.6,0.985,0.5,1,2,2013,26_94
13.0,1.0,0.934,7.0,1,2,2010,27_93
58.4,30.4,0.949,0.0,1,2,2013,27_86
19.1,10.7,0.945,8.0,1,2,2014,23_92
16.7,3.0,1.0,4.5,0,2,2011,9_76
51.0,8.8,1.0,1.0,1,2,2011,14_74
4.7,9.7,0.928,4.0,0,1,2014,34_74
10.8,30.1,1.0,1.5,1,2,2011,31_77
24.4,12.8,0.951,7.5,1,2,2016,28_83
16.0,11.0,0.943,4.0,0,2,2015,34_74
0.0,7.9,0.929,1.5,0,2,2007,33_73
2.3,1.5,1.0,3.5,1,2,2013,29_80
16.4,18.3,0.952,7.5,1,2,2013,27_88
29.0,22.7,1.0,29.0,0,2,2012,33_75
16.5,11.1,1.0,5.0,1,1,2015,18_73
9.1,26.1,0.94,2.0,1,2,2014,28_83
1.4,15.1,0.966,2.0,1,2,2013,29_79
7.2,18.7,0.555,1.5,0,2,2015,35_75
11.9,14.1,0.939,6.5,1,2,2010,28_83
102.7,7.9,0.955,1.0,1,2,2013,28_81
16.6,5.2,1.0,0.5,1,2,2016,25_90
0.3,1.0,0.533,4.0,0,2,2012,21_92
20.8,24.3,0.95,3.5,1,2,2016,28_83
4.7,24.0,0.881,0.0,1,2,2015,31_76
0.0,24.6,1.0,31.5,0,2,2015,33_75
31.0,16.2,1.0,3.0,1,2,2010,26_94
31.7,2.1,0.949,0.5,0,2,2016,24_92
84.4,29.9,0.951,5.5,1,2,2013,28_83
98.9,2.4,0.952,0.5,1,2,2015,18_82
10.2,8.5,0.622,1.0,1,2,2015,32_75
26.9,3.4,1.0,1.0,0,2,2009,14_74
14.2,11.6,0.933,7.5,1,2,2010,23_92
0.0,2.4,0.117,0.0,1,2,2012,30_68
43.8,4.5,0.949,4.0,1,2,2010,28_84
0.2,20.3,0.666,19.5,1,2,2011,33_75
26.6,8.1,1.0,1.0,0,2,2010,14_74
15.1,15.4,1.0,2.0,1,2,2010,26_94
30.5,16.3,0.926,5.5,1,2,2008,27_83
17.9,9.2,1.0,8.0,1,2,2016,25_94
1.6,31.0,0.513,1.0,0,2,2015,36_72
4.4,24.2,0.93,5.0,1,2,2010,24_93
33.3,9.5,0.949,1.0,1,2,2014,28_82
109.7,21.1,0.947,20.5,1,2,2012,27_88
77.7,20.8,1.0,1.5,0,2,2010,34_73
47.5,28.3,0.949,1.5,1,2,2009,27_89
6.7,41.2,0.813,0.0,0,2,2011,35_74
30.2,33.1,1.0,7.5,0,2,2011,33_74
13.4,16.7,0.944,5.5,1,2,2011,27_85
15.2,20.7,0.948,3.5,1,2,2014,27_85
13.1,30.0,0.923,0.0,1,2,2011,31_77
18.2,60.0,0.943,7.0,1,2,2011,30_79
5.1,8.8,0.93,3.5,0,2,2015,34_74
53.9,0.1,1.0,0.0,0,1,2014,24_92
25.4,0.7,0.85,8.0,1,2,2010,19_72
24.4,23.9,0.946,4.0,1,2,2015,26_88
23.6,11.8,1.0,0.0,1,2,2012,29_79
85.7,3.0,0.854,1.0,1,2,2010,20_92
0.1,21.0,0.732,1.0,1,2,2016,29_82
0.0,23.2,0.887,1.5,0,2,2007,33_74
6.8,34.7,0.656,6.0,0,2,2011,32_77
2.0,19.3,0.93,4.5,1,2,2007,27_83
7.6,22.7,0.922,1.0,1,2,2015,23_92
102.9,11.2,0.954,7.5,1,2,2011,27_83
12.2,14.1,1.0,12.0,1,2,2010,25_94
2.3,12.3,0.924,5.5,1,2,2008,28_84
29.1,18.5,1.0,1.5,1,2,2010,26_94
0.0,21.6,0.741,13.5,1,1,2013,27_88
13.7,39.4,0.744,1.0,1,2,2013,35_73
39.0,54.8,0.939,4.0,1,2,2015,30_79
33.5,27.3,0.946,4.5,1,2,2010,27_84
123.9,10.2,1.0,3.0,1,2,2013,9_76
7.7,30.7,0.939,8.5,1,2,2007,27_88
54.1,7.3,1.0,1.0,0,2,2009,11_75
12.6,13.8,0.941,4.0,1,2,2010,30_78
55.8,1.0,1.0,23.0,1,1,2014,26_91
9.4,13.2,0.944,2.5,1,2,2007,27_87
72.8,11.4,1.0,0.5,1,2,2014,33_74
0.0,2.1,0.6,1.0,0,1,2013,15_74
38.5,11.9,0.947,4.0,1,1,2014,27_84
20.0,30.5,1.0,2.5,1,2,2015,29_80
4.8,12.7,1.0,7.5,1,2,2010,30_78
6.1,12.7,0.55,0.5,0,2,2008,34_72
10.2,15.1,1.0,3.0,1,2,2016,26_94
0.0,0.2,0.79,1.0,0,2,2008,27_94
0.0,6.2,0.794,5.0,0,2,2015,25_96
16.7,22.8,0.938,1.5,1,2,2007,24_92
8.6,4.8,1.0,1.5,1,2,2011,25_94
8.6,19.5,1.0,4.0,1,2,2015,30_78
22.0,47.9,1.0,30.5,1,2,2013,33_75
11.3,28.0,0.945,10.0,1,2,2010,28_83
8.1,15.0,1.0,5.5,1,2,2013,25_94
69.5,49.3,0.936,1.5,1,2,2010,30_78
1.6,0.3,0.733,0.0,1,2,2011,30_70
30.5,1.3,1.0,1.0,1,1,2017,12_75
30.3,6.1,1.0,19.0,1,2,2015,26_91
57.9,11.0,0.951,0.5,1,2,2016,27_85
10.3,32.3,0.999,7.5,1,2,2013,30_79
8.3,26.3,0.935,2.0,1,2,2010,29_81
14.1,29.8,0.949,3.5,1,2,2016,27_87
0.7,26.9,0.667,2.0,0,2,2009,27_85
49.8,6.3,0.951,3.5,1,1,2011,27_85
15.3,14.7,1.0,2.5,1,2,2013,26_94
7.6,6.2,1.0,3.0,1,2,2009,29_80
26.6,33.2,0.95,4.5,1,2,2015,27_85
14.7,17.7,0.938,2.5,0,2,2010,10_77
9.8,17.6,0.927,0.5,1,1,2015,34_73
118.3,12.4,1.0,1.5,1,2,2009,29_80
11.3,15.6,0.913,2.0,1,2,2010,26_86
11.2,0.5,0.974,0.0,0,2,2007,11_77
36.0,0.8,1.0,0.0,1,2,2011,9_76
15.8,34.8,1.0,10.5,1,2,2013,30_78
16.6,14.3,1.0,7.0,1,2,2016,25_94
0.0,0.1,0.483,1.5,0,1,2015,25_91
4.2,4.8,0.926,2.5,0,2,2015,34_74
0.0,34.0,0.756,9.0,1,2,2011,33_75
332.2,19.2,1.0,0.0,1,2,2008,29_80
12.0,14.0,1.0,12.0,1,2,2013,25_94
5.1,0.3,0.564,1.5,0,2,2015,25_91
37.5,0.5,1.0,0.5,1,2,2015,24_92
22.7,1.0,0.95,13.0,1,2,2009,26_88
4.7,36.0,1.0,4.0,1,2,2015,30_78
38.3,16.4,1.0,0.0,1,2,2011,29_79
0.0,26.5,0.93,5.5,0,2,2015,34_74
0.2,32.0,0.978,7.5,0,2,2012,33_75
3.3,25.8,1.0,5.0,1,2,2013,30_78
83.1,14.0,0.944,6.0,1,2,2010,30_76
0.1,17.1,0.769,2.0,1,2,2015,33_74
34.0,8.6,1.0,1.0,1,2,2017,9_77
4.3,39.6,0.947,3.0,1,2,2010,31_78
0.1,4.6,0.391,4.5,1,1,2016,16_80
26.5,25.6,0.945,9.5,1,2,2015,26_88
0.0,33.1,0.516,0.0,0,1,2014,35_69
9.4,30.6,0.929,1.5,1,2,2011,28_82
59.0,1.2,1.0,0.0,0,2,2009,11_75
1.1,17.4,0.914,17.0,1,2,2011,26_88
9.0,2.8,0.927,3.0,0,1,2015,34_74
15.6,15.4,1.0,1.5,1,2,2008,24_93
24.7,12.8,1.0,0.0,1,2,2011,30_79
11.3,32.3,0.765,3.0,0,2,2015,36_74
19.2,28.3,1.0,1.5,1,2,2013,26_94
70.3,9.7,0.952,0.0,1,2,2014,19_73
8.0,7.8,0.934,11.0,1,2,2014,28_83
19.8,6.0,0.939,10.0,1,2,2011,27_93
86.2,24.1,0.953,0.5,1,2,2011,27_93
0.0,38.7,0.77,0.5,1,2,2010,36_73
30.5,11.1,0.943,2.0,1,1,2013,19_73
15.2,1.7,0.94,1.5,0,1,2015,33_74
17.7,2.0,1.0,1.5,0,2,2010,9_76
16.6,10.5,0.531,1.0,1,1,2014,29_80
15.0,9.2,1.0,1.5,1,2,2015,23_94
12.3,22.8,0.563,3.5,1,2,2010,34_77
10.2,37.5,0.884,7.0,1,2,2008,31_77
0.0,29.4,0.562,0.0,0,2,2014,31_77
2.8,7.0,0.924,4.0,1,2,2016,25_94
107.4,30.8,0.951,2.0,1,2,2009,28_83
5.5,19.8,1.0,8.0,1,2,2016,33_74
178.0,13.4,0.952,5.5,1,2,2014,27_85
10.4,30.3,0.886,0.0,0,2,2013,28_95
10.9,32.1,0.921,9.5,1,2,2010,32_77
3.4,11.2,0.877,2.5,0,2,2012,26_88
3.6,23.9,1.0,0.5,1,2,2015,25_93
1.4,9.8,0.952,28.5,1,2,2010,33_75
39.9,0.3,0.951,6.5,1,2,2012,22_91
0.0,0.3,0.421,1.0,0,1,2016,24_91
0.0,4.9,0.913,0.0,0,2,2015,33_74
6.0,7.2,1.0,0.0,1,2,2015,19_72
3.6,49.4,0.965,9.5,1,1,2015,33_75
3.0,0.6,0.666,1.0,1,2,2013,10_77
45.9,33.7,0.93,14.5,1,1,2011,27_88
5.2,0.3,0.919,0.0,1,2,2007,26_87
80.4,1.1,0.954,2.0,1,2,2010,21_92
53.9,16.5,0.952,6.0,1,2,2010,27_88
3.2,12.0,1.0,2.0,1,2,2010,26_94
22.4,21.7,1.0,12.0,1,2,2015,25_94
40.3,3.4,0.94,0.5,0,1,2016,22_91
11.2,13.3,0.914,6.5,1,1,2014,28_83
106.0,16.5,0.983,5.0,1,2,2010,30_78
56.8,28.8,0.952,1.5,1,2,2016,27_87
1.0,26.9,0.424,5.0,0,2,2016,29_81
4.8,26.3,0.427,0.0,0,2,2007,36_71
15.0,7.4,1.0,5.0,1,2,2007,25_93
12.5,13.0,1.0,7.0,1,2,2011,30_78
14.2,8.7,0.937,7.5,1,2,2010,23_92
11.2,0.5,1.0,0.5,1,2,2014,23_91
7.3,0.7,0.959,0.0,0,2,2007,22_91
48.9,19.8,1.0,29.5,0,2,2008,33_75
0.0,23.0,0.879,9.0,0,2,2014,33_75
24.4,14.3,0.946,4.0,1,2,2013,27_88
17.3,46.2,0.727,0.5,0,2,2012,34_74
148.1,17.0,0.953,1.5,0,2,2009,29_80
33.3,27.5,0.804,4.0,1,2,2012,29_81
20.7,11.8,1.0,1.5,1,2,2011,9_76
31.6,24.5,0.984,2.0,1,2,2010,26_94
4.9,21.6,1.0,3.5,1,2,2013,26_94
5.0,3.0,0.543,0.0,0,1,2014,18_73
73.0,2.2,0.956,0.0,1,2,2014,24_73
27.8,0.4,1.0,23.0,1,1,2014,26_91
8.9,0.3,0.936,0.5,1,2,2011,24_93
0.3,10.3,0.905,1.0,1,2,2007,28_81
43.4,4.8,1.0,0.0,0,2,2007,33_73
2.7,12.5,0.896,1.0,0,2,2008,33_74
77.7,10.6,0.952,5.0,1,2,2012,27_85
3.6,0.7,0.661,0.0,0,1,2016,8_77
13.4,9.3,0.941,1.5,1,2,2015,23_93
25.3,1.9,0.91,0.0,1,2,2014,24_85
33.7,1.6,0.804,3.5,1,1,2016,15_73
36.4,46.3,0.947,7.0,1,2,2011,30_79
43.3,27.2,0.937,13.5,1,2,2009,27_88
5.0,0.1,0.906,0.0,1,2,2015,25_88
24.4,28.3,1.0,2.5,1,2,2015,25_90
24.1,22.1,0.95,5.5,1,2,2016,27_85
6.0,21.3,1.0,0.5,1,2,2010,25_94
8.6,8.2,0.931,1.5,1,2,2014,28_83
11.3,19.8,0.942,0.5,1,2,2007,27_83
1.8,10.4,1.0,12.5,0,2,2010,25_94
27.2,3.9,1.0,0.0,1,2,2016,25_91
68.8,10.1,1.0,1.0,1,2,2013,9_77
33.5,3.4,1.0,0.0,1,2,2015,17_73
2.5,3.7,0.391,3.0,0,2,2010,24_93
0.0,8.2,0.91,0.0,0,2,2007,34_69
22.4,24.9,1.0,4.5,1,2,2013,30_78
16.7,40.4,0.684,0.0,0,1,2015,36_73
31.8,1.2,1.0,2.5,1,2,2012,10_76
3.2,10.5,0.624,0.5,1,2,2015,34_72
49.7,1.3,0.952,6.5,1,2,2011,22_91
12.0,24.3,0.932,2.0,1,2,2014,28_82
10.7,2.8,0.94,0.5,1,2,2014,27_82
2.3,30.3,0.922,1.0,1,2,2014,28_82
10.0,25.5,1.0,7.0,1,1,2013,30_78
50.4,1.5,1.0,21.0,0,2,2010,26_91
12.7,1.0,1.0,0.0,1,2,2008,13_75
50.9,18.2,0.943,4.5,1,2,2007,27_83
10.2,15.3,0.921,5.0,1,2,2012,27_84
8.8,27.6,0.936,12.5,1,2,2010,28_83
0.2,36.5,0.849,5.5,0,2,2011,30_79
18.0,1.7,0.908,1.5,1,2,2011,29_78
24.3,56.0,0.935,2.5,1,2,2015,28_84
17.0,3.7,0.95,0.5,1,1,2015,21_92
30.6,1.6,1.0,22.5,1,1,2017,26_91
40.2,4.6,1.0,0.5,1,2,2015,25_92
22.3,31.5,0.947,3.5,1,2,2010,27_87
10.6,26.9,0.939,0.5,1,2,2015,24_94
30.8,1.9,0.993,0.5,1,2,2011,15_73
4.4,19.8,0.937,0.0,1,2,2016,29_94
55.6,0.8,1.0,0.0,1,2,2012,27_95
6.1,10.3,1.0,0.5,0,2,2014,20_97
11.2,13.4,0.914,6.5,1,2,2014,28_83
0.3,1.0,0.898,0.5,1,2,2016,12_77
0.0,21.0,0.779,4.5,0,2,2010,27_83
19.7,21.2,0.994,31.5,0,2,2008,33_75
64.1,25.4,0.951,2.5,1,2,2016,27_85
5.3,11.4,0.887,1.0,1,1,2013,18_83
12.5,0.6,0.786,8.0,1,2,2010,19_72
13.6,7.0,0.93,2.5,1,2,2009,27_86
6.2,2.8,0.911,0.5,1,2,2010,23_91
16.3,37.2,1.0,2.0,1,2,2010,31_77
11.9,27.1,0.716,1.0,1,2,2014,28_82
14.8,23.8,0.885,2.0,1,2,2014,33_74
23.0,2.3,0.842,7.5,1,2,2016,33_74
29.0,26.6,0.951,6.5,0,1,2014,34_74
26.1,32.8,0.952,1.5,0,2,2010,25_93
22.4,24.5,0.945,4.5,1,2,2010,27_84
35.4,30.6,0.951,3.5,1,2,2015,28_85
14.4,23.3,0.94,0.0,1,2,2013,29_82
9.6,17.3,1.0,4.0,1,2,2013,30_78
0.0,50.2,0.676,0.0,0,2,2015,36_74
10.8,30.5,0.966,3.0,1,2,2010,32_77
5.1,0.4,0.67,0.0,0,2,2015,12_80
8.4,15.6,1.0,0.5,1,2,2011,30_78
8.5,26.9,1.0,7.5,0,2,2015,33_75
1.3,4.7,1.0,18.5,1,2,2015,26_91
83.3,35.7,0.946,6.0,1,2,2010,30_78
63.1,18.2,0.953,0.5,1,2,2015,24_94
70.3,0.3,0.901,5.5,1,2,2010,12_74
6.1,17.9,1.0,2.5,1,2,2016,31_77
13.8,22.4,0.949,1.0,1,2,2010,27_87
3.1,21.0,0.902,5.0,1,2,2016,26_88
11.8,15.3,1.0,11.0,1,2,2010,31_77
152.0,34.2,0.947,3.0,1,2,2015,28_84
5.3,11.9,0.731,4.0,0,2,2011,30_78
17.9,11.4,1.0,7.0,0,2,2010,25_94
12.2,60.0,0.938,3.0,0,2,2015,28_85
3.3,29.1,0.866,2.0,1,2,2015,33_74
2.7,12.2,1.0,11.0,1,1,2011,31_77
0.0,21.7,0.747,2.5,0,2,2015,31_77
174.6,14.1,0.949,3.0,1,2,2016,28_82
6.5,3.1,0.744,0.5,1,2,2011,32_74
34.8,45.3,0.949,1.5,1,2,2009,27_88
21.4,35.1,0.943,13.0,1,2,2013,28_83
17.7,26.5,0.946,0.0,1,2,2013,35_74
16.2,11.2,1.0,2.5,0,2,2015,33_74
28.3,11.2,0.944,10.5,1,2,2011,28_83
5.8,22.2,0.937,2.5,1,2,2013,27_86
19.5,25.1,0.949,5.0,1,2,2010,27_85
0.0,38.5,0.888,2.5,0,2,2016,29_80
31.2,30.7,0.938,8.0,1,2,2009,27_88
15.7,4.6,1.0,5.0,1,2,2014,25_96
26.0,6.2,0.947,9.0,1,1,2014,28_83
39.6,25.7,0.943,4.0,1,2,2012,28_83
0.2,3.4,0.965,2.5,0,2,2014,25_90
44.0,20.2,0.949,1.0,1,2,2011,27_86
3.9,23.7,1.0,7.0,1,2,2013,30_79
68.2,6.8,0.951,1.0,1,2,2010,29_79
21.7,3.2,1.0,19.0,0,2,2013,26_91
17.9,12.6,0.95,3.0,1,2,2010,28_84
37.8,3.6,0.792,2.0,1,2,2011,15_73
5.8,34.5,1.0,0.0,1,2,2013,25_94
20.5,33.5,0.562,0.0,0,2,2015,34_73
4.9,9.0,1.0,4.0,1,2,2013,26_94
0.0,6.5,0.287,0.5,0,2,2013,22_91
0.0,7.2,0.346,0.0,1,2,2016,24_85
55.8,3.4,1.0,22.0,1,1,2014,26_91
31.2,12.2,0.946,0.5,1,2,2013,27_83
7.0,38.2,1.0,29.5,1,2,2007,33_75
41.3,28.1,1.0,1.0,1,2,2010,31_77
21.7,29.3,0.948,1.5,1,2,2015,29_81
1.3,1.3,0.706,0.0,0,2,2010,8_77
10.6,11.8,0.937,2.0,1,2,2015,27_85
14.5,41.3,1.0,7.5,1,2,2010,30_79
75.5,24.5,1.0,8.0,1,1,2014,33_74
37.3,9.9,0.981,0.5,1,2,2008,28_80
19.4,21.4,0.937,13.5,1,1,2014,27_88
3.5,13.3,0.843,3.0,1,2,2012,27_88
20.8,26.6,0.949,2.5,1,2,2016,28_83
21.8,6.0,1.0,0.0,1,2,2013,15_74
3.6,15.1,1.0,0.5,1,2,2016,25_94
27.3,17.2,1.0,3.5,1,2,2015,26_94
202.3,30.5,0.953,6.5,1,2,2014,27_84
44.5,1.4,0.881,5.5,1,2,2011,12_74
20.3,15.6,0.95,2.0,1,1,2013,29_80
4.7,14.3,0.922,4.0,1,2,2015,24_93
17.2,17.7,1.0,2.0,0,2,2015,33_74
4.7,21.0,0.885,8.0,0,2,2016,27_84
8.8,20.5,0.943,1.0,1,2,2011,27_90
37.1,24.1,0.952,17.0,1,2,2009,26_88
53.0,39.1,1.0,31.0,0,2,2015,33_75
17.1,14.8,0.943,2.0,0,2,2015,28_85
15.3,39.7,0.936,2.0,1,2,2016,29_82
32.6,9.2,0.989,5.0,1,1,2015,18_73
51.9,3.3,1.0,1.0,1,2,2015,25_92
81.8,18.7,0.95,0.0,0,2,2014,19_84
13.6,20.2,0.937,0.0,1,2,2015,34_76
12.6,55.0,0.944,0.0,1,2,2015,27_96
102.6,30.4,0.953,7.5,1,2,2013,29_81
5.0,21.0,0.989,4.5,1,2,2015,32_76
27.7,14.6,1.0,0.0,0,2,2011,34_73
7.0,26.4,0.937,0.5,0,2,2016,28_96
68.5,22.2,0.95,0.0,0,2,2009,10_77
114.9,1.4,0.955,6.5,1,1,2015,22_91
28.4,49.8,0.799,3.0,0,1,2015,35_73
55.8,3.1,1.0,19.0,1,1,2014,26_91
29.7,23.1,1.0,3.5,1,2,2014,32_76
13.1,19.3,0.943,1.0,1,2,2012,27_86
34.6,14.5,0.941,9.0,1,2,2010,27_88
19.4,26.0,0.943,4.0,1,1,2016,27_87
6.0,22.5,0.328,1.5,1,2,2013,35_73
4.0,23.7,0.77,2.0,1,1,2014,28_82
1.8,7.4,1.0,5.0,0,2,2016,25_96
68.9,33.0,0.953,2.0,1,2,2013,31_78
47.4,1.6,0.95,0.5,1,2,2015,18_82
0.0,0.5,0.313,1.5,0,1,2015,28_77
31.8,10.0,0.949,11.0,1,2,2015,28_83
28.1,27.9,0.948,2.5,0,2,2011,34_74
7.4,16.8,1.0,5.0,1,2,2010,30_78
32.4,2.2,0.951,5.5,1,2,2010,30_78
19.0,35.5,0.945,5.5,1,2,2007,30_79
0.0,2.5,0.804,4.5,0,2,2010,16_80
33.9,16.2,0.955,6.0,1,2,2011,28_83
20.8,14.5,0.946,2.5,1,2,2008,26_87
9.3,24.1,1.0,2.5,1,2,2013,26_94
77.8,49.0,0.95,2.5,1,2,2013,31_78
38.5,30.4,0.943,0.0,1,2,2009,27_86
12.4,11.6,0.944,4.0,1,2,2009,27_88
23.0,38.7,0.948,2.0,1,2,2008,27_85
0.0,41.1,0.806,3.0,1,2,2014,31_78
36.2,0.4,0.732,0.5,1,2,2007,11_75
2.0,13.3,0.471,8.5,0,2,2012,32_75
4.8,18.7,1.0,12.5,1,2,2010,25_94
10.0,3.9,1.0,21.5,1,1,2016,26_91
6.9,11.9,0.87,2.5,0,2,2015,34_74
34.7,9.3,1.0,2.5,1,2,2010,30_78
1.0,0.5,0.488,0.0,1,2,2015,22_91
10.6,31.8,0.911,8.5,1,2,2009,32_77
16.4,11.7,0.99,2.0,1,2,2015,24_94
26.2,16.4,1.0,0.0,0,2,2010,25_94
178.1,3.7,0.931,1.0,0,2,2014,18_82
121.0,22.1,0.955,9.0,1,2,2007,27_88
17.8,26.3,0.947,10.5,1,2,2016,27_84
20.1,25.3,0.474,0.0,0,1,2016,30_77
0.0,12.2,0.883,1.0,0,2,2014,34_73
28.6,31.7,0.949,4.0,1,2,2015,27_85
0.0,0.1,0.482,0.5,0,1,2015,28_77
2.5,18.2,1.0,0.5,1,2,2010,31_77
10.4,26.2,1.0,31.5,0,2,2011,33_75
36.7,29.8,0.952,1.0,0,2,2016,35_73
0.0,13.1,0.762,0.5,0,2,2012,33_73
35.3,7.2,1.0,2.5,1,2,2012,9_76
3.1,17.0,0.361,1.0,1,2,2010,36_74
10.5,18.6,0.916,2.0,1,2,2015,29_81
6.8,24.4,0.922,5.0,0,2,2016,27_85
1.6,23.6,0.926,2.5,1,2,2015,26_87
46.4,39.2,1.0,0.5,0,2,2010,34_73
22.1,28.4,0.951,0.0,1,2,2012,29_95
3.5,2.1,0.905,1.0,1,2,2014,34_74
137.7,12.8,0.956,2.0,1,2,2013,28_82
12.0,13.5,1.0,3.0,1,2,2013,29_79
75.5,2.4,0.952,3.5,1,2,2012,21_92
0.0,32.9,0.656,2.5,0,2,2015,28_84
19.8,10.9,0.937,12.5,1,2,2011,26_88
0.0,30.7,0.6,9.0,0,2,2008,32_77
10.4,0.8,0.931,4.0,1,2,2011,27_85
8.8,37.5,0.939,0.5,1,2,2008,29_81
28.3,21.9,0.942,6.0,1,2,2010,28_83
5.6,29.2,0.934,3.5,1,2,2013,30_78
36.3,1.4,0.786,3.5,1,2,2011,15_73
4.9,19.8,0.903,0.0,1,2,2010,32_75
11.5,30.9,0.938,1.0,1,2,2016,33_74
84.8,20.5,1.0,0.5,1,2,2010,30_77
7.9,10.6,1.0,5.0,1,1,2015,18_73
9.1,14.2,0.939,3.5,1,2,2010,27_86
61.7,13.7,0.997,0.5,1,1,2013,31_76
2.1,21.1,0.901,8.0,0,1,2015,11_76
3.2,1.3,0.905,8.0,1,2,2013,19_72
31.2,28.6,0.94,4.5,1,2,2013,28_83
0.0,8.0,0.816,1.0,0,2,2010,28_82
10.9,24.6,0.94,9.5,1,2,2016,27_84
29.7,29.0,0.687,1.5,0,2,2015,35_71
55.2,13.8,0.953,1.0,1,2,2016,28_84
12.0,13.5,1.0,3.0,1,2,2013,29_79
4.2,11.3,0.86,5.5,1,2,2010,27_83
4.1,20.4,1.0,0.5,1,2,2013,30_78
17.5,17.9,0.943,6.0,1,2,2010,28_83
58.6,16.0,1.0,0.0,1,2,2016,32_75
1.9,31.5,1.0,1.0,1,2,2010,35_74
49.4,4.4,0.951,6.0,1,2,2011,27_84
103.9,4.6,1.0,3.5,1,2,2013,9_76
8.3,16.4,1.0,2.5,1,2,2016,29_80
7.0,17.6,0.927,6.0,1,2,2007,29_81
20.0,22.7,0.939,4.5,1,2,2008,29_81
17.0,25.0,0.947,2.5,1,2,2010,27_85
57.5,17.2,0.944,4.0,1,1,2015,27_85
12.9,11.4,1.0,7.0,1,2,2013,30_78
55.8,2.1,1.0,23.0,1,1,2014,26_91
29.1,28.0,0.948,2.0,1,2,2016,29_81
0.0,0.0,1.0,0.0,0,2,2008,26_91
88.3,8.8,1.0,0.0,1,2,2014,33_74
28.8,4.3,1.0,1.5,1,2,2013,26_95
14.0,9.5,1.0,7.5,1,2,2011,25_94
77.8,5.1,1.0,3.0,1,2,2010,16_73
2.0,29.8,0.882,1.0,1,2,2011,35_76
6.5,7.2,1.0,0.5,0,2,2016,14_74
1.4,23.1,0.902,7.0,1,2,2013,27_88
1.9,47.2,0.92,2.5,0,1,2015,28_84
96.2,17.4,0.952,1.5,1,2,2016,27_87
145.9,17.0,0.951,15.0,0,2,2009,27_88
11.4,31.3,0.95,2.5,1,2,2009,27_86
7.3,10.7,1.0,4.0,1,2,2009,25_93
9.0,33.8,0.929,0.0,1,2,2013,28_82
6.8,0.1,0.873,0.0,1,2,2007,22_88
9.5,36.8,0.927,0.0,1,2,2015,36_72
53.9,36.5,0.947,3.5,1,2,2010,27_88
161.2,28.8,1.0,1.5,1,2,2013,32_76
23.7,10.7,0.967,0.0,1,1,2013,11_76
45.8,36.6,0.952,0.5,1,2,2012,27_89
43.3,15.8,0.937,13.0,1,2,2009,27_88
14.8,28.8,0.925,8.0,1,2,2010,27_88
68.8,18.4,1.0,0.5,1,2,2013,30_77
63.4,2.8,1.0,1.0,1,2,2008,29_80
119.6,5.5,1.0,3.0,1,2,2010,16_73
0.7,30.8,0.757,13.0,0,1,2014,28_83
53.6,18.2,0.947,0.0,1,2,2015,31_76
7.5,3.7,0.807,1.5,1,2,2010,35_75
1.3,5.0,0.597,10.5,1,2,2010,19_72
21.8,22.8,1.0,1.0,1,2,2011,30_78
0.0,15.2,0.824,0.0,0,2,2013,25_94
12.2,15.3,0.945,3.0,1,2,2010,28_82
97.7,15.0,0.949,10.5,1,2,2011,28_83
8.8,42.8,0.926,0.0,1,2,2015,34_75
35.7,10.4,0.94,6.5,1,2,2013,31_76
5.1,24.1,1.0,3.5,1,2,2010,26_94
12.3,9.7,0.935,5.5,1,2,2013,27_93
24.0,11.6,1.0,0.0,1,1,2016,18_73
35.3,6.8,1.0,17.0,1,2,2015,26_91
16.1,7.0,1.0,4.0,1,2,2011,25_94
21.4,26.0,1.0,2.5,1,2,2013,30_79
27.6,5.9,1.0,1.5,1,2,2010,12_75
11.0,10.7,1.0,2.5,0,1,2016,33_73
3.8,3.6,0.971,0.5,1,2,2010,17_73
18.0,23.2,0.947,5.0,1,2,2010,29_81
3.9,14.2,1.0,5.0,1,2,2013,30_79
86.2,1.8,0.898,5.0,1,2,2016,15_73
14.1,32.1,1.0,2.0,1,1,2015,31_77
14.9,40.9,0.411,2.5,0,2,2013,34_75
14.3,11.3,0.935,12.5,1,1,2015,27_88
0.0,23.2,0.921,16.5,0,2,2012,33_75
31.8,29.3,0.951,5.0,1,1,2014,30_78
0.5,1.5,0.432,4.0,0,1,2016,30_78
117.3,10.4,1.0,3.0,1,1,2013,10_76
10.0,21.8,0.947,0.0,1,2,2013,31_78
1.5,22.0,0.953,2.0,1,2,2012,27_88
0.4,33.3,0.93,0.0,0,2,2012,28_85
46.1,25.6,0.946,0.5,1,2,2012,27_86
139.4,20.8,1.0,3.0,1,2,2016,30_78
4.7,23.9,1.0,8.5,1,1,2013,32_75
39.6,0.2,0.937,0.0,1,2,2010,30_77
67.3,36.9,0.949,4.5,1,2,2016,28_85
8.9,2.6,1.0,0.5,1,2,2011,26_93
1.6,10.6,0.929,2.5,1,2,2012,27_84
7.5,15.2,1.0,2.0,1,2,2007,25_93
2.7,3.1,0.663,1.0,1,2,2013,15_73
7.3,45.6,0.937,1.5,1,2,2010,28_83
0.9,1.7,0.42,4.5,0,1,2014,15_73
52.9,8.1,1.0,0.0,1,1,2008,14_74
52.0,17.8,1.0,3.0,1,2,2015,25_94
12.6,45.3,0.939,6.5,1,2,2010,30_78
44.3,7.4,1.0,1.0,1,2,2014,30_78
15.8,17.1,0.944,5.5,1,2,2015,27_85
64.4,7.2,0.952,4.0,1,2,2010,27_85
25.3,0.6,1.0,3.0,0,2,2010,24_93
78.9,14.3,0.952,1.0,0,2,2010,18_83
36.2,17.7,0.944,4.5,1,2,2013,27_83
0.0,24.3,0.603,1.5,1,2,2016,35_71
17.3,31.3,0.924,12.5,1,2,2007,27_88
83.8,3.9,0.951,2.0,0,2,2010,20_92
54.6,7.5,0.951,8.0,1,2,2011,28_83
11.8,22.5,0.917,5.0,1,2,2009,27_88
10.4,16.7,0.948,4.5,1,2,2011,27_85
23.9,21.2,0.949,2.5,1,2,2009,26_87
37.3,49.9,0.948,3.0,1,2,2016,28_85
15.4,13.6,0.949,2.5,1,2,2012,27_86
21.8,5.9,0.942,10.0,1,2,2011,27_93
14.7,5.2,0.901,7.5,1,2,2010,19_73
9.1,41.6,1.0,1.0,1,2,2010,35_74
47.7,1.4,0.951,2.5,1,2,2015,22_92
6.4,29.3,0.906,8.0,1,2,2010,27_88
10.5,48.9,0.935,5.5,1,2,2013,30_78
95.7,7.4,1.0,0.5,1,2,2010,25_91
23.6,24.7,0.951,13.0,1,2,2013,28_83
24.0,5.2,1.0,2.5,1,2,2010,30_79
32.8,15.6,0.946,9.0,1,2,2011,27_88
24.5,22.8,0.949,2.5,1,2,2011,27_86
0.0,6.5,0.887,0.0,0,2,2007,33_73
50.9,27.8,0.945,0.5,0,2,2007,34_74
84.4,9.7,1.0,1.5,1,2,2011,9_77
10.8,0.1,0.918,1.0,1,2,2008,27_94
17.6,18.1,0.922,2.5,1,2,2010,28_82
4.7,19.9,1.0,0.0,1,2,2013,30_78
34.1,26.3,0.942,3.0,1,2,2016,28_85
7.1,3.4,1.0,22.5,1,1,2014,26_91
2.6,21.9,0.565,0.0,1,2,2015,36_75
16.9,35.3,0.941,13.0,1,2,2015,28_83
25.7,3.0,0.946,2.0,1,2,2012,33_74
15.0,10.9,0.941,5.5,1,2,2011,27_83
21.5,22.5,1.0,1.5,1,2,2007,25_93
2.4,47.9,0.898,5.0,0,2,2013,32_77
99.2,41.2,0.953,1.5,1,2,2007,27_89
5.8,36.2,1.0,7.0,1,2,2013,30_79
118.2,23.6,1.0,1.0,1,2,2010,30_78
0.5,0.5,0.875,0.0,1,2,2013,21_83
12.4,5.8,0.943,0.0,1,2,2011,27_92
11.6,11.6,0.943,9.5,1,2,2010,27_84
0.0,24.9,0.853,10.5,0,1,2016,26_88
13.7,0.7,0.81,5.5,1,2,2010,12_74
0.2,4.8,0.735,5.0,0,2,2016,25_96
57.6,33.6,0.928,2.5,1,2,2008,31_78
0.6,28.2,0.501,6.5,0,2,2010,34_74
54.9,17.5,0.95,17.0,1,2,2012,26_88
7.8,25.8,0.917,10.0,1,2,2010,27_84
31.8,0.4,1.0,4.0,1,2,2012,10_76
18.9,9.6,0.981,2.5,0,2,2008,24_92
42.4,20.7,0.946,1.5,1,2,2011,28_82
32.9,4.7,0.817,7.5,1,2,2012,33_74
11.5,39.5,1.0,1.5,1,2,2011,31_77
20.0,43.4,0.908,1.5,1,2,2017,29_80
19.9,18.5,0.94,6.0,1,2,2009,27_84
21.8,21.4,0.978,4.0,1,2,2015,25_93
0.1,60.0,0.696,1.0,0,2,2010,36_74
27.5,9.5,1.0,11.0,1,2,2010,31_77
0.0,6.5,0.852,0.0,0,2,2016,31_95
12.8,5.8,1.0,1.5,1,2,2012,25_92
0.0,25.7,0.531,9.0,0,2,2016,27_84
78.7,11.6,0.951,7.0,1,2,2010,28_83
43.8,6.3,0.952,3.5,1,2,2010,28_84
2.0,0.4,1.0,4.5,1,2,2014,9_76
38.2,25.5,0.948,5.5,1,2,2010,27_84
63.6,29.9,0.952,1.5,1,2,2011,27_86
102.9,13.1,0.951,5.5,1,2,2011,27_83
29.2,7.3,0.978,0.0,1,2,2014,33_73
14.6,44.6,0.751,1.0,0,2,2014,34_73
13.9,10.2,0.943,1.5,1,2,2010,24_93
39.7,24.2,1.0,12.0,1,2,2015,25_94
22.8,8.8,1.0,2.5,1,2,2015,30_78
4.5,20.6,0.937,6.5,1,2,2014,27_85
2.3,11.3,0.928,7.0,1,2,2008,28_84
9.3,18.3,0.934,3.5,1,2,2010,31_77
8.7,8.9,1.0,5.0,1,2,2015,18_73
1.1,24.7,0.857,6.5,1,2,2010,34_74
56.9,35.9,0.952,0.0,1,2,2008,27_90
44.4,11.5,0.953,0.0,1,2,2015,28_94
36.2,11.7,0.943,1.5,0,2,2008,33_74
3.2,8.9,1.0,9.0,1,2,2014,27_93
10.0,8.1,1.0,2.5,1,2,2007,25_91
0.2,1.2,0.854,6.5,1,2,2008,22_91
3.6,27.7,0.916,4.0,1,2,2010,28_83
0.4,13.6,0.567,0.0,0,2,2011,29_79
107.7,21.4,0.95,10.5,1,2,2015,28_83
30.7,0.5,0.94,3.0,1,2,2009,26_88
21.0,33.3,0.943,3.0,1,2,2016,28_84
0.0,20.8,0.895,17.5,0,2,2016,26_88
130.7,36.8,0.952,2.5,1,2,2013,28_84
27.9,0.6,1.0,0.0,1,2,2009,11_76
66.0,6.8,1.0,0.0,1,2,2016,18_73
15.3,18.1,0.935,0.0,1,2,2015,23_93
11.5,0.2,0.911,0.0,1,2,2011,28_79
7.8,18.0,0.94,2.0,1,2,2008,27_86
52.0,16.3,0.945,14.0,1,2,2014,28_83
167.4,20.6,1.0,1.5,1,2,2013,29_80
13.4,4.9,0.896,0.0,1,2,2016,27_85
8.6,4.9,0.886,10.0,1,2,2009,28_83
12.8,4.5,0.508,3.0,1,2,2010,34_77
0.0,0.1,0.298,0.0,0,2,2010,26_68
55.2,29.4,1.0,28.5,0,2,2014,33_75
70.9,28.6,0.951,0.0,1,2,2013,29_82
0.0,7.3,0.134,0.5,1,2,2014,33_74
125.6,12.2,1.0,2.5,1,1,2014,25_91
10.0,14.3,1.0,3.5,0,2,2011,9_76
63.0,5.1,1.0,3.0,1,2,2010,16_73
11.1,26.7,0.944,0.5,0,2,2015,35_71
12.2,7.0,1.0,0.5,1,2,2012,25_92
28.1,31.8,0.949,0.0,1,2,2010,27_87
111.4,29.5,0.952,16.0,1,2,2009,26_88
11.4,22.8,0.915,5.5,1,2,2012,24_93
1.9,21.0,0.907,3.5,1,2,2007,27_84
35.4,24.0,0.956,2.0,1,2,2013,27_88
0.5,20.6,0.919,8.0,0,1,2015,11_76
47.5,31.9,0.979,0.0,1,2,2010,29_79
0.0,22.9,0.984,2.5,1,2,2007,29_80
28.9,8.2,1.0,1.0,1,2,2010,30_77
9.3,18.8,1.0,2.5,1,2,2010,25_92
0.0,19.0,0.863,0.0,0,1,2016,35_71
14.4,12.5,1.0,13.5,1,2,2010,25_94
96.7,34.2,0.952,1.5,1,2,2016,27_88
20.8,17.0,0.949,2.5,1,2,2016,28_83
17.9,26.6,0.98,2.0,1,2,2012,30_77
84.4,36.6,0.954,1.5,1,2,2013,29_81
7.1,1.0,0.912,0.0,1,1,2014,25_89
13.9,8.7,1.0,0.0,0,2,2010,23_96
0.3,15.3,1.0,1.5,0,2,2012,32_76
9.8,22.2,1.0,31.5,0,2,2015,33_75
2.3,14.3,0.936,3.0,1,2,2008,28_84
0.0,0.1,0.669,0.0,1,2,2015,32_72
10.3,10.2,1.0,3.5,1,2,2016,26_94
40.6,19.8,0.948,3.0,1,2,2016,28_82
45.8,26.9,0.952,1.5,1,2,2016,27_87
2.1,12.3,0.828,1.0,1,2,2015,11_78
48.2,11.6,0.922,4.5,1,2,2013,32_76
0.0,10.2,0.715,2.5,0,2,2007,28_82
27.8,1.2,1.0,23.0,1,1,2014,26_91
43.5,4.0,0.913,10.0,1,2,2011,19_72
0.3,34.0,1.0,3.0,0,1,2015,34_75
54.9,28.9,0.763,5.5,0,2,2014,34_74
152.3,3.7,0.95,7.0,1,2,2015,28_84
92.6,0.6,0.953,3.5,1,1,2015,21_92
74.9,23.5,1.0,2.5,1,2,2013,30_77
0.0,0.2,0.423,3.0,0,2,2012,21_91
7.1,24.3,1.0,4.5,1,1,2015,30_78
4.1,15.1,0.964,1.5,1,2,2007,24_94
7.9,24.3,0.934,1.5,0,2,2010,27_89
22.2,8.1,0.891,0.0,1,2,2011,32_75
0.0,0.6,0.743,0.0,1,2,2012,20_77
9.6,31.9,0.705,1.0,1,2,2010,34_77
11.3,11.4,0.972,11.5,1,2,2012,31_77
13.2,15.1,1.0,12.0,1,2,2015,25_94
24.1,15.0,1.0,8.5,0,2,2010,33_75
17.3,21.2,0.95,6.0,1,2,2010,34_73
26.5,25.7,0.949,16.0,1,2,2015,26_88
107.7,27.7,0.95,8.5,1,2,2015,28_83
63.6,28.4,0.952,2.5,1,2,2011,27_86
2.0,0.4,1.0,0.0,1,2,2007,15_78
10.8,0.4,0.967,0.5,1,1,2014,9_76
119.0,16.8,0.954,0.0,1,2,2013,28_82
47.4,0.5,0.827,4.5,0,2,2010,16_80
16.4,8.4,0.882,2.5,0,2,2014,28_82
70.3,15.9,0.964,9.0,1,2,2012,27_88
10.8,21.4,0.833,8.5,1,2,2016,32_75
3.9,31.2,1.0,4.5,1,2,2012,30_78
14.4,24.4,0.948,0.0,1,2,2010,35_72
67.0,22.5,0.943,1.0,1,2,2013,29_80
15.4,22.8,0.949,1.5,1,2,2014,27_86
22.3,27.1,1.0,31.5,0,2,2011,33_75
63.4,15.4,0.987,11.0,1,2,2008,31_77
0.0,4.1,0.579,0.5,1,1,2014,34_73
0.9,39.5,0.976,3.0,1,2,2007,29_80
88.8,38.0,0.95,7.0,1,2,2015,28_83
12.3,35.8,1.0,1.0,0,2,2015,35_74
1.5,17.1,0.883,7.0,1,2,2011,32_77
33.3,9.4,0.968,2.0,1,2,2015,24_94
18.4,9.9,0.946,4.5,1,1,2016,27_85
5.3,18.7,1.0,7.5,1,2,2013,30_79
0.0,15.9,0.859,0.0,1,2,2010,28_81
13.0,11.4,0.942,7.5,1,2,2010,23_92
12.9,22.7,0.813,7.5,0,2,2010,33_74
122.3,35.5,1.0,4.0,1,2,2013,30_79
38.9,13.8,1.0,2.5,1,2,2008,26_94
17.6,26.8,1.0,2.0,1,2,2010,31_77
22.2,36.2,0.952,0.0,0,2,2013,35_74
12.1,5.8,1.0,0.0,0,2,2014,10_76
10.6,30.1,0.366,0.0,1,2,2013,35_74
23.1,35.0,0.684,2.5,1,2,2010,36_74
3.6,34.1,0.934,5.0,1,2,2010,28_83
16.4,19.7,1.0,2.0,1,2,2015,23_94
12.3,0.1,1.0,0.0,1,2,2015,26_91
49.3,26.6,0.948,1.5,1,2,2010,27_89
23.8,35.2,0.867,2.5,0,2,2015,34_73
10.6,5.7,0.688,0.5,0,1,2015,11_77
4.7,15.2,0.928,0.0,1,2,2011,29_94
10.3,18.3,0.943,0.0,1,2,2013,21_92
17.1,11.6,0.947,1.0,1,2,2010,27_83
32.6,22.2,0.948,1.5,1,2,2016,27_86
160.5,3.3,0.965,1.5,1,2,2016,29_78
1.6,8.5,0.204,0.0,1,2,2012,33_77
20.8,42.3,0.943,5.5,1,2,2011,32_77
24.7,3.9,1.0,1.0,1,2,2012,9_77
10.5,56.9,0.453,0.5,0,2,2011,35_74
42.9,31.1,1.0,2.5,0,2,2011,34_73
29.0,7.0,1.0,12.5,1,2,2008,25_94
5.0,8.2,0.96,2.0,1,2,2007,24_94
16.1,4.3,0.95,1.5,1,2,2013,28_82
3.5,3.3,0.958,4.5,1,2,2010,16_80
38.1,26.4,0.57,1.0,1,2,2009,31_78
117.3,8.2,1.0,4.0,1,2,2013,10_76
5.3,25.0,0.626,7.5,0,2,2010,33_74
23.0,60.0,0.751,1.5,0,2,2014,35_73
12.3,7.7,0.508,3.0,1,2,2010,34_77
0.1,25.1,0.976,0.0,1,2,2010,36_75
19.4,20.0,0.948,8.0,0,2,2012,11_76
10.0,13.3,1.0,1.5,1,2,2010,24_93
58.5,12.6,0.954,8.5,1,2,2010,30_77
28.1,3.4,1.0,22.0,1,2,2017,26_91
6.3,25.5,0.917,13.0,1,2,2011,27_88
27.2,2.4,0.886,8.5,1,2,2013,19_73
1.0,8.3,0.744,8.5,0,2,2016,30_77
32.3,3.0,1.0,2.0,1,2,2013,16_73
5.0,46.6,0.589,0.0,1,2,2010,32_76
15.2,20.9,0.94,6.5,1,2,2016,29_81
9.7,51.8,0.934,7.0,1,2,2015,30_79
3.4,23.7,0.995,11.0,1,2,2013,31_77
28.9,6.2,0.885,0.5,1,2,2013,33_74
10.2,13.9,0.924,4.5,1,2,2010,24_93
76.6,0.6,0.952,3.5,1,2,2011,18_72
3.2,15.8,0.311,0.5,1,2,2010,32_77
15.6,11.1,0.937,6.5,1,2,2016,27_83
30.0,13.7,0.968,2.5,1,2,2007,29_80
1.7,12.6,1.0,0.5,1,2,2015,33_74
113.2,37.1,0.955,6.5,1,2,2014,34_73
0.0,8.2,0.341,8.5,0,2,2008,30_77
33.1,2.1,0.902,2.0,0,2,2008,20_92
8.6,8.5,0.881,8.0,1,2,2015,23_92
80.4,1.9,0.954,2.0,1,2,2010,21_92
3.0,11.5,1.0,0.0,1,2,2009,29_80
66.2,9.7,1.0,11.0,1,2,2008,31_77
19.2,19.3,0.997,1.5,1,2,2013,26_94
2.0,34.1,0.451,1.0,1,2,2013,31_78
4.8,6.1,1.0,5.0,0,2,2016,25_96
84.4,43.1,0.95,2.5,1,2,2013,28_83
12.3,41.6,0.798,0.0,1,2,2013,30_80
76.9,1.5,1.0,0.0,1,2,2010,16_73
40.7,1.7,1.0,2.0,1,2,2010,17_73
36.5,10.6,1.0,11.0,1,1,2015,31_77
6.2,12.0,0.649,0.0,1,2,2015,32_75
51.9,15.3,1.0,2.0,1,1,2015,25_92
100.1,26.1,0.943,1.0,1,2,2009,29_80
29.9,29.2,0.943,2.0,1,2,2010,26_86
14.7,29.3,0.938,1.5,1,2,2015,31_78
22.4,15.7,0.945,6.0,1,2,2011,29_81
0.0,0.6,0.599,0.0,0,1,2015,24_88
29.8,34.6,0.945,2.0,1,1,2015,30_80
28.3,7.9,0.948,7.5,0,2,2009,23_92
15.4,4.6,0.939,2.0,1,2,2008,28_82
11.7,2.7,1.0,23.0,1,2,2016,26_91
12.9,21.7,0.937,2.5,1,2,2013,27_86
66.6,7.0,1.0,1.5,1,2,2015,25_92
11.9,9.3,0.927,6.5,1,2,2011,31_76
0.0,21.1,0.909,9.5,0,2,2016,27_88
3.2,32.7,1.0,29.5,1,1,2015,33_75
82.3,1.7,0.895,4.5,1,2,2012,15_73
11.2,16.9,0.929,8.5,1,2,2010,30_77
3.4,24.2,1.0,29.0,0,1,2014,33_75
0.2,27.9,0.453,4.0,0,2,2008,29_81
11.7,36.8,0.929,1.0,1,2,2010,35_73
26.9,40.2,0.951,1.5,1,2,2014,28_82
0.0,23.5,0.869,10.5,0,2,2016,27_88
2.0,19.9,0.924,0.0,0,2,2016,34_70
5.8,12.2,0.347,3.0,1,2,2012,34_77
2.9,0.6,0.92,0.0,1,2,2015,24_84
16.3,23.4,1.0,4.5,1,2,2012,30_78
34.1,42.1,1.0,7.5,0,2,2011,33_75
80.4,1.3,0.954,2.0,1,2,2010,21_92
4.5,41.2,1.0,2.5,1,2,2016,31_77
5.7,23.1,0.422,8.0,0,1,2014,11_76
8.7,36.5,1.0,3.0,1,2,2015,34_75
0.6,24.0,0.884,3.0,0,2,2013,30_79
47.6,7.8,0.948,3.0,1,2,2012,27_84
93.0,9.5,0.95,9.0,1,2,2007,28_83
1.7,11.8,0.845,4.0,0,2,2013,27_83
15.0,24.5,0.945,13.5,1,1,2014,28_83
1.2,37.3,0.097,1.0,1,2,2013,34_76
15.4,31.2,0.941,6.0,1,2,2010,27_85
26.9,3.3,0.95,4.5,1,2,2010,16_80
10.7,10.9,0.94,7.5,1,2,2015,23_92
47.8,0.6,0.976,0.5,1,2,2010,9_76
17.6,15.2,0.946,6.0,1,2,2014,27_85
14.6,20.2,0.949,17.5,1,2,2008,26_88
10.1,9.8,0.922,1.0,1,2,2010,30_76
0.0,11.1,0.28,0.0,0,2,2008,19_83
47.5,31.4,0.944,1.0,1,2,2009,26_89
13.9,1.9,0.934,0.5,0,1,2016,34_74
200.5,29.1,0.954,16.0,1,2,2007,26_88
20.4,12.8,0.951,5.5,1,2,2013,30_78
18.7,23.7,0.86,3.0,0,2,2015,34_74
11.2,12.0,0.917,6.5,1,2,2011,31_76
33.6,13.9,0.951,2.5,1,2,2015,26_87
5.1,41.6,0.9,3.0,1,2,2014,30_78
27.3,11.7,1.0,0.5,0,2,2009,14_74
30.5,11.1,0.943,2.0,1,2,2013,19_73
211.9,9.7,1.0,2.5,1,2,2013,29_80
1.1,10.2,0.66,0.5,0,2,2012,25_93
1.2,3.5,0.866,4.0,1,2,2008,11_76
35.7,11.7,0.94,6.5,1,1,2013,31_76
6.6,36.8,0.954,0.0,1,2,2008,27_87
30.8,1.9,0.952,2.5,1,2,2011,22_92
76.1,15.0,0.96,6.5,1,2,2008,27_88
2.3,60.0,0.716,0.5,1,2,2008,29_95
101.3,0.9,0.953,4.0,1,2,2010,21_92
13.2,26.2,0.939,2.5,1,2,2014,27_85
3.3,11.8,0.883,1.0,1,2,2007,27_86
4.7,14.2,0.863,7.5,0,1,2010,27_88
0.3,1.0,0.727,0.0,0,2,2010,28_80
19.0,48.5,0.952,0.5,0,2,2010,28_95
24.1,1.6,0.856,8.0,1,1,2016,19_73
28.0,2.9,0.934,0.5,0,1,2016,24_92
82.4,23.5,0.945,1.5,1,2,2008,28_83
25.6,5.0,1.0,0.5,1,2,2016,27_92
11.0,46.7,0.891,9.0,1,2,2011,32_77
21.3,35.8,1.0,3.0,1,2,2013,34_75
2.5,16.4,0.911,6.0,1,2,2013,27_85
13.6,1.0,0.715,7.0,1,1,2015,19_72
88.8,23.3,0.951,12.0,1,2,2015,28_83
12.1,45.8,0.951,2.5,1,2,2012,27_88
74.0,0.7,1.0,0.5,1,2,2013,12_75
0.6,54.5,0.887,0.5,1,2,2010,36_74
83.9,2.2,1.0,3.5,1,2,2011,9_76
22.8,8.3,1.0,10.5,1,2,2008,27_93
16.5,12.1,1.0,4.0,1,2,2010,30_78
37.1,7.0,1.0,19.0,1,1,2014,26_91
1.8,23.9,0.944,29.0,1,1,2014,33_75
21.7,1.4,1.0,22.5,0,2,2013,26_91
100.4,13.3,0.935,0.0,0,2,2014,19_84
9.2,11.4,1.0,0.5,0,2,2010,12_75
6.0,18.9,1.0,9.0,1,2,2015,32_75
11.9,27.1,0.716,1.0,1,2,2014,28_82
44.5,23.4,1.0,0.0,1,2,2012,26_95
29.8,31.4,0.95,2.0,0,2,2016,27_91
26.6,15.6,1.0,1.5,1,2,2011,25_93
18.7,16.3,0.929,1.5,1,2,2015,27_88
5.9,22.3,1.0,7.5,1,2,2007,30_79
34.3,0.8,0.942,6.5,1,1,2015,22_91
9.4,31.8,0.94,6.5,1,2,2013,34_74
21.3,23.8,0.943,4.0,1,2,2008,27_85
1.3,4.2,0.892,0.5,1,1,2015,31_76
17.7,21.9,0.932,0.0,1,2,2013,27_93
22.4,17.4,0.931,2.5,1,2,2007,30_78
140.2,30.9,0.957,14.5,1,2,2011,27_88
22.3,7.2,1.0,0.0,1,2,2010,29_80
1.7,44.1,0.895,3.0,0,2,2016,35_73
92.6,0.7,0.953,3.5,1,1,2015,21_92
3.2,3.2,0.932,2.0,0,2,2015,33_74
7.4,15.8,0.94,0.0,1,2,2010,35_75
17.4,32.9,0.94,6.0,1,1,2014,29_81
21.3,20.6,0.945,2.5,1,2,2010,27_86
47.8,12.0,0.924,15.5,1,2,2010,31_77
9.3,39.0,0.881,6.5,1,2,2011,32_77
62.8,38.1,0.949,6.5,1,2,2015,27_85
5.6,20.2,0.928,0.0,1,2,2012,30_97
0.0,27.7,0.489,0.5,0,2,2015,31_76
29.0,20.7,0.95,1.5,0,2,2015,10_77
0.8,0.1,1.0,2.5,1,2,2011,24_93
45.2,0.9,0.791,4.5,1,2,2007,15_73
14.0,1.1,0.945,0.0,1,2,2011,15_74
3.8,31.5,0.922,2.0,1,2,2015,27_85
58.9,25.9,1.0,0.5,1,2,2008,28_80
1.5,2.9,0.86,1.5,1,2,2008,30_77
2.6,11.4,1.0,14.0,1,2,2011,33_75
19.6,9.6,0.946,0.0,1,2,2010,22_92
152.8,20.4,0.953,0.0,1,2,2009,27_92
0.1,15.7,0.485,0.0,1,2,2016,34_71
21.8,20.0,0.958,1.5,1,2,2015,25_93
3.9,0.6,1.0,0.5,1,1,2015,11_75
13.5,1.3,1.0,0.0,1,2,2007,11_76
12.3,10.9,0.94,1.0,1,2,2009,24_94
10.4,28.4,0.946,3.0,0,2,2013,35_73
51.1,11.3,1.0,0.5,1,2,2010,29_79
11.2,0.2,0.922,0.0,1,2,2007,23_90
0.1,9.0,0.85,5.0,0,2,2015,25_96
12.3,47.4,0.689,0.0,1,2,2013,29_95
31.7,4.6,1.0,0.0,1,2,2012,19_72
2.2,51.8,0.853,0.5,1,2,2010,35_76
0.4,12.4,0.714,0.0,0,1,2014,25_97
35.6,26.6,0.946,4.0,1,2,2010,24_93
1.1,54.9,0.742,0.0,1,2,2009,29_82
29.0,4.3,1.0,0.5,1,2,2009,26_97
77.9,10.8,1.0,0.0,1,2,2007,25_92
27.5,18.3,0.95,6.5,1,2,2010,28_84
18.7,19.4,1.0,14.0,1,2,2013,33_75
25.2,0.9,0.769,4.5,1,1,2015,15_73
15.1,0.7,0.939,0.5,1,2,2013,32_75
33.0,21.8,0.411,0.0,0,2,2010,34_75
2.7,7.9,0.645,0.0,1,2,2016,16_78
12.8,11.6,0.977,1.0,0,2,2013,15_74
36.4,3.6,0.957,2.5,1,2,2007,32_76
53.8,5.1,1.0,20.0,1,2,2012,26_91
50.4,7.7,1.0,2.5,1,2,2015,25_91
3.3,19.3,0.929,3.0,1,1,2015,28_84
25.2,39.8,0.879,3.5,1,1,2016,31_78
39.4,2.7,0.952,0.0,1,1,2011,16_73
5.5,46.9,0.93,5.5,1,2,2015,30_78
35.7,20.1,1.0,1.5,1,2,2013,31_76
12.3,45.9,0.948,3.5,1,2,2016,28_84
3.1,2.4,1.0,0.0,1,2,2010,24_92
3.4,12.0,0.932,3.5,0,2,2011,34_74
15.6,17.8,0.967,5.0,1,1,2014,30_78
3.4,1.4,0.943,0.0,1,2,2011,27_84
125.0,35.5,0.951,2.0,1,2,2013,30_80
36.2,13.3,0.951,3.0,1,2,2010,28_84
4.6,31.8,0.934,0.5,1,2,2010,27_87
0.0,2.2,0.661,0.0,0,2,2013,29_91
23.9,21.5,0.944,6.0,1,2,2013,27_85
11.5,16.2,0.917,0.0,1,2,2008,35_75
2.9,20.2,0.907,4.0,1,2,2008,29_81
9.2,13.0,1.0,7.0,1,2,2007,30_78
29.8,26.4,0.949,2.5,0,2,2016,27_91
1.7,15.9,0.91,21.0,1,2,2007,33_75
0.6,9.0,0.832,0.0,0,1,2016,34_72
10.1,34.4,0.816,3.0,1,2,2016,34_73
10.6,31.4,0.864,3.5,0,2,2012,28_85
68.8,5.3,1.0,3.0,1,2,2013,9_77
6.8,26.1,0.92,2.0,1,2,2016,27_91
7.7,6.0,1.0,4.5,1,2,2007,16_80
5.0,32.5,0.909,0.5,1,2,2011,27_92
38.7,27.5,1.0,7.0,1,2,2013,30_79
9.3,17.7,1.0,5.5,1,2,2013,26_94
18.7,6.2,0.86,4.0,0,2,2015,34_74
15.5,0.9,0.815,5.5,1,1,2016,12_74
8.6,2.0,1.0,1.0,1,2,2008,24_93
49.1,0.3,0.951,6.0,1,2,2013,19_72
2.3,14.0,0.936,2.5,1,2,2008,28_84
26.4,8.1,1.0,2.0,0,2,2013,25_94
168.0,9.6,1.0,3.5,1,2,2010,29_79
8.5,12.3,0.944,7.5,1,2,2010,28_84
12.9,27.7,0.937,1.0,1,2,2011,27_86
12.0,17.5,0.945,2.0,1,2,2016,28_84
54.6,4.4,0.953,2.0,0,2,2010,20_92
145.0,0.3,0.946,0.0,1,2,2008,28_80
67.8,1.4,0.953,1.5,1,2,2015,21_92
18.7,24.6,0.94,3.0,1,2,2011,27_86
8.9,15.7,0.952,8.0,1,2,2013,33_74
10.0,1.5,1.0,22.5,1,1,2016,26_91
20.2,42.8,0.946,0.0,0,2,2010,27_93
2.6,29.8,0.907,14.5,1,1,2015,27_88
27.1,1.0,0.762,3.5,1,2,2013,15_73
97.4,11.8,1.0,2.0,1,2,2013,33_74
35.3,13.5,1.0,2.0,1,2,2012,9_76
15.9,5.3,1.0,5.0,1,2,2010,25_96
16.3,22.1,0.941,2.5,1,2,2015,26_87
102.9,0.2,0.952,3.0,1,2,2011,27_83
8.6,25.4,0.932,0.0,0,2,2011,33_74
0.0,32.4,0.111,0.0,0,2,2014,33_77
0.0,51.5,0.618,4.0,0,2,2010,31_78
3.7,0.2,0.902,0.0,1,2,2016,26_80
81.5,41.7,1.0,31.0,0,2,2011,33_75
41.7,0.6,1.0,0.0,0,2,2012,10_76
6.4,10.5,0.882,7.5,0,2,2013,23_92
0.0,1.2,0.645,1.0,0,2,2010,30_76
0.0,0.4,0.569,0.0,0,2,2013,20_73
1.8,6.8,0.892,0.5,1,2,2015,25_93
17.7,0.3,0.894,0.0,1,1,2014,29_79
1.4,3.5,0.325,0.5,0,2,2015,34_71
21.3,17.3,0.941,6.0,1,2,2013,27_83
22.0,28.4,1.0,31.5,1,2,2013,33_75
5.0,10.6,0.921,6.0,1,2,2010,30_76
0.8,15.7,0.794,6.5,0,2,2015,28_83
0.0,26.3,0.908,2.5,0,2,2010,27_91
4.2,23.7,1.0,29.0,1,2,2012,33_75
0.5,17.8,0.509,9.5,0,1,2016,11_76
0.0,0.4,0.474,1.0,0,1,2015,28_77
16.3,20.5,0.94,3.0,1,2,2017,27_86
51.1,14.6,0.951,2.5,1,2,2015,28_83
37.2,2.2,1.0,1.0,0,2,2010,25_92
29.0,4.1,1.0,16.0,0,2,2013,26_91
47.1,19.9,0.93,0.5,0,2,2013,24_92
34.1,41.7,0.947,3.0,1,2,2016,28_85
15.6,19.2,0.947,15.0,1,2,2015,26_88
50.4,1.7,1.0,21.0,0,2,2010,26_91
20.2,27.1,0.953,1.5,1,2,2008,27_87
72.1,47.7,0.898,3.0,1,2,2013,31_78
22.1,2.9,1.0,3.5,1,2,2014,29_80
14.1,5.5,1.0,0.5,1,2,2015,23_94
0.0,8.5,0.169,1.0,0,2,2008,34_77
7.4,0.5,0.898,1.5,1,2,2011,28_77
17.3,46.5,0.945,5.0,1,2,2010,30_79
28.2,4.4,1.0,16.5,1,2,2015,26_91
36.4,18.2,1.0,31.5,0,2,2011,33_75
10.0,14.2,1.0,2.5,1,2,2017,25_93
7.5,30.3,0.923,0.0,0,2,2016,34_70
42.1,2.9,1.0,2.5,1,2,2007,16_73
8.6,22.0,0.94,3.0,1,2,2014,27_85
1.8,29.2,0.911,1.0,1,2,2011,28_82
18.6,8.3,0.741,4.0,1,2,2013,32_75
100.6,30.4,0.955,1.5,0,2,2010,34_72
48.0,9.3,0.949,2.0,1,2,2016,19_73
21.2,33.5,0.952,6.5,1,2,2013,32_77
25.0,15.9,1.0,2.5,1,2,2015,31_77
10.8,52.2,0.938,1.5,1,2,2013,31_78
4.3,3.0,0.744,0.5,1,2,2011,32_74
16.1,2.7,1.0,6.5,1,1,2015,12_74
0.0,22.9,0.688,0.0,1,2,2011,33_76
22.8,5.8,0.944,4.5,1,2,2015,11_76
6.4,20.2,0.938,3.0,1,2,2013,26_87
21.5,1.3,0.859,5.5,1,2,2010,12_74
14.0,16.7,1.0,8.5,0,2,2016,33_75
42.5,24.6,0.999,3.5,1,2,2015,32_76
4.9,17.2,1.0,5.5,1,2,2013,26_94
14.5,25.1,0.543,2.5,1,2,2010,34_77
14.3,14.4,0.916,10.5,0,2,2009,28_83
0.0,0.1,0.723,0.0,1,2,2015,25_84
6.8,23.7,0.926,1.0,1,2,2015,24_92
1.1,0.4,1.0,0.0,1,2,2007,14_78
12.5,14.7,0.944,5.5,1,2,2007,28_83
14.7,16.8,1.0,4.0,1,2,2011,30_78
0.0,0.3,0.308,0.0,0,2,2009,23_72
2.6,6.5,0.832,9.0,0,2,2008,11_76
9.5,23.8,0.934,1.5,1,2,2011,29_81
42.6,25.8,0.98,4.5,1,2,2010,30_79
40.2,5.0,0.949,10.0,1,1,2011,27_93
37.1,31.3,0.955,0.0,1,2,2010,35_73
0.7,18.2,0.857,0.5,0,2,2013,28_96
2.5,0.2,0.758,0.0,1,2,2011,26_68
11.8,8.0,1.0,11.0,1,2,2010,31_77
33.3,14.7,0.968,2.0,1,2,2015,24_94
6.7,33.5,1.0,29.5,1,2,2007,33_75
9.3,28.3,1.0,1.5,1,2,2013,26_94
86.4,4.6,1.0,6.0,1,2,2014,32_75
13.1,1.8,0.926,3.0,1,2,2012,32_76
2.7,17.2,1.0,1.0,1,2,2012,34_73
0.0,20.1,1.0,29.0,0,2,2008,33_75
66.6,18.2,1.0,0.0,0,2,2010,19_94
18.8,39.9,0.621,1.0,1,2,2009,32_77
27.4,11.1,1.0,11.5,1,1,2015,31_77
0.0,29.5,1.0,28.5,0,2,2014,33_75
8.4,24.6,0.932,0.5,1,2,2013,27_83
11.2,21.5,0.94,2.5,1,2,2010,29_80
15.1,14.3,1.0,7.5,1,2,2010,25_94
25.4,0.2,0.95,4.5,0,2,2013,16_80
66.3,43.5,0.953,1.5,1,2,2011,27_88
9.6,20.6,0.57,2.0,1,2,2010,34_77
10.0,13.5,1.0,1.5,1,2,2011,25_94
2.1,21.8,0.916,9.0,0,2,2016,27_88
40.9,22.2,0.947,2.5,1,2,2014,29_80
107.7,8.1,0.95,11.0,1,2,2015,28_83
5.0,14.2,0.925,3.0,1,2,2013,26_87
8.5,12.2,0.944,6.0,1,2,2013,27_83
32.5,51.9,0.95,1.0,1,2,2015,27_87
0.1,28.3,0.774,3.0,1,2,2014,31_77
0.0,11.1,0.569,1.5,0,1,2015,25_92
12.3,51.6,0.695,0.0,0,1,2016,28_84
9.8,15.6,1.0,2.0,0,2,2010,30_78
5.4,30.7,0.393,2.5,1,2,2010,32_78
102.9,11.3,0.953,6.0,1,2,2011,27_83
15.7,12.8,0.943,5.5,1,2,2010,27_83
2.3,39.6,0.892,5.5,0,1,2015,30_79
43.9,37.0,0.953,0.0,1,2,2013,28_94
3.1,20.6,0.916,0.0,1,2,2016,23_93
3.5,14.9,0.981,8.0,1,2,2012,32_75
1.3,30.8,0.826,2.5,1,2,2014,36_74
36.9,4.6,1.0,22.5,1,2,2012,26_91
37.1,29.1,0.947,20.0,1,2,2009,26_88
3.4,20.8,1.0,7.5,1,2,2010,30_79
3.1,17.6,0.771,7.0,1,2,2008,32_77
22.9,19.6,0.951,0.5,1,2,2012,28_96
73.0,5.0,0.947,0.5,1,2,2010,30_77
15.0,26.5,1.0,17.5,0,2,2015,33_75
88.3,24.2,0.949,0.5,1,2,2015,27_93
13.8,26.6,0.937,1.0,1,1,2014,28_81
6.6,26.7,0.93,5.0,1,2,2013,29_81
24.5,3.3,1.0,21.5,0,2,2013,26_91
0.0,44.8,0.396,0.0,0,2,2014,35_74
13.5,22.2,0.94,4.0,1,1,2015,27_85
7.7,32.7,0.935,1.5,1,2,2013,27_87
43.1,13.3,0.951,6.0,1,2,2016,27_85
37.9,19.2,0.952,0.5,1,2,2010,28_95
29.7,38.6,0.688,1.0,0,2,2015,35_71
62.0,1.1,0.856,3.0,1,2,2008,15_73
93.7,30.8,0.952,1.0,0,1,2011,25_93
22.6,8.8,0.945,13.0,1,2,2013,28_83
42.2,18.2,1.0,2.0,1,2,2012,9_76
1.9,47.2,0.92,2.5,0,1,2015,28_84
9.0,25.0,0.811,0.5,1,2,2007,35_73
11.1,23.6,1.0,0.0,1,2,2013,30_78
28.1,18.9,0.963,1.5,0,2,2010,25_94
14.2,13.2,0.937,7.5,1,2,2010,23_92
17.3,17.8,1.0,3.0,0,2,2011,25_92
17.0,35.6,0.951,2.0,1,2,2012,27_87
28.9,22.0,0.951,7.5,1,2,2010,27_88
14.3,46.6,0.656,0.0,0,2,2012,36_73
0.0,0.3,0.693,1.0,0,2,2016,17_78
108.0,1.5,0.963,3.0,1,2,2013,30_78
15.6,14.5,0.949,2.0,0,2,2012,27_87
3.5,11.1,1.0,9.0,1,2,2015,26_91
19.4,0.6,0.911,0.0,1,1,2013,24_85
55.8,0.6,0.954,3.0,1,2,2015,21_91
18.8,20.7,0.946,0.0,1,2,2010,23_93
24.4,28.3,1.0,2.5,1,1,2015,25_90
37.9,14.5,0.951,2.5,1,2,2015,28_83
13.7,10.3,1.0,2.5,1,2,2011,29_80
34.1,10.7,0.951,2.5,1,2,2010,27_84
5.5,11.5,0.903,8.5,1,2,2015,28_83
33.1,35.5,1.0,8.0,1,2,2010,30_78
26.4,16.4,1.0,0.5,1,2,2013,26_94
119.3,9.8,0.952,1.5,1,2,2016,27_87
8.4,3.0,1.0,1.0,0,2,2010,12_75
3.9,7.8,0.713,15.5,0,2,2014,31_77
71.1,17.7,0.954,1.5,0,2,2009,29_81
3.5,18.0,0.899,7.5,0,2,2010,27_88
29.9,7.1,0.952,4.0,0,2,2010,24_93
28.4,35.1,0.791,11.5,0,2,2011,33_75
2.7,12.4,0.974,0.5,1,2,2014,20_97
23.1,36.0,0.948,7.5,0,2,2011,33_75
30.4,1.6,0.95,4.5,0,2,2013,27_85
15.0,11.5,0.947,7.5,1,2,2011,27_83
5.4,34.7,0.921,6.0,1,2,2016,27_85
0.5,27.4,0.21,0.0,1,2,2012,34_77
13.6,18.6,1.0,1.0,1,1,2015,30_78
35.3,0.5,0.942,5.5,1,1,2014,19_73
4.9,3.3,0.877,0.0,1,2,2009,29_78
56.8,12.0,0.953,5.0,1,2,2011,27_84
112.5,21.0,1.0,2.5,1,2,2014,33_74
5.7,29.8,1.0,29.0,0,2,2011,33_75
0.0,24.0,0.901,3.0,0,2,2013,30_79
0.0,34.9,0.762,0.0,0,2,2015,35_72
16.6,16.7,0.945,3.5,1,2,2013,27_83
3.1,14.1,1.0,8.5,1,2,2013,30_78
4.4,19.2,1.0,0.0,1,2,2015,25_94
1.5,23.3,1.0,3.5,1,2,2016,26_94
14.7,4.7,1.0,5.0,1,2,2016,25_96
13.5,36.2,0.942,5.0,1,2,2013,30_79
26.5,8.9,0.994,0.0,1,2,2015,19_73
63.5,12.1,0.949,6.0,1,2,2009,27_84
8.7,1.8,0.86,2.0,1,2,2010,33_72
19.3,22.0,0.948,11.0,1,2,2016,28_83
0.0,0.2,0.304,0.5,0,2,2013,28_77
6.7,1.4,1.0,0.0,1,1,2015,12_75
6.1,22.6,0.315,0.0,1,2,2007,32_77
48.4,23.7,0.951,2.0,1,2,2011,27_87
8.9,17.5,0.872,1.0,0,2,2008,34_73
66.4,21.3,1.0,1.5,1,1,2016,30_78
0.0,28.5,0.823,14.5,1,2,2007,27_88
18.4,8.3,1.0,12.5,0,2,2010,25_94
36.9,20.6,0.944,0.5,1,2,2013,27_83
4.1,30.2,0.931,1.5,1,1,2015,28_85
10.1,34.9,0.816,2.5,1,2,2016,34_73
2.5,39.5,0.908,6.0,1,2,2013,27_85
4.0,4.0,0.932,0.5,0,2,2009,27_90
1.7,3.5,0.77,0.5,1,2,2013,31_76
10.7,14.1,0.94,7.5,1,2,2015,23_92
23.5,7.2,1.0,11.0,1,2,2010,31_77
0.0,3.4,0.293,2.5,0,1,2015,22_92
147.7,14.6,0.856,1.0,1,2,2010,26_89
81.2,0.6,0.949,1.0,1,1,2015,24_91
13.7,11.0,0.936,0.5,1,2,2011,28_82
0.0,0.7,0.782,0.5,1,2,2007,17_78
0.0,0.1,0.464,0.0,0,2,2008,27_78
5.6,29.2,0.934,3.5,1,2,2013,30_78
64.9,3.9,0.822,1.5,1,2,2015,20_92
32.8,26.3,0.949,7.0,1,2,2010,27_85
8.7,5.1,1.0,0.5,1,2,2008,22_96
4.1,27.6,0.905,1.0,0,2,2015,28_85
10.8,20.8,1.0,7.0,1,2,2013,30_78
58.0,6.1,1.0,0.5,1,2,2015,25_90
8.4,23.7,0.934,2.5,1,2,2016,27_91
51.7,1.1,0.95,4.0,1,2,2008,21_92
154.0,48.2,0.953,0.5,1,2,2008,27_87
59.7,16.5,0.952,0.5,1,2,2007,27_90
10.7,15.2,1.0,0.5,1,2,2008,22_96
11.2,18.5,0.794,9.5,0,1,2015,27_84
17.3,47.6,0.942,4.5,1,2,2011,29_81
35.2,8.9,1.0,0.0,0,2,2009,14_74
26.5,29.0,0.949,16.0,1,2,2015,26_88
9.4,20.4,0.944,6.5,1,2,2010,28_83
5.2,14.2,0.934,3.5,1,2,2013,25_94
38.3,16.8,0.953,1.0,1,2,2014,28_84
3.7,9.9,0.71,1.5,1,2,2016,29_80
27.2,17.4,1.0,0.5,1,2,2013,31_77
0.2,1.4,0.579,2.0,1,2,2013,33_73
4.7,16.3,0.919,4.0,1,2,2015,24_93
19.7,7.9,0.94,2.0,1,2,2010,28_83
58.6,30.8,0.948,1.0,0,2,2008,34_73
57.2,0.2,0.906,0.0,1,2,2007,21_83
35.9,0.1,0.94,0.0,1,2,2007,23_88
11.0,0.7,0.773,0.5,0,2,2015,17_83
19.3,30.6,0.95,13.0,1,2,2011,28_83
26.2,25.9,1.0,29.5,0,2,2012,33_75
54.1,1.1,0.95,6.5,1,2,2013,22_91
24.8,1.5,0.929,4.0,1,2,2011,30_78
28.7,2.2,1.0,8.0,1,2,2016,32_75
21.4,16.4,1.0,2.0,1,2,2013,30_79
15.5,16.9,0.996,7.5,1,2,2015,31_76
7.8,27.7,1.0,2.0,1,2,2016,30_77
5.0,14.9,0.925,3.0,1,2,2013,26_87
12.2,19.0,1.0,2.5,1,2,2010,25_92
0.0,40.4,0.638,0.0,0,2,2010,36_74
5.2,10.3,0.816,8.0,0,2,2013,11_76
24.7,0.6,1.0,1.0,0,2,2011,10_77
12.8,4.9,1.0,12.5,1,2,2011,25_94
26.3,27.6,1.0,0.5,1,2,2011,29_80
0.0,18.8,1.0,1.5,0,2,2015,32_76
4.2,22.5,0.895,3.0,1,2,2016,28_84
100.6,4.3,0.952,0.0,1,2,2010,22_92
192.2,8.2,1.0,2.0,1,2,2013,29_79
137.1,7.8,0.961,7.0,0,2,2016,26_88
0.0,24.9,0.855,2.0,0,2,2015,34_73
7.5,34.3,0.935,6.5,1,2,2008,29_81
0.0,18.1,0.817,0.0,0,2,2014,33_97
94.0,12.0,1.0,2.5,1,2,2010,29_79
79.9,28.0,0.95,1.5,1,2,2013,27_86
16.0,20.3,0.943,6.5,0,2,2016,27_85
7.0,19.6,1.0,4.0,1,2,2012,30_78
18.3,15.0,0.948,4.5,1,2,2009,26_88
9.3,19.1,1.0,11.0,1,2,2010,31_77
0.0,2.0,0.988,0.0,1,2,2009,8_76
31.8,1.4,1.0,4.5,1,2,2012,10_76
25.4,1.1,0.946,6.5,1,1,2015,22_91
30.7,16.8,1.0,0.5,1,2,2008,12_75
14.8,4.9,0.7,1.0,1,2,2011,32_75
2.2,9.5,0.759,0.0,1,1,2016,33_70
6.9,8.0,0.94,0.0,1,2,2010,27_82
2.0,30.8,0.918,16.0,1,2,2015,26_88
97.9,43.0,0.948,1.5,1,2,2010,27_89
13.6,27.0,1.0,4.0,1,2,2013,30_78
15.8,28.3,0.627,0.0,1,2,2010,36_74
10.0,14.4,1.0,13.5,1,2,2008,25_94
11.8,12.2,1.0,3.0,1,2,2011,26_94
71.0,2.9,0.989,0.5,1,2,2008,15_74
11.3,11.0,0.944,1.0,1,2,2007,28_83
63.6,7.5,0.952,3.0,1,2,2011,27_86
15.8,12.2,0.941,3.5,1,2,2015,25_94
9.8,27.4,0.952,6.5,1,2,2010,27_88
5.0,0.2,0.938,0.0,1,2,2011,27_80
37.3,39.8,0.707,9.5,0,1,2015,32_77
15.9,29.0,0.86,7.5,0,2,2008,33_75
69.1,17.4,0.953,0.0,1,2,2012,28_94
7.1,11.9,0.927,4.0,1,2,2008,29_81
36.0,10.7,1.0,1.0,0,2,2011,33_74
41.1,4.9,1.0,1.5,1,2,2010,26_95
5.0,22.4,0.925,3.0,1,2,2013,26_87
15.0,18.0,1.0,0.5,1,2,2010,30_78
11.5,4.5,0.941,2.5,1,2,2015,22_92
11.9,0.6,0.921,0.0,1,2,2015,11_92
3.8,32.1,0.926,1.0,1,2,2014,28_82
3.0,24.5,0.909,2.0,1,2,2007,27_88
10.4,11.7,0.922,1.5,1,2,2010,30_77
7.1,21.4,0.542,0.0,0,2,2010,29_81
13.2,55.0,0.727,0.0,1,2,2010,30_79
17.2,13.8,0.938,7.5,1,2,2010,23_92
153.7,19.9,0.953,1.0,1,2,2010,27_89
0.0,14.9,0.81,0.0,0,2,2012,23_92
29.0,10.8,0.951,2.0,1,2,2016,19_73
16.1,26.5,1.0,31.5,0,2,2011,33_75
7.9,28.6,0.24,1.0,0,2,2010,34_76
0.1,22.8,0.465,1.5,1,2,2014,29_81
5.9,0.1,0.899,1.5,1,2,2015,34_74
1.4,26.4,0.915,9.0,1,2,2007,28_83
14.4,53.2,0.94,4.5,1,2,2013,31_78
33.1,15.1,1.0,2.5,1,2,2010,30_78
4.0,12.0,0.878,5.5,1,2,2015,27_83
9.3,15.2,1.0,3.0,1,2,2013,26_94
28.2,60.0,0.89,5.0,1,2,2010,30_79
0.0,31.1,0.823,1.5,0,1,2009,27_89
16.1,21.0,0.945,2.5,1,1,2014,27_85
21.8,41.4,0.939,1.0,1,2,2016,27_86
19.0,26.5,1.0,29.5,1,2,2016,33_75
116.3,17.3,0.952,7.5,1,2,2016,26_88
50.3,45.4,0.949,1.5,1,2,2011,28_82
6.4,25.6,1.0,8.5,1,2,2011,33_75
177.4,28.6,0.955,16.0,0,2,2009,26_88
9.6,12.0,0.9,0.0,0,2,2015,33_70
2.5,27.9,0.9,1.0,0,2,2007,11_78
18.2,3.5,1.0,0.0,0,2,2015,22_96
0.0,6.6,0.592,3.5,0,2,2012,29_80
30.0,12.5,0.944,1.0,1,2,2014,28_81
11.1,9.8,1.0,3.5,1,2,2010,26_94
5.8,56.1,0.971,0.5,1,2,2016,29_81
8.5,15.6,0.939,2.5,1,2,2007,27_86
66.3,17.8,1.0,0.5,1,2,2010,15_73
25.2,0.8,0.95,6.5,1,2,2008,22_91
31.3,1.8,0.858,10.5,1,2,2010,19_72
14.3,29.9,0.935,12.5,1,1,2015,27_88
18.4,0.6,0.923,1.0,1,2,2008,24_91
36.3,10.3,0.886,0.5,1,2,2009,31_76
66.9,23.8,1.0,2.5,1,2,2011,25_90
0.0,41.9,0.712,0.0,1,2,2015,35_76
10.5,1.3,0.695,5.5,0,1,2015,12_74
5.8,23.6,1.0,3.0,1,2,2010,29_79
0.0,18.7,0.503,1.0,0,2,2009,29_80
5.5,50.2,0.93,5.0,1,2,2015,30_78
10.9,7.6,1.0,5.0,1,2,2008,25_96
11.2,20.5,1.0,8.0,1,2,2011,31_77
14.6,16.3,0.943,1.5,1,1,2016,27_86
2.5,21.5,0.928,6.0,1,2,2007,27_85
54.1,12.6,0.952,0.0,1,2,2012,21_92
84.4,21.1,0.949,3.5,1,2,2013,28_83
9.0,22.8,0.926,1.0,1,2,2008,27_86
138.5,26.5,1.0,0.5,1,2,2010,29_78
18.6,21.2,1.0,1.0,1,2,2012,11_76
6.4,1.9,0.925,2.0,0,2,2015,33_74
7.9,4.0,1.0,0.5,1,2,2007,25_91
0.0,0.4,0.833,6.5,1,1,2015,22_91
28.7,33.2,0.937,0.0,1,2,2008,26_89
8.0,0.6,1.0,0.0,0,2,2011,21_95
11.4,5.8,0.943,4.5,0,2,2007,11_76
4.5,1.2,1.0,21.0,1,2,2014,26_91
33.8,23.2,0.949,6.5,0,1,2015,34_74
9.6,30.8,1.0,2.5,1,2,2013,30_79
3.1,10.9,0.91,3.0,0,2,2016,26_87
35.7,22.3,1.0,7.5,1,2,2013,31_76
25.4,0.6,0.946,6.5,1,1,2015,22_91
2.2,18.2,0.931,1.5,1,2,2010,31_78
19.9,28.2,0.945,14.5,1,2,2015,27_88
109.7,34.3,0.952,11.5,1,2,2007,27_88
0.0,24.6,0.781,6.5,0,2,2010,34_74
98.8,28.4,1.0,0.0,1,2,2010,30_79
16.6,10.7,0.942,2.0,1,2,2015,24_94
2.9,9.8,0.898,1.0,1,2,2011,28_82
16.7,1.4,0.853,3.0,1,2,2015,15_74
208.4,14.1,0.956,1.5,1,2,2013,29_81
5.3,14.2,1.0,4.5,1,2,2013,9_76
53.8,45.1,0.951,3.5,1,2,2010,31_77
14.7,2.2,1.0,0.0,0,2,2009,16_73
29.6,22.3,1.0,7.5,1,2,2014,33_74
33.3,20.8,1.0,2.0,1,2,2014,33_73
18.8,8.5,0.571,0.5,1,2,2013,31_76
21.4,20.1,0.945,15.5,1,2,2015,26_88
111.4,17.5,0.953,14.5,1,2,2009,26_88
17.3,36.7,0.944,4.5,1,2,2011,29_81
14.2,10.3,0.937,7.5,1,2,2010,23_92
6.7,0.7,1.0,22.5,1,2,2007,26_91
9.6,20.0,0.944,14.5,1,2,2010,26_88
25.2,6.9,0.948,8.0,1,2,2007,27_88
1.5,37.0,0.458,0.0,0,2,2012,29_90
0.0,1.4,0.304,0.0,0,2,2012,26_75
12.4,43.6,0.947,4.0,1,2,2011,30_79
0.0,7.2,0.973,3.5,0,2,2014,25_91
14.1,60.0,0.938,5.0,1,2,2010,30_79
5.5,33.1,0.889,5.5,0,1,2016,27_85
35.7,11.3,0.94,6.5,1,2,2013,31_76
15.9,36.0,0.942,1.5,1,2,2014,28_82
4.9,11.0,0.9,5.5,0,2,2016,28_83
1.6,36.7,0.949,0.0,1,2,2015,32_77
8.7,36.7,0.937,3.0,1,2,2011,27_88
25.8,34.6,0.946,9.0,1,2,2013,28_83
9.1,20.4,0.933,4.0,1,2,2008,27_85
4.8,19.3,0.902,4.0,1,2,2016,26_88
0.0,22.0,0.462,3.0,0,2,2016,34_73
20.3,13.0,0.929,6.5,1,2,2012,27_88
31.3,5.5,1.0,0.0,0,2,2010,33_72
2.9,16.0,1.0,2.0,1,2,2012,33_73
48.4,17.7,0.951,1.5,1,2,2011,27_86
7.1,24.9,1.0,2.5,1,2,2015,30_78
12.0,20.8,0.938,5.0,1,2,2014,27_85
87.2,1.0,0.951,0.5,1,2,2010,27_82
2.9,36.0,0.522,3.5,1,2,2012,34_73
84.8,15.6,1.0,1.5,1,2,2010,31_77
26.6,15.5,1.0,12.0,1,2,2007,25_94
8.2,22.4,0.921,2.5,0,2,2011,10_77
6.5,4.1,0.966,0.5,1,2,2010,35_76
2.4,20.6,0.793,4.0,1,2,2011,30_78
5.4,28.9,1.0,4.0,1,1,2015,30_79
74.1,35.0,1.0,31.5,0,2,2015,33_75
7.9,3.6,0.749,0.0,1,2,2016,19_84
59.4,11.8,1.0,2.5,1,2,2007,25_90
0.0,18.4,0.321,5.5,0,2,2009,27_83
18.4,32.2,0.94,1.5,1,2,2014,28_82
54.1,27.3,0.95,4.0,1,2,2007,28_83
27.2,23.9,0.874,0.0,1,2,2015,34_75
16.4,12.5,1.0,1.5,1,2,2015,23_94
0.0,36.8,0.775,0.0,0,2,2016,35_74
68.7,23.2,0.948,3.5,1,2,2007,24_93
10.6,21.4,0.79,7.0,1,2,2010,32_77
49.1,30.3,0.995,6.5,0,2,2016,33_75
25.4,8.5,0.949,5.0,1,2,2008,27_85
65.9,0.3,0.954,2.0,1,2,2010,20_92
2.7,4.5,0.9,8.0,1,2,2010,19_73
18.0,24.2,0.948,6.0,1,2,2010,27_85
1.1,29.2,0.867,3.0,0,1,2015,27_85
0.1,14.6,0.542,0.0,1,1,2016,10_78
183.9,9.0,1.0,3.0,1,2,2012,25_93
65.9,1.3,0.953,2.0,1,2,2010,20_92
4.7,14.1,0.916,7.0,1,2,2014,31_76
85.7,6.5,0.837,2.0,1,2,2010,21_92
0.2,21.9,0.742,8.5,0,2,2015,33_75
14.5,21.5,1.0,8.5,1,2,2013,32_75
19.8,18.8,0.94,11.0,1,2,2015,27_88
12.9,13.1,1.0,0.0,1,2,2013,10_76
69.0,25.4,0.642,2.5,0,2,2011,34_73
148.6,2.4,1.0,2.0,1,2,2012,25_93
1.6,28.4,0.898,8.0,0,2,2008,33_75
19.9,23.9,0.944,2.0,1,1,2014,27_84
0.0,0.4,0.296,0.0,0,1,2015,24_91
156.2,31.5,0.952,2.0,1,2,2008,28_84
47.3,7.6,1.0,0.5,1,1,2011,17_73
10.6,6.0,0.688,0.5,0,1,2015,11_77
10.9,17.5,0.941,10.0,1,1,2016,27_84
3.3,23.9,1.0,29.0,0,2,2012,33_75
40.2,1.3,0.729,4.5,1,2,2008,15_73
19.7,31.5,0.947,3.5,1,2,2014,28_84
0.4,21.6,0.977,29.0,1,1,2014,33_75
0.7,9.9,0.706,0.0,0,2,2014,35_68
44.9,15.4,0.952,3.5,1,2,2007,27_85
8.4,12.8,0.99,2.5,1,2,2015,25_94
123.9,6.8,1.0,3.5,1,2,2013,9_76
0.0,11.4,0.562,5.0,0,2,2013,18_73
13.4,15.8,0.919,3.0,0,2,2010,10_77
29.0,9.4,1.0,7.5,1,2,2010,25_94
33.4,19.1,0.946,11.0,1,2,2015,27_88
28.5,14.4,1.0,0.0,0,2,2015,18_97
15.6,5.5,1.0,0.0,1,1,2015,14_74
3.8,8.4,1.0,2.0,1,2,2011,25_94
18.7,31.6,0.949,6.5,1,2,2010,27_85
2.2,6.5,1.0,3.0,1,2,2016,9_77
183.9,7.0,0.952,0.5,1,1,2015,24_72
8.3,5.7,1.0,3.5,1,1,2015,29_80
4.4,17.0,0.94,4.0,0,2,2013,24_93
37.1,26.6,0.952,17.0,1,2,2009,26_88
1.3,13.1,0.902,1.0,1,2,2015,23_92
11.0,0.2,1.0,2.5,1,2,2011,24_93
5.1,25.5,0.935,0.0,1,2,2013,22_93
24.5,6.2,1.0,19.0,0,2,2013,26_91
62.3,0.8,1.0,1.0,1,2,2010,19_73
37.7,22.1,1.0,6.0,0,2,2015,33_75
25.1,17.2,0.947,5.0,1,2,2011,29_81
0.4,46.9,0.609,1.5,0,2,2014,28_84
22.3,21.9,1.0,28.0,0,2,2011,33_75
21.3,15.2,0.943,6.5,1,2,2013,27_83
20.3,17.4,1.0,3.5,1,2,2010,26_94
59.2,5.3,1.0,0.5,1,2,2013,10_76
15.8,20.5,1.0,2.0,1,1,2015,24_94
17.7,1.4,1.0,0.0,1,1,2013,10_76
77.7,0.8,0.954,2.5,1,2,2015,22_92
23.6,28.0,0.947,2.5,1,1,2011,27_85
34.3,20.1,0.942,2.5,1,2,2016,27_84
57.9,11.1,1.0,3.0,0,2,2010,25_93
0.0,5.7,0.608,5.0,0,2,2015,25_96
9.6,12.1,0.83,0.5,1,1,2015,33_77
7.8,5.1,0.934,2.0,1,2,2011,30_78
16.2,8.9,1.0,8.0,0,2,2007,25_94
6.6,33.1,0.907,9.5,1,2,2010,32_77
26.3,16.5,1.0,13.0,0,2,2007,25_94
58.3,44.7,0.894,3.0,1,2,2010,30_79
27.1,18.3,0.995,0.0,1,2,2016,27_93
4.0,25.2,0.899,0.5,0,2,2010,28_95
8.0,8.4,1.0,5.0,1,2,2009,18_73
65.4,18.6,1.0,1.0,1,1,2017,11_76
5.4,11.9,1.0,2.5,1,2,2014,25_94
4.2,52.1,0.944,3.0,1,2,2013,27_88
69.9,15.0,0.805,1.0,1,2,2012,26_89
31.7,16.2,1.0,15.0,0,2,2013,33_75
7.7,31.4,0.938,6.5,1,2,2013,28_83
10.1,15.3,0.944,2.0,1,2,2010,27_83
63.4,1.0,0.953,3.0,1,2,2007,26_88
12.1,10.0,0.549,1.5,0,2,2015,35_75
3.0,0.3,0.742,6.0,1,2,2010,19_72
0.5,43.0,0.632,1.0,0,2,2010,27_87
28.3,5.2,0.95,7.5,1,2,2007,19_72
0.4,24.5,0.863,5.5,0,2,2010,34_74
64.5,16.7,0.954,5.0,1,2,2011,27_84
7.9,28.5,0.24,1.0,0,2,2010,34_76
39.6,5.3,1.0,1.0,1,2,2007,15_74
8.1,7.9,1.0,2.0,1,2,2010,25_93
6.4,8.2,0.839,1.0,1,2,2014,30_76
11.4,23.6,0.935,1.5,1,2,2016,28_83
2.2,15.9,0.781,4.5,1,2,2013,33_75
49.1,0.2,0.951,6.0,1,2,2013,19_72
8.2,5.0,1.0,1.5,1,2,2010,26_95
17.3,9.5,0.966,2.5,1,2,2015,24_94
4.0,24.7,0.676,2.0,1,2,2012,35_73
17.5,6.5,1.0,3.5,1,1,2016,29_80
17.4,33.8,0.941,1.0,1,2,2008,28_85
6.1,15.3,0.77,8.0,1,2,2011,30_77
3.3,43.4,0.998,0.0,0,2,2015,30_81
0.3,0.5,0.554,13.5,0,1,2015,26_91
18.3,2.0,1.0,1.0,0,2,2010,25_92
0.7,0.3,0.294,0.5,0,2,2015,24_92
10.1,7.2,1.0,0.0,1,2,2014,25_90
4.5,24.0,0.916,1.0,1,2,2011,28_82
4.7,2.4,1.0,0.0,1,2,2014,25_90
16.2,27.9,1.0,11.0,1,2,2010,25_94
0.0,31.9,1.0,28.5,0,2,2014,33_75
18.0,16.4,0.943,4.0,1,2,2013,27_83
31.7,0.8,0.949,1.0,0,1,2016,24_92
0.0,50.5,1.0,8.5,0,2,2015,33_75
14.5,21.5,1.0,8.5,1,1,2013,32_75
12.5,19.7,0.937,15.0,1,2,2009,26_88
6.8,25.1,0.825,5.0,1,2,2011,30_79
35.9,15.1,0.951,2.0,1,2,2014,27_84
0.0,0.5,0.64,0.0,0,2,2016,31_68
24.9,11.2,0.941,1.5,1,2,2008,30_77
4.1,3.4,0.923,7.5,1,2,2015,23_92
21.4,35.5,0.943,0.0,0,2,2012,27_90
20.2,21.4,0.941,8.5,1,2,2008,27_84
121.6,21.4,0.945,3.5,0,2,2016,27_88
21.8,8.4,1.0,8.0,1,1,2015,25_94
33.0,0.6,0.945,6.5,1,2,2007,22_91
64.5,11.4,0.954,4.5,1,2,2011,27_84
57.9,1.7,0.953,0.0,0,2,2013,24_91
43.2,1.2,0.916,9.0,1,2,2010,19_72
27.4,18.5,0.947,15.5,1,2,2011,26_88
22.3,29.4,0.949,1.0,1,2,2010,27_87
4.8,7.6,1.0,0.5,1,2,2010,31_77
62.4,17.7,0.947,1.0,1,2,2008,28_82
10.4,7.1,1.0,2.0,1,2,2013,29_79
19.0,3.0,1.0,21.5,1,2,2016,26_91
1.1,1.2,0.54,0.5,0,2,2015,17_83
18.2,31.2,0.95,2.0,1,2,2008,27_87
18.5,18.4,0.95,1.0,1,1,2015,27_86
33.8,2.5,1.0,0.0,1,2,2007,17_73
8.1,22.8,0.924,4.0,0,2,2017,25_94
5.9,39.2,0.929,7.0,1,2,2011,32_77
11.0,20.4,1.0,7.0,1,2,2012,30_78
27.2,22.3,0.95,4.5,1,2,2013,27_83
4.5,4.5,0.804,0.0,1,2,2015,33_71
14.3,27.5,0.949,1.5,1,2,2009,27_87
0.6,37.4,0.826,2.5,0,2,2015,27_86
36.5,3.9,1.0,1.0,0,2,2010,25_93
39.3,8.1,0.924,8.5,1,2,2016,30_77
37.1,5.4,1.0,23.0,1,1,2014,26_91
5.4,16.3,0.92,2.0,1,2,2007,28_82
0.0,0.4,0.698,0.0,1,2,2010,34_72
5.0,15.7,1.0,3.0,1,2,2010,26_94
78.5,2.1,1.0,0.0,1,1,2011,15_73
16.5,19.8,0.939,12.5,1,2,2008,27_88
17.6,25.3,1.0,7.0,1,2,2015,30_78
1.7,28.6,1.0,28.5,0,2,2012,33_75
84.9,12.7,1.0,0.5,1,2,2013,31_77
6.5,27.4,1.0,16.0,0,2,2008,33_75
37.1,6.1,1.0,15.5,1,1,2014,26_91
7.1,30.2,0.882,0.0,0,2,2012,28_84
22.4,19.8,0.952,2.0,0,2,2010,34_72
3.9,1.4,0.726,2.0,1,2,2011,33_73
22.2,23.0,0.952,0.0,1,2,2016,28_94
27.9,50.9,0.95,1.5,1,2,2013,27_86
7.4,15.5,1.0,16.5,0,1,2017,33_75
19.0,1.3,1.0,1.0,1,2,2011,9_76
27.6,3.1,1.0,1.5,1,2,2011,17_73
32.2,5.5,0.946,6.5,1,2,2017,27_83
57.2,8.6,0.945,6.0,1,2,2016,27_84
16.1,1.1,0.84,5.5,1,2,2007,12_74
87.1,14.3,0.948,12.0,1,2,2010,26_88
0.8,3.7,0.491,0.0,1,2,2013,34_72
9.2,15.5,1.0,7.0,1,2,2016,30_79
35.0,13.7,1.0,7.5,1,2,2008,33_74
0.8,10.1,0.882,0.5,1,2,2007,22_92
1.8,0.3,0.685,0.0,1,2,2007,26_73
7.7,36.7,0.938,7.5,1,2,2013,28_83
87.0,40.6,0.953,1.5,1,2,2010,35_72
3.5,8.1,0.931,2.0,1,2,2014,27_87
19.4,12.2,0.936,0.0,0,2,2013,13_79
145.9,38.1,0.951,8.0,0,2,2009,27_88
11.9,2.8,0.942,2.0,1,2,2016,27_86
15.4,16.1,0.947,6.0,1,1,2016,28_83
10.5,19.1,1.0,4.0,1,1,2015,30_78
18.8,12.8,0.571,0.5,1,1,2013,31_76
79.3,9.7,0.952,0.5,1,2,2011,10_77
31.1,0.5,0.951,0.0,1,2,2016,22_77
12.5,3.0,1.0,22.5,1,2,2007,26_91
0.0,2.0,0.273,7.0,0,2,2016,19_72
0.2,2.7,0.88,2.0,1,1,2017,30_77
24.2,30.8,0.918,4.0,0,1,2017,30_79
38.8,10.8,1.0,4.0,1,1,2017,30_78
15.2,24.6,0.946,2.5,1,2,2016,27_85
29.2,2.4,0.963,8.0,1,1,2017,19_73
7.5,1.2,0.91,5.5,1,2,2017,19_73
32.3,37.1,0.608,1.0,0,1,2017,31_78
26.0,16.3,0.956,5.5,1,2,2017,30_78
20.7,14.0,0.945,5.5,1,1,2017,27_85
20.4,40.0,0.747,6.5,0,1,2017,30_78
40.1,28.8,1.0,4.5,0,1,2017,30_78
5.9,2.6,0.897,8.0,1,1,2017,19_73
6.5,34.9,0.884,5.0,1,2,2016,30_79
116.0,3.0,0.968,5.0,1,1,2017,27_93
52.8,15.5,1.0,4.0,0,1,2017,25_93
0.0,4.2,0.92,1.0,0,1,2017,25_92
51.8,27.8,0.671,0.0,0,2,2017,35_71
0.2,0.3,0.749,0.0,0,2,2016,24_91
0.9,20.3,0.909,3.5,0,2,2017,34_73
10.4,60.0,0.743,0.5,0,1,2017,35_74
8.8,3.3,1.0,1.0,1,1,2017,25_91
0.2,0.0,0.635,0.0,0,1,2017,31_73
73.3,26.7,1.0,29.5,0,1,2017,33_75
6.2,19.6,0.931,8.5,1,1,2017,27_84
49.0,18.6,0.941,1.0,1,2,2017,27_89
0.0,2.2,0.594,21.5,0,1,2016,26_91
9.6,20.2,1.0,11.5,1,2,2017,31_77
43.7,55.3,0.951,3.0,1,2,2016,28_85
43.7,34.0,0.951,2.5,1,1,2016,28_85
3.9,20.3,0.934,0.5,1,2,2017,28_94
15.1,1.1,1.0,0.5,1,2,2017,22_91
2.0,23.5,0.899,5.5,0,2,2016,28_83
0.0,12.9,0.521,8.0,0,1,2017,11_76
17.5,44.3,0.825,2.5,0,1,2017,36_74
61.5,17.1,0.947,1.0,1,1,2016,27_86
57.2,30.2,0.718,6.5,0,2,2017,34_74
13.1,26.4,0.924,11.0,0,2,2017,31_77
151.5,16.1,1.0,0.5,0,1,2017,24_93
0.0,42.2,1.0,30.0,0,2,2017,33_75
23.6,28.1,0.939,1.5,1,1,2017,27_89
0.0,0.7,0.186,0.0,0,2,2017,20_85
21.1,31.6,0.915,1.5,0,1,2017,35_73
1.0,41.4,0.878,1.5,0,1,2017,34_72
12.0,4.0,0.927,0.0,1,2,2017,22_92
31.2,38.5,0.579,0.0,0,1,2017,35_71
13.0,13.0,0.944,10.0,1,2,2016,28_83
53.0,16.0,0.959,6.0,0,1,2017,30_77
41.4,8.2,1.0,1.0,1,2,2017,25_91
0.5,12.8,0.762,9.0,0,1,2016,11_76
4.8,0.9,0.395,0.0,0,1,2017,10_77
0.0,0.6,0.309,0.0,0,1,2017,19_82
32.8,8.5,0.951,2.5,1,1,2016,27_87
0.0,3.0,0.642,2.5,0,1,2017,25_91
1.3,3.0,1.0,20.5,0,2,2017,26_91
0.0,10.3,0.667,0.5,0,2,2017,34_74
0.0,20.9,0.837,9.0,0,1,2017,33_75
0.0,10.6,0.323,0.0,0,2,2016,33_70
23.2,22.1,0.948,0.5,1,1,2017,27_89
14.1,25.2,0.873,3.0,1,1,2017,29_81
3.4,16.9,0.921,1.0,1,1,2017,23_93
15.1,0.1,0.882,1.5,0,1,2017,25_91
0.0,34.8,1.0,9.5,0,2,2017,33_75
95.1,20.0,0.968,10.5,1,1,2017,27_93
21.5,18.3,0.945,4.5,1,2,2016,28_83
43.9,25.5,0.949,3.0,1,1,2016,26_87
49.0,2.5,1.0,1.0,0,1,2017,25_93
4.5,5.0,1.0,3.0,1,1,2017,24_93
0.8,51.6,1.0,8.5,0,2,2017,33_75
4.1,54.1,0.848,1.5,1,2,2016,28_84
0.0,51.9,0.843,8.5,0,2,2017,33_75
0.0,23.1,0.793,8.5,0,1,2017,32_75
13.9,29.6,1.0,6.0,1,2,2017,27_93
0.0,26.7,0.97,25.0,0,1,2017,33_75
0.0,9.5,0.606,5.0,0,1,2017,18_73
0.0,24.5,0.504,0.0,0,1,2016,32_75
0.0,22.6,0.73,15.5,0,1,2016,33_75
12.7,23.0,0.895,1.0,0,1,2017,32_77
7.9,1.7,1.0,2.0,0,1,2017,8_76
0.9,24.8,0.914,0.5,0,2,2017,27_93
25.2,12.0,1.0,0.0,1,1,2017,24_93
2.0,28.4,0.31,10.5,0,1,2017,27_84
20.6,8.3,0.949,0.0,1,2,2017,29_81
0.0,19.8,0.778,2.0,0,2,2017,34_72
40.4,36.6,0.531,0.5,0,2,2017,34_74
56.6,10.7,1.0,1.5,1,2,2017,25_91
0.0,20.9,0.837,9.0,0,1,2017,33_75
8.1,4.1,0.932,1.5,0,2,2015,33_74
59.1,9.0,0.954,2.0,1,2,2017,27_85
94.1,1.1,0.967,9.0,1,2,2017,27_93
0.0,21.2,0.901,8.5,0,1,2017,32_77
0.0,59.4,0.898,8.5,0,2,2017,33_75
9.1,11.9,1.0,1.0,1,1,2017,29_80
0.0,1.0,0.548,5.5,0,1,2016,11_76
0.3,0.4,1.0,1.0,0,1,2017,25_92
58.8,1.7,1.0,0.0,1,2,2017,24_92
41.0,13.6,1.0,2.5,0,1,2017,25_93
14.3,16.5,1.0,28.5,0,2,2017,33_75
148.5,7.8,0.953,1.0,1,2,2017,23_92
0.0,7.1,0.763,9.0,0,2,2016,11_76
0.2,18.5,0.92,8.5,1,2,2017,27_84
0.0,0.2,0.379,1.5,0,1,2017,25_91
20.7,26.7,0.951,1.0,0,1,2017,35_73
33.4,33.6,1.0,29.5,0,2,2017,33_75
32.5,22.9,1.0,31.5,0,2,2017,33_75
56.1,18.4,0.676,0.5,0,2,2017,35_71
2.2,23.9,0.891,1.5,1,1,2017,24_93
7.3,23.5,0.937,2.5,1,2,2017,27_91
1.6,13.8,0.893,2.5,0,1,2017,33_75
1.4,36.1,0.979,29.5,0,2,2017,33_75
16.0,29.1,0.876,1.5,0,1,2017,35_72
15.4,14.1,1.0,12.5,1,2,2017,25_94
45.0,23.1,0.946,7.5,1,2,2017,27_88
0.0,56.6,0.925,1.5,0,2,2017,35_73
0.0,20.8,0.663,0.0,0,1,2017,23_93
0.4,2.4,0.772,2.0,1,2,2017,34_74
66.5,22.3,1.0,9.0,1,2,2017,27_93
71.6,7.6,0.968,5.5,1,2,2017,27_93
0.0,1.9,0.539,3.0,0,1,2017,22_92
6.5,25.4,0.859,2.0,0,2,2017,35_72
62.0,19.2,1.0,9.0,0,1,2017,27_93
57.9,42.2,0.662,1.0,0,1,2017,35_73
84.0,30.2,0.961,3.0,0,1,2017,25_92
0.0,29.6,1.0,27.5,0,1,2017,33_75
0.0,0.7,0.591,0.0,0,1,2016,20_86
0.0,4.9,0.449,0.0,0,1,2016,34_71
0.0,3.7,0.735,5.0,0,2,2017,25_96
2.0,6.6,1.0,8.0,0,1,2017,32_74
2.0,24.3,0.599,0.0,0,2,2017,35_71
10.8,27.4,1.0,28.0,0,1,2017,33_75
52.5,22.6,1.0,3.5,0,1,2017,25_93
76.6,14.9,1.0,9.5,1,1,2017,27_93
16.8,12.3,1.0,11.5,1,1,2017,25_94
0.0,0.4,0.312,0.0,0,1,2016,19_82
0.0,0.9,0.57,0.0,0,1,2017,23_91
5.3,2.3,0.925,0.5,1,2,2017,26_92
3.0,23.1,0.844,2.5,0,1,2017,28_84
17.3,22.0,1.0,31.5,0,1,2017,33_75
0.0,38.4,0.935,10.0,0,2,2017,33_75
0.0,21.9,0.981,31.5,0,2,2017,33_75
120.8,0.2,1.0,0.5,1,2,2017,26_93
0.3,15.2,0.886,1.0,0,1,2017,24_92
16.5,21.0,1.0,9.5,0,1,2017,25_93
3.7,16.8,0.935,5.5,0,2,2017,33_75
0.0,27.9,0.532,0.5,0,2,2017,31_77
16.6,5.4,1.0,0.5,1,1,2017,26_94
1.8,56.8,0.74,8.5,0,2,2017,33_75
0.0,27.6,0.796,31.5,0,1,2017,33_75
0.0,0.2,0.445,0.0,0,2,2017,25_89
16.2,17.1,1.0,13.5,1,2,2017,25_94
0.0,1.9,0.042,2.5,0,1,2017,15_73
17.6,2.5,0.95,1.0,0,2,2017,34_74
25.2,32.7,0.94,2.0,1,2,2017,28_85
0.0,32.7,0.876,10.5,0,2,2017,33_75
4.7,15.6,0.886,1.0,1,2,2017,29_81
4.2,7.9,1.0,5.0,0,1,2017,25_93
14.0,2.8,0.958,1.0,0,1,2017,34_74
30.1,21.3,0.884,3.5,1,2,2017,27_85
33.5,0.9,0.949,1.0,1,1,2017,24_91
46.0,28.1,1.0,29.5,0,2,2017,33_75
49.7,36.9,1.0,28.5,0,1,2017,33_75
0.0,25.6,0.264,6.0,0,2,2017,28_83
6.4,12.5,1.0,9.5,0,2,2017,33_75
16.1,9.7,0.944,1.5,1,1,2017,22_91
10.4,17.1,0.931,4.0,1,1,2017,29_81
23.1,4.3,1.0,1.0,1,2,2017,25_91
17.5,37.5,0.167,1.0,0,1,2017,32_78
17.7,13.8,0.949,5.0,1,2,2017,29_81
0.1,2.3,0.927,3.0,0,1,2017,34_74
94.1,8.9,0.967,8.5,1,1,2017,27_93
47.7,20.7,0.945,1.0,1,1,2017,27_89
0.0,3.5,0.6,0.0,0,1,2017,33_71
0.2,8.7,0.899,9.0,0,1,2017,11_76
7.3,9.4,0.387,0.5,0,1,2017,36_72
19.7,8.3,0.946,7.5,1,1,2016,23_92
6.8,43.6,0.624,0.5,0,1,2017,36_73
0.0,32.7,0.75,0.5,0,1,2017,31_77
16.1,19.8,1.0,9.0,1,2,2017,25_93
20.3,20.9,0.943,13.0,1,2,2016,28_83
6.0,29.2,0.911,8.0,0,2,2016,11_76
6.4,12.5,1.0,9.5,0,2,2017,33_75
106.1,9.5,0.95,4.0,1,2,2017,25_94
0.7,1.9,0.393,0.0,0,2,2017,15_75
0.0,29.0,0.588,1.0,0,1,2017,11_78
0.2,36.8,0.859,8.5,0,2,2017,33_75
14.5,14.5,1.0,11.0,0,2,2017,31_77
5.1,24.3,0.59,8.0,0,1,2017,11_76
0.7,37.1,0.893,31.5,0,1,2017,33_75
26.9,7.0,1.0,2.5,1,2,2017,26_94
7.0,13.9,0.92,0.0,0,1,2017,27_93
45.7,34.1,0.949,0.0,1,1,2017,27_91
1.2,23.3,0.443,5.0,0,2,2017,29_81
5.1,27.7,0.924,9.5,1,2,2017,27_84
10.7,26.3,1.0,7.5,1,2,2017,33_75
12.4,6.0,0.946,5.5,1,2,2017,24_93
15.4,11.6,0.938,0.5,0,1,2017,27_93
0.0,23.5,0.238,4.0,0,2,2017,28_83
0.0,19.2,0.8,8.0,0,1,2016,11_76
1.9,7.5,1.0,0.0,0,2,2017,25_92
7.4,22.7,0.715,7.5,0,1,2017,32_77
0.0,26.4,0.885,2.0,1,2,2017,34_73
74.4,14.9,1.0,0.5,1,1,2017,26_93
0.1,13.9,0.936,1.5,0,1,2017,33_75
0.0,2.8,0.594,22.5,0,1,2016,26_91
0.0,1.2,0.289,0.5,0,1,2017,17_78
0.0,21.0,0.43,1.0,0,0,2008,28_81
6.0,4.1,0.658,8.5,0,1,2009,28_83
0.0,7.6,0.671,4.5,0,0,2007,27_84
2.1,28.7,0.928,3.5,0,1,2007,27_88
0.4,26.8,0.856,2.0,0,0,2013,28_85
0.0,16.9,0.583,4.5,0,0,2009,28_83
0.0,18.9,0.847,1.0,0,0,2007,25_94
0.0,26.5,0.697,1.0,0,0,2008,33_74
9.6,11.3,0.944,6.0,1,1,2017,27_83
36.2,33.8,0.952,4.0,1,1,2017,30_79
0.0,46.0,0.551,2.5,0,0,2011,31_78
5.3,35.8,1.0,7.0,0,1,2009,30_79
2.1,21.2,0.913,2.5,0,1,2007,27_88
44.0,18.4,0.845,1.5,0,1,2009,27_88
0.0,1.0,0.282,0.5,0,0,2007,21_91
0.0,21.4,0.663,3.0,0,0,2009,29_80
0.0,0.6,0.269,1.0,0,0,2009,10_77
0.0,0.6,0.269,1.0,0,0,2009,10_77
0.0,15.0,0.387,2.0,0,0,2009,28_82
0.0,10.8,0.691,5.0,0,0,2011,25_93
0.0,13.8,0.819,13.0,0,0,2008,25_94
0.0,26.6,0.616,2.5,0,0,2009,26_94
0.0,7.5,0.861,17.0,0,0,2007,26_91
0.1,15.3,0.811,3.0,0,0,2009,26_94
0.0,3.9,0.598,1.5,0,0,2009,22_92
0.0,24.7,0.251,10.5,0,0,2009,27_84
13.3,22.0,0.901,5.5,0,1,2007,27_85
3.3,9.7,0.738,9.5,0,1,2009,26_91
0.4,4.0,0.625,20.0,0,0,2013,26_91
29.7,1.6,1.0,20.0,1,1,2017,26_91
0.0,1.4,0.397,1.5,0,0,2008,22_91
2.1,31.0,0.748,5.0,0,1,2009,27_85
2.5,14.1,0.862,1.5,0,1,2009,27_94
0.0,1.7,0.395,1.0,0,0,2011,21_92
24.5,17.4,0.84,1.0,0,1,2009,27_94
1.9,11.5,0.381,5.0,0,1,2009,27_85
2.9,17.7,1.0,3.5,0,1,2009,26_94
0.0,0.2,0.46,0.0,0,0,2008,17_96
3.6,5.6,0.532,9.0,0,1,2009,27_93
0.3,28.0,0.783,3.5,0,0,2009,28_85
0.0,1.8,0.14,2.0,0,0,2007,21_92
0.0,33.1,0.797,3.5,0,0,2007,27_86
0.0,9.5,0.75,8.0,0,0,2007,11_76
0.0,1.4,0.099,1.0,0,0,2009,32_75
18.5,16.6,1.0,3.5,1,1,2017,25_92
0.0,3.7,0.33,0.5,0,0,2007,21_92
4.3,10.7,0.92,2.0,1,1,2017,24_93
0.0,58.3,0.647,2.5,0,0,2011,31_78
6.0,54.5,0.79,5.0,0,1,2009,30_79
0.1,7.1,0.476,1.5,0,0,2009,29_80
0.0,24.2,0.729,7.0,0,0,2008,30_79
3.3,21.5,0.953,3.5,0,1,2009,29_79
0.0,1.7,0.323,1.0,0,0,2012,13_74
0.0,36.8,0.413,7.5,0,0,2011,33_74
0.0,6.7,0.62,2.5,0,0,2011,22_92
9.8,11.4,0.689,6.5,0,1,2009,31_76
0.0,11.8,0.45,6.0,0,0,2009,30_76
5.8,8.2,0.937,0.5,0,1,2009,33_74
0.0,1.4,0.312,1.5,0,0,2009,22_91
0.0,0.5,0.282,0.0,0,0,2009,22_91
0.3,9.1,1.0,6.5,0,0,2009,27_93
14.5,1.5,0.719,5.5,1,1,2017,12_74
0.0,28.1,0.911,7.5,0,0,2008,33_74
0.0,9.5,1.0,6.5,0,0,2009,27_93
2.8,0.6,0.402,1.5,0,1,2013,8_76
1.4,1.1,0.35,0.0,0,0,2009,21_85
0.0,14.4,0.688,8.0,0,0,2008,23_92
5.8,3.2,1.0,1.5,1,1,2017,13_74
0.0,13.5,0.724,3.5,0,0,2007,25_94
3.0,16.1,0.554,6.5,0,1,2009,31_76
0.0,23.3,0.826,3.5,0,0,2011,27_87
7.7,2.2,1.0,1.0,1,1,2017,15_74
0.0,33.5,0.748,2.0,0,0,2009,34_73
0.0,19.9,0.402,2.5,0,0,2009,32_78
0.0,3.2,0.273,8.0,0,0,2013,19_73
0.0,28.8,0.734,2.5,0,0,2013,28_84
0.0,11.9,0.361,9.5,0,0,2009,27_84
0.0,19.2,0.572,2.0,0,0,2013,25_93
0.0,25.9,0.38,5.0,0,0,2009,27_85
0.0,0.1,0.761,0.0,0,0,2007,24_92
0.0,14.9,0.39,10.5,0,0,2011,27_93
0.9,2.5,0.322,0.5,0,0,2008,14_74
0.0,53.3,0.84,8.5,0,0,2009,33_75
0.0,40.3,0.538,4.5,0,0,2008,30_78
0.0,15.9,0.586,11.5,0,0,2007,33_75
0.8,17.3,0.575,2.5,1,0,2017,32_78
10.3,26.2,0.775,0.5,0,1,2009,27_87
3.3,14.0,0.711,7.5,0,1,2007,23_92
1.7,19.8,0.698,8.5,0,0,2009,28_83
0.7,25.7,0.29,9.0,0,0,2009,27_84
1.9,15.6,1.0,2.0,1,1,2017,24_94
8.6,2.2,1.0,0.0,1,1,2017,19_73
0.0,4.3,0.645,4.5,1,0,2017,34_74
9.9,18.6,0.94,1.5,1,1,2017,29_81
0.0,1.0,0.352,0.0,0,0,2011,34_71
0.2,33.9,0.854,0.5,0,0,2009,28_83
0.0,8.4,0.614,1.0,0,0,2009,29_80
0.0,46.1,0.849,1.5,0,0,2009,35_75
17.8,21.1,1.0,3.0,1,1,2017,30_79
0.0,24.3,0.879,2.5,0,0,2011,34_73
0.0,24.8,0.713,18.5,0,0,2007,33_75
0.0,29.5,0.914,1.0,0,0,2013,27_90
0.0,36.3,0.744,6.5,0,0,2009,30_78
5.3,3.3,0.303,1.0,0,1,2007,27_83
0.0,27.9,0.664,8.5,0,0,2009,27_88
0.1,10.3,0.178,0.0,0,0,2007,28_83
9.0,25.1,0.903,31.5,0,1,2009,33_75
0.8,48.9,0.113,0.5,1,0,2017,36_74
0.0,7.1,0.433,5.0,0,0,2007,18_73
0.0,23.7,0.52,29.0,0,0,2007,33_75
0.0,25.8,0.695,22.0,0,0,2011,33_75
0.0,25.1,0.569,29.5,0,0,2007,33_75
0.0,31.6,0.776,8.5,0,0,2008,32_77
0.8,11.3,0.242,3.0,0,0,2009,34_77
0.0,6.5,0.552,0.0,0,0,2008,25_91
0.6,24.6,0.645,6.5,0,0,2009,27_85
0.5,46.2,0.747,2.5,0,0,2007,34_75
0.0,14.7,0.346,4.0,0,0,2009,24_93
0.0,8.2,0.791,0.0,0,0,2009,34_73
0.5,14.5,0.37,3.5,0,0,2009,25_94
0.0,15.4,0.666,1.5,0,0,2007,34_73
0.0,29.3,0.708,16.0,0,0,2009,26_88
1.2,35.1,0.507,6.5,0,0,2008,30_78
0.0,22.7,0.762,2.5,0,0,2011,27_87
6.1,6.6,0.807,1.0,0,1,2009,9_76
0.0,25.4,0.848,5.0,0,0,2009,30_79
0.0,20.3,0.943,1.0,0,0,2008,31_76
0.0,41.8,0.695,0.0,0,0,2007,30_79
4.5,45.7,0.879,3.5,0,1,2007,27_88
0.4,20.6,0.533,9.0,0,0,2009,28_83
0.0,43.3,0.686,5.0,0,0,2009,32_77
6.9,16.3,0.932,4.0,1,1,2017,27_84
19.5,9.2,1.0,11.0,0,1,2009,31_77
1.0,0.4,0.577,0.0,0,0,2009,22_95
0.0,0.9,0.282,6.5,0,0,2009,22_91
0.0,11.2,0.652,2.5,0,0,2009,25_91
0.0,21.2,0.442,0.5,0,0,2007,34_73
2.8,34.2,0.8,3.0,0,1,2009,36_74
0.0,17.3,0.678,4.5,0,0,2008,29_81
0.0,7.6,0.85,1.5,0,0,2007,26_95
4.3,1.1,0.199,6.0,0,1,2008,15_73
0.0,1.3,0.613,0.0,0,0,2011,34_77
0.1,23.4,0.811,2.5,0,0,2011,28_82
0.0,10.9,0.366,4.0,0,0,2011,24_93
0.0,4.0,0.334,3.5,0,0,2007,27_93
9.9,27.6,0.362,1.0,0,1,2009,36_72
6.1,57.7,0.812,2.5,0,1,2009,28_85
25.1,45.2,0.948,8.5,0,1,2009,27_88
15.4,4.2,0.954,0.0,0,1,2009,34_73
1.2,24.1,0.75,2.5,0,0,2013,28_83
0.0,49.5,0.642,8.5,0,0,2013,28_83
0.0,7.5,0.274,0.0,0,0,2009,19_83
0.0,32.1,0.916,3.0,0,0,2007,25_92
0.5,14.9,0.527,0.5,0,0,2009,29_80
6.7,36.9,0.807,3.0,0,1,2013,28_83
0.0,22.8,0.405,0.0,0,0,2008,36_71
10.5,15.2,0.71,1.5,0,1,2009,23_92
17.4,32.0,0.945,1.5,1,1,2017,28_82
0.0,23.5,0.72,4.5,0,0,2009,30_78
26.9,29.2,0.939,8.0,1,1,2017,28_83
18.0,13.2,0.962,6.5,0,1,2007,27_88
11.8,1.4,0.349,0.0,0,1,2009,8_77
0.3,11.3,0.527,9.0,0,0,2009,30_77
0.0,21.0,0.616,2.5,0,0,2008,29_80
2.8,28.7,0.671,3.5,0,1,2009,28_84
0.0,11.0,0.285,4.0,0,0,2009,27_84
1.5,23.5,0.936,0.0,0,0,2009,34_74
0.0,27.3,0.484,4.0,0,0,2012,24_93
0.0,0.6,0.118,5.0,0,0,2009,15_73
5.2,14.0,0.734,7.0,0,1,2009,28_83
0.0,24.3,0.691,2.0,0,0,2007,28_82
1.5,7.0,0.946,0.0,0,0,2009,25_93
0.0,27.0,0.258,0.5,0,0,2007,33_77
0.0,22.3,0.883,6.5,0,0,2009,30_78
0.0,19.1,0.508,1.0,0,0,2009,25_94
0.0,11.3,0.56,0.5,0,0,2009,19_73
0.0,38.8,0.739,1.5,0,0,2009,27_87
0.0,11.6,0.273,3.0,0,0,2009,34_77
0.0,24.0,0.481,5.0,0,0,2009,28_83
0.0,17.5,0.753,0.5,0,0,2007,30_77
0.0,23.5,0.594,2.5,0,0,2009,30_77
0.0,18.0,0.565,0.0,0,0,2007,28_81
0.0,21.2,0.491,4.0,0,0,2009,24_93
0.0,22.9,0.838,2.0,0,0,2009,27_87
0.0,37.5,0.799,7.0,0,0,2009,27_85
0.0,10.2,0.739,0.5,0,0,2007,27_93
0.0,15.2,0.642,2.5,0,0,2009,9_76
0.0,12.2,0.464,3.0,0,0,2009,29_79
6.2,38.5,0.715,0.5,0,1,2009,34_74
1.3,23.6,0.945,1.5,0,0,2009,33_74
2.9,0.8,0.485,2.0,0,1,2007,8_76
0.0,3.0,0.267,4.5,0,0,2009,16_80
0.0,12.3,0.573,2.5,0,0,2009,25_90
0.0,25.2,0.725,3.5,0,0,2009,27_87
0.1,24.4,0.476,5.0,0,0,2009,30_79
2.2,4.7,1.0,0.0,0,1,2013,12_75
5.8,1.9,1.0,1.5,0,1,2009,9_76
0.0,18.0,0.754,0.0,0,0,2009,11_77
0.0,2.2,0.258,11.0,0,0,2009,19_72
0.0,6.3,0.642,1.5,0,0,2013,15_74
11.3,2.5,1.0,0.0,1,1,2017,17_73
0.0,0.4,0.446,0.0,0,0,2008,23_90
0.0,33.8,0.791,0.5,0,0,2008,32_77
9.7,34.8,0.736,1.0,0,1,2009,34_73
188.5,21.1,1.0,0.5,1,1,2017,25_91
7.5,4.9,0.621,21.0,0,1,2007,26_91
0.0,31.6,0.849,0.0,0,0,2007,34_76
22.8,28.8,0.936,6.5,0,1,2013,34_74
0.0,25.3,0.996,28.5,0,0,2009,33_75
2.6,8.7,0.797,0.5,0,1,2007,22_92
0.0,22.9,0.559,2.5,0,0,2007,30_78
0.0,31.5,0.604,2.5,0,0,2009,10_77
0.0,21.3,0.333,0.5,0,0,2007,30_79
0.0,0.7,0.823,0.5,0,0,2007,27_96
4.5,36.1,1.0,0.5,0,1,2009,34_73
0.5,15.2,0.669,8.0,0,0,2007,32_75
52.6,7.0,1.0,12.5,1,1,2017,25_94
0.0,10.7,0.286,2.0,0,0,2009,27_85
0.0,22.9,0.64,1.5,0,0,2008,24_93
0.0,3.1,0.314,1.5,0,0,2008,29_78
1.7,23.5,0.906,2.0,0,0,2008,27_88
0.0,20.8,0.534,3.5,0,0,2011,30_78
33.6,3.7,1.0,0.0,0,1,2007,25_92
1.7,16.1,1.0,11.5,1,0,2017,33_75
0.0,3.8,0.251,0.5,0,0,2009,32_75
0.0,21.6,0.81,7.5,0,0,2007,33_74
12.7,13.7,1.0,2.0,0,1,2009,33_74
0.2,0.2,0.638,2.0,0,0,2009,24_93
5.6,27.1,1.0,29.5,0,1,2009,33_75
25.2,25.1,0.936,1.5,1,1,2017,27_89
0.0,2.6,0.671,2.5,0,0,2008,22_92
6.7,21.4,0.466,1.5,0,1,2009,26_86
0.0,9.6,0.673,7.5,0,0,2013,25_94
0.0,37.6,0.995,8.0,0,0,2009,33_75
20.9,16.0,0.948,1.5,0,1,2009,33_74
0.0,41.0,0.709,3.0,0,0,2009,35_73
0.0,1.4,0.138,5.5,0,0,2007,12_74
3.6,35.2,0.912,1.0,0,1,2009,27_90
0.0,10.9,0.424,9.0,0,0,2009,30_77
0.0,28.3,0.85,2.5,0,0,2009,34_73
6.4,37.3,0.681,4.0,0,1,2009,32_77
1.1,22.7,1.0,1.5,0,0,2009,32_76
0.0,4.4,0.808,0.5,0,0,2008,26_94
0.0,1.3,0.786,2.0,0,0,2009,33_73
0.3,24.4,0.834,0.5,0,0,2009,31_77
0.0,3.5,0.623,17.0,0,0,2011,26_91
0.8,14.3,0.831,0.5,0,0,2008,27_92
6.3,24.8,0.895,7.0,0,1,2008,27_88
0.0,16.3,0.671,6.0,0,0,2008,28_83
0.0,43.6,0.753,5.5,0,0,2008,30_79
0.1,24.8,0.352,1.5,0,0,2009,28_82
0.0,16.6,0.203,1.0,0,0,2009,29_80
0.0,4.1,0.63,0.0,0,0,2008,24_94
0.0,40.1,0.71,1.5,0,0,2009,28_85
0.1,20.7,0.444,9.5,0,0,2007,26_88
11.0,37.3,0.921,2.0,0,1,2007,30_80
0.4,18.3,0.759,15.0,0,0,2008,27_88
0.5,14.9,0.656,3.5,0,0,2008,28_84
0.1,16.2,0.705,3.5,0,0,2007,32_76
0.0,28.4,0.88,1.5,0,0,2009,34_73
0.0,12.6,0.478,0.0,0,0,2009,19_97
0.0,41.3,0.286,3.0,0,0,2007,35_73
1.8,40.5,0.827,0.5,0,0,2009,28_96
0.0,15.8,0.76,3.0,0,0,2011,34_74
3.8,32.3,0.875,0.5,0,1,2008,27_86
0.0,11.2,0.595,5.0,0,0,2007,18_73
10.6,15.6,0.936,6.5,0,1,2008,27_88
0.9,30.8,0.896,1.5,0,0,2008,29_81
0.0,11.8,0.426,2.0,0,0,2007,33_74
0.0,18.2,0.321,0.5,0,0,2007,24_72
0.0,0.5,0.277,0.0,0,0,2009,18_79
0.0,16.6,0.358,0.0,0,0,2009,34_76
0.0,16.7,0.48,4.0,0,0,2007,30_78
0.0,23.1,0.874,1.0,0,0,2009,35_72
0.0,13.7,0.792,2.0,0,0,2011,26_94
16.8,18.2,1.0,0.0,1,1,2017,27_95
0.0,3.2,0.268,4.5,0,0,2009,16_80
2.1,16.8,0.435,3.5,0,1,2009,27_84
0.0,1.2,0.562,0.0,0,0,2009,21_94
0.1,52.0,0.739,4.0,0,0,2009,30_79
0.0,48.7,0.811,7.0,0,0,2011,30_79
1.3,1.5,0.589,0.0,1,0,2017,12_76
0.0,13.0,0.573,4.0,0,0,2008,24_93
0.0,37.8,0.622,2.5,0,0,2009,28_84
0.0,14.5,0.612,4.0,0,0,2013,26_94
0.7,12.1,0.657,3.0,0,0,2009,25_93
0.0,2.5,0.444,0.0,0,0,2009,25_75
16.4,30.2,1.0,1.5,0,1,2009,31_77
13.0,54.6,0.718,4.0,0,1,2009,31_78
20.0,3.2,1.0,21.5,1,1,2017,26_91
0.0,1.3,0.637,0.5,0,0,2009,32_75
0.0,1.9,0.278,8.0,0,0,2007,19_73
0.0,39.9,0.755,3.0,0,0,2008,35_73
0.0,16.7,0.811,0.5,0,0,2008,27_88
0.0,15.2,0.676,1.0,0,0,2008,27_94
16.3,20.6,0.913,8.5,1,1,2017,30_77
0.0,0.6,0.334,5.5,0,0,2011,12_74
0.0,2.6,0.706,21.5,0,0,2009,26_91
0.0,23.3,0.312,5.0,0,0,2009,24_93
0.0,41.7,0.655,2.0,0,0,2007,29_82
23.9,27.1,0.964,5.0,0,1,2009,25_93
4.9,40.7,0.855,2.0,0,1,2009,27_88
0.0,9.9,0.718,3.0,0,0,2008,26_94
0.0,38.3,1.0,31.0,0,0,2009,33_75
0.0,13.3,0.44,9.0,0,0,2009,30_77
0.0,0.2,0.527,0.0,0,0,2007,10_78
0.0,3.7,0.637,3.0,0,0,2008,22_92
0.5,31.1,0.802,2.0,0,0,2009,28_85
0.0,1.4,0.788,6.5,0,0,2007,22_91
0.0,1.3,0.351,4.0,0,0,2011,21_92
1.2,31.8,0.86,7.5,0,0,2009,27_88
0.0,3.5,0.348,0.5,0,0,2013,24_92
0.0,29.4,1.0,9.0,0,0,2009,33_75
0.8,32.1,0.925,3.0,0,0,2009,32_77
0.0,1.1,0.273,7.5,0,0,2009,19_73
0.8,23.9,1.0,8.5,0,0,2009,32_75
1.0,2.7,0.586,0.0,0,0,2013,13_76
0.0,27.8,0.223,4.0,0,0,2009,29_81
21.0,33.2,0.877,6.5,0,1,2007,30_79
0.0,7.5,0.902,4.0,0,0,2007,28_84
1.4,31.8,0.855,0.5,1,0,2017,29_95
0.0,0.2,0.424,6.5,0,0,2008,11_76
1.7,1.9,0.854,21.5,0,0,2007,26_91
0.0,5.3,0.601,0.5,0,0,2009,10_76
0.0,17.0,0.637,1.0,0,0,2009,28_82
0.0,29.8,0.814,7.0,0,0,2008,30_79
0.0,35.4,0.642,3.5,0,0,2009,31_78
0.0,7.6,0.383,4.0,0,0,2009,27_83
0.0,1.8,0.154,0.5,0,0,2009,32_75
26.2,24.4,0.949,12.5,1,1,2017,26_88
0.0,16.2,0.453,1.5,0,0,2009,28_82
0.0,8.5,0.927,11.0,0,0,2009,31_77
0.0,17.0,1.0,11.5,0,0,2009,33_75
0.0,0.1,0.307,0.0,0,0,2007,25_82
4.8,1.0,1.0,2.5,0,1,2008,10_76
0.0,30.2,0.639,9.0,0,0,2007,30_78
0.0,11.1,0.981,1.0,0,0,2009,29_80
3.3,3.5,0.893,0.0,0,1,2009,34_71
0.4,1.6,0.717,0.5,0,0,2007,26_94
0.0,1.0,0.579,7.0,0,0,2008,27_93
0.1,30.4,0.575,0.0,0,0,2008,27_86
0.0,3.0,0.663,4.5,0,0,2009,9_76
0.0,9.7,0.795,4.0,0,0,2008,34_74
0.0,12.8,0.753,7.5,0,0,2011,28_83
0.0,11.0,0.891,4.0,0,0,2009,34_74
2.3,1.5,0.941,3.5,0,1,2009,29_80
4.4,18.3,0.906,7.5,0,1,2009,27_88
0.0,22.7,1.0,29.0,0,0,2009,33_75
0.0,11.1,0.542,5.0,0,0,2009,18_73
0.0,14.1,0.716,6.5,0,0,2008,28_83
0.0,7.9,0.365,1.0,0,0,2009,28_81
0.0,1.0,0.579,4.0,0,0,2008,21_92
19.4,24.3,0.944,3.5,1,1,2017,28_83
0.0,24.0,0.373,0.0,0,0,2009,31_76
0.0,8.5,0.098,1.0,0,0,2007,32_75
0.0,3.4,0.458,1.0,0,0,2011,14_74
0.0,11.6,0.454,7.5,0,0,2008,23_92
0.4,4.5,0.614,4.0,0,0,2009,28_84
0.0,16.3,0.292,5.5,0,0,2009,27_83
0.0,9.2,0.661,8.0,0,0,2009,25_94
9.7,31.0,0.511,1.0,0,1,2009,36_72
0.0,9.5,0.528,1.0,0,0,2007,28_82
16.3,33.1,1.0,7.5,0,1,2009,33_74
16.5,20.7,0.929,3.5,1,1,2017,27_85
3.8,60.0,0.84,7.0,0,1,2009,30_79
0.0,8.8,0.84,3.5,0,0,2009,34_74
0.0,0.1,0.595,0.0,0,0,2008,24_92
3.8,23.9,0.6,4.0,0,1,2013,26_88
0.0,11.8,0.697,0.0,0,0,2009,29_79
1.2,21.0,0.777,1.0,0,0,2009,29_82
7.8,23.2,0.853,1.5,0,1,2009,33_74
0.0,34.7,0.664,6.0,0,0,2009,32_77
0.0,22.7,0.351,1.0,0,0,2007,23_92
1.7,14.1,0.743,12.0,0,0,2009,25_94
0.0,18.5,1.0,1.5,0,0,2007,26_94
0.0,39.4,0.433,1.0,1,0,2017,35_73
0.0,27.3,0.263,4.5,0,0,2009,27_84
11.3,10.2,1.0,3.0,0,1,2008,9_76
0.0,30.7,0.799,8.5,0,0,2012,27_88
0.0,7.3,0.581,1.0,0,0,2007,11_75
0.0,13.8,0.409,4.0,0,0,2009,30_78
0.0,1.0,0.709,23.0,0,0,2011,26_91
0.0,2.1,0.573,1.0,0,0,2007,15_74
0.0,15.1,0.754,3.0,0,0,2007,26_94
0.6,6.2,0.685,5.0,0,0,2009,25_96
0.0,22.8,0.33,1.5,0,0,2009,24_92
0.0,4.8,0.603,1.5,0,0,2009,25_94
0.0,47.9,0.934,30.5,0,0,2009,33_75
0.0,28.0,0.51,10.0,0,0,2009,28_83
0.0,49.3,0.85,1.5,0,0,2008,30_78
0.0,0.3,0.225,0.0,0,0,2007,30_70
0.0,6.1,0.672,19.0,0,0,2013,26_91
0.0,11.0,0.277,0.5,0,0,2009,27_85
0.4,32.3,0.856,7.5,0,0,2007,30_79
0.0,29.8,0.736,3.5,0,0,2013,27_87
0.0,26.9,0.509,2.0,0,0,2009,27_85
0.1,6.2,0.594,3.0,0,0,2008,29_80
0.0,17.7,0.61,2.5,0,0,2009,10_77
0.0,17.6,0.924,0.5,0,0,2008,34_73
0.0,15.6,0.578,2.0,0,0,2007,26_86
0.0,0.8,0.559,0.0,0,0,2007,9_76
1.2,34.8,0.64,10.5,0,0,2008,30_78
5.6,14.3,1.0,7.0,0,1,2007,25_94
0.0,0.1,0.575,1.5,0,0,2009,25_91
0.0,19.2,0.711,0.0,0,0,2008,29_80
0.1,14.0,0.763,12.0,0,0,2009,25_94
0.0,0.5,0.477,0.5,0,0,2008,24_92
0.0,1.0,0.453,13.0,0,0,2009,26_88
0.0,36.0,0.59,4.0,0,0,2008,30_78
3.9,16.4,0.809,0.0,0,1,2009,29_79
0.2,8.6,0.65,1.0,0,0,2009,9_77
0.0,39.6,0.7,3.0,0,0,2007,31_78
0.0,4.6,0.336,4.5,0,0,2007,16_80
0.1,25.6,0.696,9.5,0,0,2007,26_88
1.3,33.1,0.895,0.0,0,0,2009,35_69
0.6,1.2,0.779,0.0,0,0,2009,11_75
0.4,17.4,0.552,17.0,0,0,2013,26_88
0.0,12.8,0.842,0.0,0,0,2013,30_79
0.0,32.3,0.753,3.0,0,0,2007,36_74
0.0,28.3,0.817,1.5,0,0,2011,26_94
0.0,9.7,0.38,0.0,0,0,2007,19_73
98.6,7.8,0.953,11.0,1,1,2017,28_83
6.4,6.0,0.857,10.0,0,1,2009,27_93
0.2,24.1,0.899,0.5,0,0,2009,27_93
0.0,38.7,0.609,0.5,0,0,2008,36_73
5.7,1.7,0.919,1.5,0,1,2009,33_74
0.0,10.5,0.352,1.0,0,0,2009,29_80
0.0,9.2,0.682,1.5,0,0,2007,23_94
0.0,19.8,0.982,8.0,0,0,2009,33_74
0.0,13.4,0.351,5.5,0,0,2009,27_85
16.7,30.3,0.959,0.0,0,1,2009,28_95
0.0,32.1,0.693,9.5,0,0,2009,32_77
4.7,11.2,0.511,2.5,0,1,2009,26_88
0.9,23.9,0.983,0.5,0,0,2007,25_93
0.0,9.8,1.0,28.5,0,0,2007,33_75
0.0,0.3,0.281,1.0,0,0,2009,24_91
0.0,49.4,0.839,9.5,0,0,2007,33_75
0.0,0.6,0.276,1.0,0,0,2009,10_77
4.1,33.7,0.92,14.5,0,1,2009,27_88
0.0,0.3,0.32,0.0,0,0,2009,26_87
0.9,16.5,0.782,6.0,0,0,2009,27_88
0.2,13.3,0.565,6.5,0,0,2009,28_83
0.0,28.8,0.674,1.5,0,0,2007,27_87
0.0,26.9,0.603,5.0,0,0,2008,29_81
0.0,26.3,0.431,0.0,0,0,2007,36_71
7.2,13.0,0.688,7.0,0,1,2008,30_78
0.0,8.7,0.356,7.5,0,0,2009,23_92
0.6,0.5,0.846,0.5,0,0,2007,23_91
0.0,0.7,0.62,0.0,0,0,2008,22_91
0.0,19.8,1.0,29.5,0,0,2008,33_75
0.9,14.3,0.722,4.0,0,0,2011,27_88
0.0,46.2,0.682,0.5,0,0,2008,34_74
0.0,27.5,0.598,4.0,0,0,2011,29_81
5.2,21.6,1.0,3.5,0,1,2007,26_94
0.0,2.2,0.306,0.0,0,0,2007,24_73
0.0,0.4,0.587,23.0,0,0,2009,26_91
0.0,10.3,0.518,1.0,0,0,2007,28_81
10.3,12.5,0.888,1.0,0,1,2009,33_74
0.0,10.6,0.389,5.0,0,0,2009,27_85
0.7,0.7,0.195,0.0,0,0,2009,8_77
0.0,9.3,0.348,1.5,0,0,2009,23_93
4.7,1.9,0.37,0.0,0,1,2007,24_85
1.1,46.3,0.756,7.0,0,0,2007,30_79
0.0,27.2,0.792,13.5,0,0,2009,27_88
0.0,0.1,0.309,0.0,0,0,2009,25_88
0.2,22.1,0.536,5.5,0,0,2009,27_85
3.5,8.2,0.564,1.5,0,1,2009,28_83
0.7,19.8,0.826,0.5,0,0,2011,27_83
0.0,10.4,0.775,12.5,0,0,2008,25_94
0.0,3.9,0.885,0.0,0,0,2007,25_91
4.0,3.7,0.592,3.0,0,1,2009,24_93
0.4,24.9,0.781,4.5,0,0,2009,30_78
0.0,40.4,0.596,0.0,0,0,2009,36_73
0.0,10.5,0.895,0.5,0,0,2009,34_72
0.0,24.3,0.586,2.0,0,0,2009,28_82
0.0,2.8,0.445,0.5,0,0,2013,27_82
0.0,25.5,0.939,7.0,0,0,2009,30_78
0.0,1.5,0.648,21.0,0,0,2009,26_91
0.0,18.2,0.588,4.5,0,0,2007,27_83
0.0,27.6,0.737,12.5,0,0,2007,28_83
78.9,36.5,0.951,5.5,1,1,2017,30_79
0.0,1.7,0.429,1.5,0,0,2009,29_78
0.0,56.0,0.872,2.5,0,0,2009,28_84
0.0,1.6,0.727,22.5,0,0,2008,26_91
0.2,4.6,0.689,0.5,0,0,2009,25_92
0.0,19.8,0.754,0.0,0,0,2007,29_94
2.6,0.8,1.0,0.0,1,1,2017,27_95
0.0,1.0,0.66,0.5,0,0,2007,12_77
0.0,21.2,0.569,31.5,0,0,2007,33_75
0.1,25.4,0.889,2.5,0,0,2011,27_85
0.0,2.8,0.539,0.5,0,0,2011,23_91
0.6,37.2,1.0,2.0,0,0,2009,31_77
0.0,27.1,0.266,1.0,0,0,2009,28_82
8.9,2.3,0.787,7.5,0,1,2009,33_74
0.0,26.6,0.73,6.5,0,0,2008,34_74
23.5,32.8,0.945,1.5,0,1,2009,25_93
0.0,23.3,0.767,0.0,0,0,2009,29_82
0.0,50.2,0.691,0.0,0,0,2008,36_74
15.7,30.5,0.959,3.0,0,1,2009,32_77
5.3,0.4,0.573,0.0,1,1,2017,12_80
0.0,15.6,0.678,0.5,0,0,2007,30_78
0.0,4.7,0.678,18.5,0,0,2009,26_91
6.1,35.7,0.876,6.0,0,1,2009,30_78
7.8,17.9,1.0,2.5,1,1,2017,31_77
0.1,15.3,0.635,11.0,0,0,2009,31_77
0.0,34.2,0.793,3.0,0,0,2009,28_84
0.0,11.4,0.703,7.0,0,0,2012,25_94
0.0,60.0,0.769,3.0,0,0,2009,28_85
0.0,12.2,0.995,11.0,0,0,2009,31_77
1.2,21.7,1.0,2.5,0,0,2009,31_77
0.0,3.1,0.18,0.5,0,0,2007,32_74
5.2,45.3,0.757,1.5,0,1,2009,27_88
0.0,35.1,0.462,13.0,0,0,2009,28_83
11.4,26.5,0.731,0.0,0,1,2009,35_74
2.4,11.2,0.908,2.5,0,1,2009,33_74
0.1,38.5,0.685,2.5,0,0,2009,29_80
2.7,30.7,0.673,8.0,0,1,2008,27_88
0.4,6.2,0.862,9.0,0,0,2009,28_83
0.0,3.4,0.903,2.5,0,0,2009,25_90
0.0,6.8,0.325,1.0,0,0,2008,29_79
0.0,12.6,0.774,3.0,0,0,2009,28_84
0.0,3.6,0.131,2.0,0,0,2009,15_73
0.0,34.5,0.864,0.0,0,0,2007,25_94
0.0,33.5,0.488,0.0,0,0,2007,34_73
13.9,9.0,0.818,4.0,0,1,2007,26_94
2.8,6.5,0.578,0.5,0,1,2009,22_91
0.0,7.2,0.307,0.0,0,0,2009,24_85
0.0,11.8,0.562,2.0,0,0,2009,27_85
0.3,41.3,0.941,7.5,0,0,2009,30_79
0.4,24.5,0.428,8.0,0,0,2009,33_74
3.2,9.9,0.681,0.5,0,1,2009,28_80
0.0,21.4,0.648,13.5,0,0,2007,27_88
0.0,13.3,0.84,3.0,0,0,2009,27_88
0.0,17.2,0.852,3.5,0,0,2008,26_94
0.0,30.5,0.342,6.5,0,0,2009,27_84
0.0,14.3,0.453,4.0,0,0,2009,24_93
0.0,17.7,0.772,2.0,0,0,2011,33_74
0.1,21.0,0.318,8.0,0,0,2009,27_84
0.2,24.1,0.687,17.0,0,0,2009,26_88
0.0,39.1,1.0,31.0,0,0,2007,33_75
10.0,14.8,0.742,2.0,0,1,2008,28_85
0.0,39.7,0.698,2.0,0,0,2009,29_82
0.0,9.2,0.431,5.0,0,0,2009,18_73
0.0,18.7,0.383,0.0,0,0,2008,19_84
0.0,20.2,0.536,0.0,0,0,2009,34_76
19.7,55.0,0.92,0.0,1,1,2017,27_96
0.1,30.4,0.469,7.5,0,0,2011,29_81
0.3,14.6,1.0,0.0,0,0,2009,34_73
0.0,26.4,0.775,0.5,0,0,2007,28_96
32.1,49.8,0.667,3.0,0,1,2009,35_73
0.0,23.1,0.369,3.5,0,0,2008,32_76
0.0,19.3,0.683,1.0,0,0,2008,27_86
0.2,14.5,0.843,9.0,0,0,2012,27_88
0.0,22.5,0.459,1.5,0,0,2011,35_73
0.0,23.7,0.61,2.0,0,0,2007,28_82
0.0,0.5,0.307,1.5,0,0,2009,28_77
0.3,10.0,0.506,11.0,0,0,2009,28_83
1.7,27.9,0.666,2.5,1,0,2017,34_74
0.0,16.8,0.534,5.0,0,0,2011,30_78
1.4,2.2,0.424,5.5,0,0,2007,30_78
0.0,16.2,0.808,6.0,0,0,2011,28_83
0.3,14.5,0.445,2.5,0,0,2009,26_87
9.9,30.4,0.864,0.0,0,1,2009,27_86
1.8,11.6,0.83,4.0,0,0,2013,27_88
0.3,38.7,0.803,2.0,0,0,2009,27_85
1.0,41.1,0.707,3.0,0,0,2007,31_78
0.0,13.3,0.318,8.5,0,0,2007,32_75
0.3,18.7,0.988,12.5,0,0,2007,25_94
0.0,3.9,1.0,21.5,0,0,2007,26_91
0.0,9.3,0.617,2.5,0,0,2008,30_78
0.0,0.5,0.481,0.0,0,0,2009,22_91
0.0,31.8,0.765,8.5,0,0,2008,32_77
18.6,11.7,0.999,2.0,0,1,2007,24_94
0.0,3.7,0.306,1.0,0,0,2009,18_82
0.8,26.3,0.536,10.5,0,0,2008,27_84
0.0,25.3,0.487,0.0,0,0,2008,30_77
0.0,31.7,0.861,4.0,0,0,2011,27_85
0.0,26.2,0.974,31.5,0,0,2009,33_75
0.0,29.8,0.599,1.0,0,0,2009,35_73
0.0,13.1,0.812,0.5,0,0,2007,33_73
0.0,7.2,0.647,2.5,0,0,2009,9_76
0.0,18.6,0.443,2.0,0,0,2009,29_81
0.0,24.4,0.367,5.0,0,0,2009,27_85
5.2,28.4,0.733,0.0,0,1,2009,29_95
0.0,2.4,0.203,3.5,0,0,2007,21_92
3.1,30.7,0.51,9.0,0,1,2007,32_77
0.0,0.8,0.355,4.0,0,0,2009,27_85
0.4,37.5,0.647,0.5,0,0,2009,29_81
0.0,21.9,0.459,6.0,0,0,2009,28_83
0.0,29.2,0.831,3.5,0,0,2009,30_78
0.0,10.6,0.943,5.0,0,0,2008,18_73
0.0,14.2,0.453,3.5,0,0,2009,27_86
14.6,21.1,0.901,8.0,0,1,2008,11_76
0.2,28.6,0.767,4.5,0,0,2007,28_83
0.0,8.0,0.358,1.0,0,0,2007,28_82
0.0,24.6,0.545,9.5,0,0,2007,27_84
0.0,13.8,0.302,1.0,0,0,2009,28_84
0.0,13.5,0.526,3.0,0,0,2009,29_79
0.0,11.3,0.316,5.5,0,0,2007,27_83
0.0,20.4,0.587,0.5,0,0,2009,30_78
3.7,16.0,1.0,0.0,0,1,2009,32_75
0.0,4.4,0.845,6.0,0,0,2011,27_84
0.3,16.4,0.825,2.5,0,0,2009,29_80
0.7,17.6,0.461,6.0,0,0,2009,29_81
0.0,22.7,0.668,4.5,0,0,2011,29_81
0.0,25.0,0.363,2.5,0,0,2009,27_85
0.0,17.2,0.426,4.0,0,0,2009,27_85
0.0,2.1,0.638,23.0,0,0,2008,26_91
0.0,0.0,0.639,0.0,0,0,2011,26_91
2.0,8.8,0.883,0.0,1,1,2017,33_74
0.0,4.3,0.76,1.5,0,0,2007,26_95
0.0,7.2,0.58,0.5,0,0,2009,14_74
1.5,47.2,0.906,2.5,1,0,2017,28_84
7.0,17.4,0.771,1.5,0,1,2009,27_87
123.2,17.0,0.953,15.0,1,1,2017,27_88
32.5,10.7,1.0,4.0,0,1,2009,25_93
0.0,36.8,0.749,0.0,0,0,2012,36_72
77.7,36.5,0.965,3.5,1,1,2017,27_88
17.9,28.8,1.0,1.5,0,1,2009,32_76
0.2,10.7,0.757,0.0,0,0,2007,11_76
0.0,36.6,0.838,0.5,0,0,2007,27_89
0.0,15.8,0.657,13.0,0,0,2009,27_88
0.0,28.8,0.678,8.0,0,0,2011,27_88
0.0,18.4,0.675,0.5,0,0,2009,30_77
0.0,18.2,0.276,0.0,0,0,2008,31_76
1.1,3.7,0.849,1.5,0,0,2009,35_75
0.0,22.8,0.661,1.0,0,0,2009,30_78
0.0,15.2,0.442,0.0,0,0,2009,25_94
0.0,15.3,0.305,3.0,0,0,2009,28_82
0.0,42.8,0.727,0.0,0,0,2007,34_75
26.3,10.4,0.933,6.5,1,1,2017,31_76
0.0,9.7,0.403,5.5,0,0,2013,27_93
2.3,11.6,0.587,0.0,0,1,2009,18_73
0.0,6.8,0.56,17.0,0,0,2009,26_91
0.0,7.0,0.794,4.0,0,0,2009,25_94
5.8,26.0,1.0,2.5,1,1,2017,30_79
0.0,10.7,0.917,2.5,0,0,2011,33_73
0.0,14.2,0.594,5.0,0,0,2007,30_79
0.4,1.8,0.24,5.0,0,0,2009,15_73
0.4,32.1,0.911,2.0,0,0,2009,31_77
0.0,21.8,0.472,0.0,0,0,2007,31_78
15.2,22.0,0.845,2.0,0,1,2009,27_88
0.0,33.3,0.753,0.0,0,0,2009,28_85
6.1,25.6,0.888,0.5,0,1,2008,27_86
0.0,0.2,0.334,0.0,0,0,2008,30_77
0.0,36.9,0.661,4.5,0,0,2009,28_85
4.4,2.6,0.622,0.5,0,1,2013,26_93
0.0,3.1,0.156,1.0,0,0,2007,15_73
0.0,45.6,0.806,1.5,0,0,2007,28_83
0.0,1.7,0.138,4.5,0,0,2009,15_73
0.0,17.8,0.733,3.0,0,0,2009,25_94
5.0,45.3,0.837,6.5,0,1,2009,30_78
0.0,7.4,0.641,1.0,0,0,2009,30_78
0.1,0.6,0.59,3.0,0,0,2009,24_93
0.2,14.3,0.309,1.0,0,0,2007,18_83
0.0,17.7,0.427,4.5,0,0,2009,27_83
15.1,24.3,0.573,1.5,0,1,2009,35_71
0.1,7.5,0.795,8.0,0,0,2011,28_83
2.6,22.5,0.823,5.0,0,1,2009,27_88
2.8,49.9,0.76,3.0,0,1,2008,28_85
0.2,13.6,0.321,2.5,0,0,2009,27_86
12.5,5.9,0.897,10.0,0,1,2009,27_93
2.1,41.6,0.525,1.0,1,1,2017,35_74
8.3,29.3,0.934,8.0,1,1,2017,27_88
0.8,7.4,0.88,0.5,0,0,2007,25_91
0.0,24.7,0.584,13.0,0,0,2009,28_83
0.0,18.1,0.491,2.5,0,0,2008,28_82
0.0,3.4,0.67,22.5,0,0,2009,26_91
0.2,21.9,0.711,0.0,0,0,2008,36_75
0.0,35.3,0.819,13.0,0,0,2011,28_83
0.0,3.0,0.894,2.0,0,0,2009,33_74
1.2,47.9,0.76,5.0,0,0,2007,32_77
17.3,41.2,0.903,1.5,0,1,2009,27_89
0.0,36.2,1.0,7.0,0,0,2009,30_79
0.0,23.6,0.538,1.0,0,0,2009,30_78
0.0,0.5,0.335,0.0,0,0,2012,21_83
2.1,5.8,0.935,0.0,0,1,2009,27_92
0.0,11.6,0.791,9.5,0,0,2011,27_84
4.6,24.9,0.494,10.5,0,1,2009,26_88
2.9,4.8,0.78,5.0,0,1,2009,25_96
0.0,33.6,0.729,2.5,0,0,2009,31_78
13.6,28.2,0.911,6.5,0,1,2013,34_74
36.8,25.8,0.95,10.0,1,1,2017,27_84
6.3,21.4,0.926,4.0,0,1,2007,25_93
0.0,9.5,0.577,11.0,0,0,2007,31_77
0.0,5.8,0.589,1.5,0,0,2009,25_92
0.0,11.6,0.44,7.0,0,0,2009,28_83
0.0,6.3,0.812,3.5,0,0,2011,28_84
1.4,0.4,0.924,4.5,0,0,2009,9_76
3.9,29.9,0.919,1.5,0,1,2009,27_86
0.8,13.1,0.347,5.5,0,0,2009,27_83
0.0,7.3,1.0,0.0,0,0,2009,33_73
1.0,44.6,0.545,1.0,1,0,2017,34_73
7.8,24.2,1.0,12.0,0,1,2009,25_94
0.0,8.8,0.591,2.5,0,0,2008,30_78
0.0,20.6,0.733,6.5,0,0,2008,27_85
0.0,11.3,0.818,7.0,0,0,2011,28_84
6.2,18.3,0.709,3.5,0,1,2009,31_77
0.0,8.9,0.431,5.0,0,0,2009,18_73
0.8,24.7,0.91,6.5,1,0,2017,34_74
4.3,35.9,0.857,0.0,0,1,2009,27_90
0.0,11.5,0.714,0.0,0,0,2009,28_94
0.0,11.7,0.811,1.5,0,0,2009,33_74
0.0,27.7,0.6,4.0,0,0,2007,28_83
0.1,13.6,0.555,0.0,0,0,2009,29_79
0.0,21.4,0.727,10.5,0,0,2008,28_83
0.0,0.5,0.338,3.0,0,0,2009,26_88
0.0,20.8,0.75,17.5,0,0,2011,26_88
0.2,0.6,0.638,0.0,0,0,2009,11_76
0.0,6.8,0.433,0.0,0,0,2009,18_73
0.0,0.2,0.294,0.0,0,0,2009,28_79
0.0,18.0,0.422,2.0,0,0,2009,27_86
0.4,16.3,0.732,14.0,0,0,2008,28_83
0.0,20.6,0.745,1.5,0,0,2007,29_80
0.0,4.9,0.293,0.0,0,0,2009,27_85
0.0,4.9,0.786,10.0,0,0,2007,28_83
13.3,29.4,1.0,28.5,0,1,2007,33_75
0.9,5.1,0.606,3.0,0,0,2009,16_73
0.0,7.0,0.599,0.5,0,0,2009,25_92
0.4,31.8,0.908,0.0,0,0,2011,27_87
0.0,22.8,0.726,5.5,0,0,2007,24_93
29.9,24.0,0.938,2.0,0,1,2013,27_88
0.0,20.6,0.817,8.0,0,0,2007,11_76
0.0,22.9,0.793,2.5,0,0,2009,29_80
0.0,8.2,0.762,1.0,0,0,2009,30_77
5.4,19.0,0.792,0.0,0,1,2009,35_71
0.0,12.5,0.738,13.5,0,0,2009,25_94
0.2,34.2,0.788,1.5,0,0,2007,27_88
0.0,17.0,0.369,2.5,0,0,2007,28_83
0.0,1.0,0.282,0.0,0,0,2009,25_89
0.0,8.7,0.611,0.0,0,0,2009,23_96
0.4,15.3,0.684,1.5,0,0,2011,32_76
13.7,22.2,1.0,31.5,0,1,2009,33_75
0.9,14.3,0.845,3.0,0,0,2008,28_84
15.7,0.1,0.776,0.0,0,1,2009,32_72
1.0,10.2,1.0,3.5,0,0,2007,26_94
0.0,19.8,0.454,3.0,0,0,2008,28_82
0.0,10.2,0.376,2.5,0,0,2009,28_82
0.0,34.0,0.95,3.0,0,0,2009,34_75
0.0,28.9,0.927,5.5,0,0,2009,34_74
87.1,3.7,0.95,7.0,1,1,2017,28_84
0.0,0.6,0.282,3.5,0,0,2009,21_92
2.5,24.3,1.0,4.5,1,1,2017,30_78
0.0,24.3,0.715,1.5,0,0,2008,27_89
0.0,8.1,0.49,0.0,0,0,2009,32_75
0.0,31.9,0.549,1.0,0,0,2009,34_77
0.0,11.4,0.7,11.5,0,0,2007,31_77
2.6,21.2,0.893,6.0,1,1,2017,34_73
2.3,25.7,0.926,16.0,1,1,2017,26_88
0.0,0.4,0.558,0.0,0,0,2007,15_78
6.0,0.4,0.896,0.5,0,1,2009,9_76
0.0,0.5,0.283,4.5,0,0,2009,16_80
5.6,15.9,0.902,9.0,0,1,2013,27_88
0.0,24.4,0.755,0.0,0,0,2007,35_72
0.0,22.5,0.678,1.0,0,0,2012,29_80
19.2,27.1,1.0,31.5,0,1,2009,33_75
0.0,4.1,0.22,0.5,0,0,2007,34_73
0.0,35.8,0.655,1.0,1,0,2017,35_74
0.0,9.9,0.612,4.5,0,0,2009,27_85
1.2,35.5,0.831,4.0,0,0,2008,30_79
0.0,13.8,0.834,2.5,0,0,2009,26_94
0.0,26.8,0.983,2.0,0,0,2009,31_77
3.1,36.2,0.704,0.0,0,1,2009,35_74
1.5,5.8,0.914,0.0,0,0,2009,10_76
1.7,30.1,0.676,0.0,0,0,2011,35_74
2.8,35.0,0.8,2.5,0,1,2009,36_74
0.0,34.1,0.785,5.0,0,0,2008,28_83
0.0,19.7,0.682,2.0,0,0,2009,23_94
0.0,0.1,0.648,0.0,0,0,2008,26_91
0.0,26.6,0.717,1.5,0,0,2009,27_89
0.0,5.7,0.259,0.5,0,0,2009,11_77
0.8,22.2,0.36,1.5,0,0,2009,27_86
0.0,3.3,0.333,1.5,0,0,2008,29_78
10.5,42.3,0.698,5.5,0,1,2008,32_77
0.7,31.1,1.0,2.5,1,0,2017,34_73
0.0,8.2,0.479,2.0,0,0,2007,24_94
0.0,3.3,0.644,4.5,0,0,2007,16_80
0.0,8.2,0.626,4.0,0,0,2007,10_76
0.1,25.0,1.0,7.5,0,0,2009,33_74
0.0,60.0,0.713,1.5,0,0,2009,35_73
0.8,25.1,0.796,0.0,0,0,2007,36_75
0.0,20.0,0.494,8.0,0,0,2009,11_76
0.0,13.3,0.674,1.5,0,0,2008,24_93
12.5,12.6,0.808,8.5,0,1,2013,30_77
0.0,3.4,0.558,22.0,0,0,2009,26_91
0.0,2.4,0.229,8.5,0,0,2009,19_73
0.0,8.3,0.456,8.5,0,0,2012,30_77
10.5,3.0,1.0,2.0,1,1,2017,16_73
0.0,20.9,0.37,6.5,0,0,2007,29_81
0.0,51.8,0.823,7.0,0,0,2009,30_79
5.7,23.7,0.924,11.0,0,1,2009,31_77
4.5,0.6,0.917,3.5,1,1,2017,18_72
30.5,37.1,0.949,6.5,0,1,2009,34_73
0.0,8.2,0.632,8.5,0,0,2008,30_77
0.0,2.1,0.227,2.0,0,0,2009,20_92
0.0,8.5,0.339,8.0,0,0,2009,23_92
0.0,1.9,0.411,2.0,0,0,2011,21_92
1.8,9.7,0.8,11.0,0,0,2007,31_77
0.0,34.1,0.416,1.0,0,0,2009,31_78
1.2,6.1,0.89,5.0,0,0,2009,25_96
0.1,43.1,0.48,2.5,0,0,2009,28_83
0.0,41.6,0.636,0.0,0,0,2009,30_80
0.0,1.7,0.56,2.0,0,0,2007,17_73
0.0,12.0,0.131,0.0,0,0,2009,32_75
9.9,15.3,1.0,2.0,0,1,2009,25_92
0.0,26.1,0.259,1.0,0,0,2007,29_80
0.0,29.2,0.284,2.0,0,0,2009,26_86
0.0,29.3,0.728,1.5,0,0,2009,31_78
1.1,15.7,0.404,6.0,0,0,2009,29_81
0.0,0.6,0.302,0.0,0,0,2009,24_88
0.0,4.6,0.37,2.0,0,0,2009,28_82
0.0,2.7,0.635,23.0,0,0,2009,26_91
0.0,21.7,0.407,2.5,0,0,2009,27_86
6.6,9.3,0.484,6.5,0,1,2008,31_76
0.0,1.7,0.214,4.5,0,0,2009,15_73
0.3,16.9,0.45,8.5,0,0,2009,30_77
0.9,27.9,0.666,4.0,0,0,2013,29_81
0.0,40.2,0.637,1.5,0,0,2009,28_82
0.9,23.5,0.872,10.5,0,0,2007,27_88
0.0,19.9,0.875,0.0,0,0,2009,34_70
3.4,12.2,0.273,3.0,0,1,2009,34_77
0.0,0.6,0.282,0.0,0,0,2009,24_84
0.0,23.4,0.727,4.5,0,0,2007,30_78
6.5,42.1,1.0,7.5,1,1,2017,33_75
0.0,23.1,0.488,8.0,0,0,2009,11_76
5.7,36.5,0.88,3.0,1,1,2017,34_75
27.6,24.0,0.935,3.0,1,1,2017,30_79
0.0,11.8,0.263,4.0,0,0,2009,27_83
0.0,24.5,0.647,13.5,0,0,2009,28_83
0.2,31.2,0.561,6.0,0,0,2009,27_85
0.0,3.3,0.277,4.5,0,0,2009,16_80
0.0,10.9,0.469,7.5,0,0,2009,23_92
0.0,15.2,0.403,6.0,0,0,2009,27_85
0.8,20.2,0.612,17.5,0,0,2009,26_88
0.0,9.8,0.326,1.0,0,0,2009,30_76
0.0,11.1,0.381,0.0,0,0,2009,19_83
1.5,31.4,0.606,1.0,0,0,2007,26_89
0.2,12.8,0.582,5.5,0,0,2009,30_78
20.5,23.7,0.894,3.0,0,1,2009,34_74
6.0,12.0,0.893,6.5,1,1,2017,31_76
0.0,41.6,0.64,3.0,0,0,2007,30_78
0.0,11.7,0.603,0.5,0,0,2009,14_74
0.0,9.7,0.438,2.5,0,0,2009,29_80
0.0,3.5,0.854,4.0,0,0,2008,11_76
0.0,11.7,0.427,6.5,0,0,2008,31_76
0.2,36.8,0.827,0.0,0,0,2007,27_87
0.2,15.0,0.849,6.5,0,0,2008,27_88
3.2,60.0,0.609,0.5,0,1,2011,29_95
0.0,0.9,0.202,4.0,0,0,2007,21_92
0.6,26.2,0.715,2.5,0,0,2009,27_85
4.2,11.8,0.491,1.0,0,1,2009,27_86
0.1,14.2,0.875,7.5,0,0,2009,27_88
0.0,1.0,0.457,0.0,0,0,2008,28_80
0.0,48.5,0.701,0.5,0,0,2008,28_95
0.0,1.6,0.273,8.0,0,0,2009,19_73
10.3,2.9,0.724,0.5,0,1,2009,24_92
0.0,23.3,0.697,12.0,0,0,2007,28_83
3.9,45.8,0.923,2.5,0,1,2009,27_88
4.3,0.7,0.997,0.5,0,1,2009,12_75
13.7,54.5,0.418,0.5,1,1,2017,36_74
0.0,2.2,0.814,3.5,0,0,2011,9_76
0.0,12.1,0.561,4.0,0,0,2009,30_78
21.3,23.9,1.0,29.0,0,1,2009,33_75
0.0,1.4,0.59,22.5,0,0,2007,26_91
0.0,13.3,0.238,0.0,0,0,2009,19_84
13.4,11.4,1.0,0.5,0,1,2009,12_75
7.0,18.9,0.655,9.0,0,1,2009,32_75
0.0,27.1,0.604,1.0,0,0,2007,28_82
0.4,23.4,0.802,0.0,0,0,2009,26_95
4.6,31.4,0.927,2.0,0,1,2009,27_91
0.3,15.6,0.875,1.5,0,0,2007,25_93
2.2,16.3,0.604,1.5,0,1,2008,27_88
3.1,31.8,0.931,6.5,0,1,2009,34_74
0.2,23.8,0.569,4.0,0,0,2009,27_85
0.0,4.2,0.484,0.5,0,0,2007,31_76
0.0,17.4,0.283,2.5,0,0,2009,30_78
1.9,44.1,0.69,3.0,1,1,2017,35_73
19.5,3.2,0.722,2.0,0,1,2007,33_74
0.0,15.8,0.74,0.0,0,0,2009,35_75
0.0,32.9,0.606,6.0,0,0,2008,29_81
0.0,20.6,0.6,2.5,0,0,2012,27_86
0.0,39.0,0.633,6.5,0,0,2007,32_77
3.0,38.1,0.777,6.5,0,1,2008,27_85
0.0,20.2,0.749,0.0,0,0,2008,30_97
6.7,27.7,0.765,0.5,0,1,2009,31_76
15.1,20.7,0.844,1.5,0,1,2009,10_77
0.0,0.1,0.583,2.5,0,0,2009,24_93
0.0,0.9,0.12,4.5,0,0,2009,15_73
0.2,1.1,0.412,0.0,0,0,2009,15_74
0.0,31.5,0.362,2.0,0,0,2009,27_85
0.0,25.9,0.597,0.5,0,0,2009,28_80
0.0,2.9,0.362,1.5,0,0,2008,30_77
0.0,11.4,0.567,14.0,0,0,2007,33_75
20.4,20.4,0.95,0.0,0,1,2007,27_92
6.3,15.7,0.626,0.0,0,1,2007,34_71
10.5,28.4,0.662,3.0,0,1,2009,35_73
0.7,11.3,1.0,0.5,1,0,2017,29_79
0.0,0.2,0.316,0.0,0,0,2011,23_90
0.0,47.4,0.397,0.0,0,0,2009,29_95
0.0,51.8,0.911,0.5,0,0,2008,35_76
0.0,12.4,0.783,0.0,0,0,2008,25_97
21.8,26.6,0.945,4.0,1,1,2017,24_93
0.0,54.9,0.676,0.0,0,0,2011,29_82
0.0,0.9,0.12,4.5,0,0,2009,15_73
3.6,0.7,0.815,0.5,1,1,2017,32_75
14.9,21.8,0.458,0.0,0,1,2009,34_75
24.8,11.6,1.0,1.0,1,1,2017,15_74
1.5,2.7,0.36,0.0,0,0,2009,16_73
0.4,45.9,0.536,3.5,0,0,2009,28_84
0.0,12.0,0.817,3.5,0,0,2008,34_74
0.2,17.8,0.717,5.0,0,0,2009,30_78
40.9,1.4,0.948,0.0,1,1,2017,27_84
0.0,21.5,0.502,6.0,0,0,2009,27_85
0.0,20.2,0.433,4.0,0,0,2009,29_81
9.6,26.4,0.911,2.5,0,1,2009,27_91
0.0,15.9,1.0,21.0,0,0,2009,33_75
0.0,9.0,0.77,0.0,0,0,2009,34_72
0.0,34.4,0.808,3.0,0,0,2007,34_73
0.0,31.4,0.761,3.5,0,0,2009,28_85
21.4,26.1,0.945,2.0,1,1,2017,27_91
2.9,6.0,1.0,4.5,1,1,2017,16_80
24.1,32.5,0.948,0.5,1,1,2017,27_92
0.0,17.7,0.709,5.5,0,0,2009,26_94
1.5,6.2,0.878,4.0,0,0,2013,34_74
0.0,0.9,0.613,5.5,0,0,2009,12_74
10.6,2.0,0.874,1.0,1,1,2017,24_93
0.0,0.3,0.309,6.0,0,0,2009,19_72
0.0,14.0,0.642,2.5,0,0,2009,28_84
0.0,9.6,0.615,3.5,0,0,2007,29_79
0.0,4.4,0.28,2.0,0,0,2013,20_92
0.0,0.3,0.309,0.0,0,0,2008,28_80
0.0,1.4,0.296,1.5,0,0,2009,21_92
0.0,24.6,0.495,3.0,0,0,2013,27_86
0.3,42.8,0.657,0.0,0,0,2009,27_93
0.0,1.0,0.16,3.5,0,0,2007,15_73
0.1,11.8,0.445,2.0,0,0,2007,33_74
18.4,13.5,1.0,2.0,1,1,2017,9_76
0.0,0.2,0.312,3.0,0,0,2009,27_83
0.1,25.4,0.739,0.0,0,0,2007,33_74
0.3,32.4,0.093,0.0,1,0,2017,33_77
0.0,51.5,0.604,4.0,0,0,2008,31_78
0.0,41.7,0.826,31.0,0,0,2008,33_75
0.0,1.2,0.323,1.0,0,0,2007,30_76
0.0,0.4,0.56,0.0,0,0,2007,20_73
0.0,6.8,0.475,0.5,0,0,2009,25_93
31.9,0.3,0.558,0.0,0,1,2007,29_79
22.4,3.5,0.86,0.5,0,1,2009,34_71
0.0,17.3,0.607,6.0,0,0,2007,27_83
0.0,28.4,1.0,31.5,0,0,2009,33_75
0.0,10.6,0.372,6.0,0,0,2007,30_76
0.1,15.7,0.682,6.5,0,0,2009,28_83
3.0,26.3,0.798,2.5,0,1,2009,27_91
1.4,23.7,1.0,29.0,0,0,2009,33_75
11.0,14.6,0.836,2.5,0,1,2007,28_83
0.0,2.2,0.655,1.0,0,0,2011,25_92
0.0,4.1,0.679,16.0,0,0,2009,26_91
2.9,19.9,0.343,0.5,0,1,2009,24_92
6.4,41.7,0.838,3.0,0,1,2008,28_85
0.0,19.2,0.605,15.0,0,0,2009,26_88
0.0,1.7,0.603,21.0,0,0,2009,26_91
0.5,27.1,0.924,1.5,0,0,2009,27_87
0.0,47.7,0.616,3.0,0,0,2009,31_78
7.9,5.5,1.0,0.5,1,1,2017,23_94
4.4,8.5,0.233,1.0,0,1,2009,34_77
0.0,0.5,0.164,1.5,0,0,2009,28_77
3.8,46.5,0.862,5.0,0,1,2013,30_79
0.0,14.2,0.599,2.5,0,0,2009,25_93
1.1,30.3,0.885,0.0,0,0,2009,34_70
0.0,2.9,0.568,2.5,0,0,2009,16_73
0.0,22.0,0.45,3.0,0,0,2009,27_85
0.0,8.3,0.351,4.0,0,0,2008,32_75
7.1,30.4,0.9,1.5,0,1,2009,34_72
0.0,33.5,0.693,6.5,0,0,2009,32_77
8.8,15.9,1.0,2.5,0,1,2009,31_77
21.0,52.2,0.879,1.5,0,1,2007,31_78
0.2,2.7,0.733,6.5,0,0,2013,12_74
0.0,22.9,0.622,0.0,0,0,2008,33_76
3.0,5.8,0.829,4.5,1,1,2017,11_76
6.4,24.6,1.0,3.5,1,1,2017,32_76
0.0,17.2,0.607,5.5,0,0,2013,26_94
4.2,25.1,0.233,2.5,0,1,2009,34_77
0.0,14.4,0.388,10.5,0,0,2009,28_83
0.0,23.7,0.326,1.0,0,0,2009,24_92
0.0,0.4,0.558,0.0,0,0,2009,14_78
0.0,14.7,0.561,5.5,0,0,2009,28_83
10.6,16.8,1.0,4.0,1,1,2017,30_78
0.0,0.3,0.3,0.0,0,0,2009,23_72
0.0,6.5,0.528,9.0,0,0,2009,11_76
3.7,31.3,0.682,0.0,0,1,2009,35_73
0.0,18.2,0.825,0.5,0,0,2011,28_96
0.2,8.0,0.951,11.0,0,0,2008,31_77
0.0,14.7,0.579,2.0,0,0,2008,24_94
0.0,28.3,0.711,1.5,0,0,2008,26_94
0.5,1.8,0.473,3.0,0,0,2009,32_76
20.3,39.9,0.751,1.0,0,1,2009,32_77
3.4,29.5,1.0,28.5,1,1,2017,33_75
0.4,14.3,0.956,7.5,0,0,2009,25_94
1.1,43.5,0.931,1.5,0,0,2013,27_88
1.9,21.8,0.855,9.0,0,1,2007,27_88
0.0,22.2,0.69,2.5,0,0,2007,29_80
0.0,8.1,0.676,11.0,0,0,2009,28_83
0.0,14.2,0.615,3.0,0,0,2011,26_87
8.5,11.1,0.687,1.5,0,1,2009,25_92
0.0,51.6,0.527,0.0,0,0,2007,28_84
0.0,30.7,0.402,2.5,0,0,2009,32_78
0.0,11.3,0.607,6.0,0,0,2007,27_83
20.7,39.6,0.861,5.5,0,1,2009,30_79
0.0,37.0,0.682,0.0,0,0,2013,28_94
1.1,20.6,0.376,0.0,0,0,2009,23_93
13.3,30.8,0.415,2.5,1,1,2017,36_74
2.9,4.6,0.942,22.5,0,1,2007,26_91
0.0,29.1,0.619,20.0,0,0,2009,26_88
0.0,19.6,0.879,0.5,0,0,2007,28_96
0.0,26.7,0.554,5.0,0,0,2008,29_81
10.5,13.3,0.793,6.0,0,1,2007,27_85
1.8,38.6,0.573,1.0,0,0,2009,35_71
0.3,1.1,0.183,3.0,0,0,2009,15_73
12.9,25.0,0.711,0.5,0,1,2009,35_73
0.6,23.6,0.946,0.0,0,0,2009,30_78
7.6,18.9,1.0,1.5,1,1,2017,25_94
0.7,17.8,0.708,3.0,0,0,2009,25_92
0.0,35.6,0.807,2.0,0,0,2007,27_87
0.0,0.3,0.262,1.0,0,0,2007,17_78
18.8,1.5,0.946,3.0,1,1,2017,30_78
3.6,14.5,0.881,2.0,0,1,2009,27_87
0.0,11.1,0.793,9.0,0,0,2008,26_91
0.0,0.6,0.28,0.0,0,0,2009,24_85
0.0,28.3,0.705,2.5,0,0,2011,25_90
0.0,10.7,0.634,2.5,0,0,2011,27_84
0.7,11.5,0.688,8.5,0,0,2013,28_83
0.0,35.5,0.527,8.0,0,0,2009,30_78
18.0,9.8,0.925,1.5,0,1,2007,27_87
0.0,7.8,0.436,15.5,0,0,2007,31_77
0.9,18.0,0.883,7.5,0,0,2008,27_88
4.3,7.1,0.502,4.0,0,1,2009,24_93
0.0,36.0,0.934,7.5,0,0,2009,33_75
0.0,1.6,0.676,4.5,0,0,2007,27_85
0.0,11.5,0.259,7.5,0,0,2009,27_83
0.0,34.7,0.693,6.0,0,0,2009,27_85
0.0,27.4,0.104,0.0,0,0,2009,34_77
0.0,0.5,0.306,5.5,0,0,2009,19_73
0.0,3.3,0.358,0.0,0,0,2007,29_78
0.1,21.0,1.0,2.5,0,0,2009,33_74
0.0,24.0,0.74,3.0,0,0,2007,30_79
0.6,34.9,0.727,0.0,0,0,2009,35_72
0.0,14.1,0.915,8.5,0,0,2009,30_78
2.6,19.2,0.629,0.0,0,1,2013,25_94
9.5,23.3,0.988,3.5,0,1,2009,26_94
0.2,4.7,0.663,5.0,0,0,2009,25_96
0.6,36.2,0.925,5.0,0,0,2008,30_79
0.0,8.9,0.53,0.0,0,0,2008,19_73
0.0,12.1,0.293,6.0,0,0,2009,27_84
0.1,22.0,0.518,11.0,0,0,2009,28_83
5.9,0.2,0.452,0.5,0,1,2008,28_77
0.6,22.6,0.293,0.0,0,0,2009,32_77
1.9,23.7,0.524,2.0,0,1,2009,27_87
0.0,28.5,0.717,14.5,0,0,2008,27_88
28.3,8.3,1.0,12.5,1,1,2017,25_94
0.0,20.6,0.594,0.5,0,0,2011,27_83
19.5,30.2,0.863,1.5,0,1,2009,28_85
0.0,34.9,0.85,2.5,0,0,2009,34_73
0.3,39.5,0.698,6.0,0,0,2008,27_85
0.0,4.0,0.82,0.5,0,0,2007,27_90
1.5,14.1,0.783,7.5,0,0,2007,23_92
0.0,3.4,0.366,2.5,0,0,2008,22_92
0.0,14.6,0.173,1.0,0,0,2011,26_89
0.0,0.6,0.327,1.0,0,0,2008,24_91
0.0,11.0,0.489,0.5,0,0,2009,28_82
0.0,0.7,0.264,0.5,0,0,2007,17_78
0.0,29.2,0.638,3.5,0,0,2008,30_78
0.1,27.6,0.227,1.0,0,0,2009,28_85
0.0,20.8,0.595,7.0,0,0,2007,30_78
0.0,6.1,0.616,0.5,0,0,2009,25_90
14.3,23.7,0.939,2.5,1,1,2017,27_91
7.3,48.2,0.944,0.5,0,1,2009,27_87
1.1,16.5,0.693,0.5,0,0,2009,27_90
0.0,18.5,0.327,9.5,0,0,2009,27_84
1.1,29.0,0.444,16.0,0,0,2009,26_88
0.0,20.4,0.441,6.5,0,0,2009,28_83
0.0,9.9,0.224,1.5,0,0,2009,29_80
0.0,17.4,0.685,0.5,0,0,2008,31_77
0.0,1.4,0.721,2.0,0,0,2009,33_73
0.0,16.3,0.401,4.0,0,0,2009,24_93
0.1,7.9,0.657,2.0,0,0,2008,28_83
0.5,30.8,0.701,1.0,0,0,2008,34_73
0.0,0.2,0.227,0.0,0,0,2009,21_83
12.3,0.1,0.806,0.0,0,1,2007,23_88
0.0,0.7,0.361,0.5,0,0,2008,17_83
7.7,25.9,1.0,29.5,0,1,2008,33_75
0.1,16.4,0.336,2.0,0,0,2009,30_79
3.7,16.9,0.754,7.5,0,1,2009,31_76
47.4,14.9,0.951,3.0,1,1,2017,26_87
0.0,19.0,0.608,2.5,0,0,2009,25_92
0.0,10.3,0.334,8.0,0,0,2007,11_76
0.0,27.6,0.612,0.5,0,0,2007,29_80
8.3,22.5,0.916,3.0,0,1,2009,28_84
0.0,4.3,0.722,0.0,0,0,2007,22_92
0.0,7.8,0.518,7.0,0,0,2011,26_88
0.0,24.9,1.0,2.0,0,0,2009,34_73
0.3,34.3,0.658,6.5,0,0,2009,29_81
1.2,18.1,0.787,0.0,0,0,2009,33_97
0.0,19.6,0.549,4.0,0,0,2007,30_78
3.6,2.0,1.0,0.0,0,1,2009,8_76
0.0,1.1,0.284,6.5,0,0,2007,22_91
0.3,16.8,0.931,0.5,0,0,2009,12_75
2.4,4.9,0.132,1.0,0,1,2009,32_75
0.0,9.5,0.542,0.0,0,0,2011,33_70
0.0,8.0,0.221,0.0,0,0,2009,27_82
0.0,30.8,0.662,16.0,0,0,2009,26_88
0.2,43.0,0.685,1.5,0,0,2009,27_89
0.0,27.0,0.591,4.0,0,0,2008,30_78
1.2,28.3,0.798,0.0,0,0,2009,36_74
9.0,27.4,0.946,6.5,0,1,2009,27_88
7.0,10.7,1.0,1.0,0,1,2009,33_74
0.0,4.9,0.746,1.5,0,0,2009,26_95
0.0,22.4,0.516,3.0,0,0,2009,26_87
0.0,18.0,0.591,0.5,0,0,2009,30_78
29.5,4.5,0.609,2.5,0,1,2009,22_92
0.0,0.6,0.258,0.0,0,0,2007,11_92
0.0,32.1,0.503,1.0,0,0,2009,28_82
1.1,24.5,0.834,2.0,0,0,2009,27_88
3.4,11.7,0.344,1.5,0,1,2009,30_77
0.0,55.0,0.343,0.0,0,0,2007,30_79
0.0,10.8,0.618,2.0,0,0,2009,19_73
1.1,26.5,1.0,31.5,0,0,2009,33_75
1.1,28.6,0.624,1.0,0,0,2009,34_76
0.0,26.4,0.634,9.0,0,0,2007,28_83
0.3,53.2,0.711,4.5,0,0,2013,31_78
0.2,12.0,0.291,5.5,0,0,2009,27_83
0.5,60.0,0.7,5.0,0,0,2009,30_79
0.0,21.0,0.846,2.5,0,0,2007,27_85
0.8,41.4,0.804,1.0,0,0,2009,27_86
0.0,17.3,0.432,7.5,0,0,2007,26_88
0.0,45.4,0.384,1.5,0,0,2009,28_82
0.0,25.6,0.791,8.5,0,0,2011,33_75
0.2,28.6,0.606,16.0,0,0,2013,26_88
0.0,27.9,0.725,1.0,0,0,2007,11_78
24.4,3.5,0.759,0.0,0,1,2009,22_96
0.0,9.8,0.644,3.5,0,0,2011,26_94
0.0,56.1,0.58,0.5,0,0,2009,29_81
0.0,15.6,0.374,2.5,0,0,2009,27_86
0.0,23.8,0.603,2.5,0,0,2011,25_90
0.8,41.9,0.747,0.0,0,0,2007,35_76
0.0,1.3,0.316,5.5,0,0,2007,12_74
0.0,23.6,0.764,3.0,0,0,2013,29_79
0.0,18.7,0.632,1.0,0,0,2009,29_80
0.2,7.6,0.698,5.0,0,0,2009,25_96
0.0,16.3,0.808,1.5,0,0,2007,27_86
0.3,21.5,0.587,6.0,0,0,2011,27_85
0.0,12.6,0.849,0.0,0,0,2007,21_92
0.0,21.1,0.761,3.5,0,0,2009,28_83
16.0,26.5,1.0,0.5,1,1,2017,29_78
0.0,4.0,0.951,0.5,0,0,2007,25_91
0.0,0.4,0.881,6.5,0,0,2007,22_91
0.0,0.6,0.567,0.0,0,0,2009,21_95
0.0,1.2,0.884,21.0,0,0,2007,26_91
0.3,23.2,0.357,6.5,0,0,2007,34_74
0.2,10.9,0.501,3.0,0,0,2009,26_87
0.4,0.6,0.281,6.5,0,0,2009,22_91
0.0,18.2,0.762,1.5,0,0,2009,31_78
2.3,28.2,0.848,14.5,0,1,2008,27_88
0.0,24.6,0.745,6.5,0,0,2008,34_74
0.0,9.8,0.516,1.0,0,0,2011,28_82
0.0,1.4,0.198,3.0,0,0,2009,15_74
0.0,14.1,0.527,1.5,0,0,2007,29_81
17.3,14.2,1.0,4.5,1,1,2017,9_76
18.7,2.2,1.0,0.0,1,1,2017,16_73
21.1,22.3,0.695,7.5,0,1,2008,33_74
0.0,20.8,0.651,2.0,0,0,2008,33_73
0.0,8.5,0.324,0.5,0,0,2009,31_76
0.4,20.1,0.455,15.5,0,0,2013,26_88
0.0,17.5,0.601,14.5,0,0,2008,26_88
0.4,36.7,0.233,4.5,0,0,2009,29_81
5.8,10.3,0.455,7.5,0,1,2007,23_92
0.6,0.7,0.724,22.5,0,0,2009,26_91
0.0,37.0,0.641,0.0,0,0,2007,29_90
0.0,7.2,0.589,3.5,0,0,2009,25_91
11.6,60.0,0.787,5.0,0,1,2007,30_79
18.1,33.1,0.942,5.5,1,1,2017,27_85
0.0,11.3,0.401,6.5,0,0,2009,31_76
0.0,36.0,0.453,1.5,0,0,2009,28_82
2.1,11.0,0.522,5.5,0,1,2009,28_83
0.0,36.7,0.76,0.0,0,0,2011,32_77
0.0,34.6,0.758,9.0,0,0,2009,28_83
0.0,16.0,0.95,2.0,0,0,2009,33_73
0.0,24.9,0.609,2.5,0,0,2008,30_78
0.0,20.8,0.325,5.0,0,0,2009,27_85
7.1,15.6,1.0,1.5,0,1,2009,31_77
0.0,22.4,0.481,2.5,0,0,2008,10_77
0.0,28.9,0.923,4.0,0,0,2007,30_79
0.0,3.6,0.249,0.0,0,0,2009,19_84
0.4,11.8,0.857,2.5,0,0,2009,25_90
0.0,32.2,0.711,1.5,0,0,2012,28_82
0.0,12.5,0.768,1.5,0,0,2008,23_94
7.2,36.8,0.696,0.0,0,1,2009,35_74
18.6,23.2,0.945,3.5,1,1,2017,24_93
0.0,8.5,0.602,5.0,0,0,2007,27_85
0.0,4.5,0.279,8.0,0,0,2007,19_73
1.1,24.2,0.793,6.0,0,0,2008,27_85
2.2,29.2,0.585,3.0,0,1,2009,27_85
0.0,14.6,0.81,0.0,0,0,2008,10_78
0.0,9.0,0.727,3.0,0,0,2011,25_93
0.0,1.3,0.613,2.0,0,0,2008,20_92
3.2,14.1,0.463,7.0,0,1,2009,31_76
3.7,21.5,0.794,8.5,0,1,2007,32_75
5.4,18.8,0.61,11.0,0,1,2009,27_88
3.7,13.1,0.939,0.0,0,1,2009,10_76
0.3,2.4,0.659,2.0,0,0,2009,25_93
2.2,23.9,0.325,2.0,0,1,2009,27_84
0.0,0.4,0.846,0.0,0,0,2007,24_91
0.4,31.5,0.868,2.0,0,0,2008,28_84
0.0,7.6,0.558,0.5,0,0,2008,17_73
0.0,17.5,0.526,10.0,0,0,2008,27_84
0.0,1.3,0.275,4.5,0,0,2007,15_73
0.0,21.6,0.52,29.0,0,0,2007,33_75
0.0,9.9,0.608,0.0,0,0,2008,35_68
72.0,15.4,0.954,3.5,1,1,2017,27_85
0.0,6.8,0.854,3.5,0,0,2011,9_76
0.0,15.8,0.408,3.0,0,0,2009,10_77
1.9,9.4,0.756,7.5,0,1,2009,25_94
0.1,19.1,0.619,11.0,0,0,2009,27_88
0.0,14.4,0.563,0.0,0,0,2007,18_97
0.0,7.0,0.311,0.5,0,0,2011,24_72
0.1,5.7,0.381,3.5,0,0,2009,29_80
0.0,17.0,0.534,4.0,0,0,2008,24_93
8.7,26.6,0.942,17.0,1,1,2017,26_88
0.2,13.1,0.378,1.0,0,0,2009,23_92
0.0,0.2,0.568,2.5,0,0,2011,24_93
0.0,25.5,0.329,0.0,0,0,2009,22_93
0.0,0.8,0.493,1.0,0,0,2009,19_73
4.7,22.1,0.93,6.0,0,1,2009,33_75
0.0,17.2,0.579,5.0,0,0,2008,29_81
120.6,46.9,0.953,1.5,1,1,2017,28_84
6.2,21.9,1.0,28.0,1,1,2017,33_75
0.0,15.2,0.409,6.5,0,0,2009,27_83
0.0,5.3,0.601,0.5,0,0,2009,10_76
1.1,20.5,0.769,2.0,0,0,2009,24_94
0.0,0.8,0.51,2.5,0,0,2008,22_92
3.9,20.1,0.49,2.5,0,1,2009,27_84
0.8,11.1,0.807,3.0,0,0,2013,25_93
0.2,5.7,0.864,5.0,0,0,2009,25_96
4.6,12.1,0.209,0.5,0,1,2009,33_77
6.3,8.9,1.0,8.0,0,1,2007,25_94
4.7,33.1,0.716,9.5,0,1,2009,32_77
0.0,16.5,0.667,13.0,0,0,2009,25_94
0.0,44.7,0.687,3.0,0,0,2011,30_79
0.0,8.4,0.461,5.0,0,0,2008,18_73
4.8,18.6,1.0,1.0,1,1,2017,11_76
2.4,11.9,0.821,2.5,0,1,2009,25_94
3.1,15.0,0.55,1.0,0,1,2009,26_89
6.2,16.2,0.659,15.0,0,1,2007,33_75
0.0,31.4,0.618,6.5,0,0,2009,28_83
0.0,15.3,0.221,2.0,0,0,2009,27_83
0.0,1.0,0.287,3.0,0,0,2007,26_88
0.0,24.5,0.415,5.5,0,0,2007,34_74
0.0,16.7,0.489,5.0,0,0,2009,27_84
0.0,28.5,0.729,1.0,0,0,2011,34_76
0.0,5.3,0.457,1.0,0,0,2009,15_74
0.0,7.9,0.692,2.0,0,0,2009,25_93
0.0,5.0,0.85,1.5,0,0,2007,26_95
1.1,9.5,0.666,2.5,0,0,2007,24_94
4.3,24.7,0.56,2.0,0,1,2009,35_73
0.0,6.5,0.52,3.5,0,0,2011,29_80
0.6,2.0,0.838,1.0,0,0,2007,25_92
0.0,0.3,0.697,0.5,0,0,2007,24_92
0.0,7.2,0.663,0.0,0,0,2009,25_90
0.0,24.0,0.736,1.0,0,0,2007,28_82
0.0,2.4,0.572,0.0,0,0,2009,25_90
0.0,27.9,0.776,11.0,0,0,2009,25_94
0.0,16.4,0.477,4.0,0,0,2009,27_83
0.0,0.8,0.33,1.0,0,0,2009,24_92
0.3,50.5,0.902,8.5,0,0,2007,33_75
0.0,21.5,0.339,8.5,0,0,2009,32_75
0.0,0.5,0.053,0.0,0,0,2008,31_68
0.0,11.2,0.33,1.5,0,0,2007,30_77
3.6,3.4,0.55,7.5,0,1,2009,23_92
0.0,35.5,0.798,0.0,0,0,2008,27_90
0.0,1.2,0.26,9.0,0,0,2009,19_72
0.0,18.5,0.519,15.5,0,0,2007,26_88
100.0,29.4,0.952,1.0,1,1,2017,27_87
0.0,7.6,0.612,0.5,0,0,2008,31_77
0.0,17.7,0.628,1.0,0,0,2013,28_82
0.0,7.1,0.403,2.0,0,0,2009,29_79
0.0,3.0,0.93,21.5,0,0,2009,26_91
0.0,1.2,0.26,0.5,0,0,2009,17_83
0.0,31.2,0.884,2.0,0,0,2011,27_87
0.0,2.5,0.498,0.0,0,0,2007,17_73
0.0,4.5,0.407,0.0,0,0,2008,33_71
6.1,8.1,0.922,8.5,1,1,2017,30_77
0.0,0.4,0.408,0.0,0,0,2008,34_72
0.0,15.7,0.795,3.0,0,0,2008,26_94
0.0,2.1,0.423,0.0,0,0,2009,15_73
0.2,19.8,0.425,12.5,0,0,2009,27_88
0.3,28.6,0.942,28.5,0,0,2009,33_75
0.0,27.4,0.567,16.0,0,0,2007,33_75
0.0,6.1,0.788,15.5,0,0,2009,26_91
0.7,30.2,0.641,0.0,0,0,2013,28_84
0.1,19.8,0.915,2.0,0,0,2009,34_72
3.6,1.4,0.436,2.0,0,1,2009,33_73
3.4,50.9,0.453,1.5,0,1,2009,27_86
0.2,15.5,0.934,16.5,0,0,2009,33_75
0.2,3.1,0.482,1.5,0,0,2009,17_73
6.1,1.1,0.653,5.5,1,1,2017,12_74
8.9,14.3,0.742,12.0,0,1,2009,26_88
0.0,3.7,0.594,0.0,0,0,2007,34_72
0.0,13.7,0.718,7.5,0,0,2011,33_74
0.0,10.1,0.301,0.5,0,0,2009,22_92
0.0,0.3,0.304,0.0,0,0,2009,26_73
0.6,36.7,0.789,7.5,0,0,2008,28_83
0.0,40.6,0.788,1.5,0,0,2009,35_72
0.0,38.1,0.59,8.0,0,0,2007,27_88
0.0,16.1,0.36,6.0,0,0,2009,28_83
0.0,12.8,0.505,0.5,0,0,2009,31_76
0.4,2.7,0.362,2.0,0,0,2009,30_77
0.0,30.8,0.625,4.0,0,0,2009,30_79
0.0,24.6,0.447,2.5,0,0,2009,27_85
0.0,2.4,0.273,8.0,0,0,2009,19_73
0.0,14.0,0.349,5.5,0,0,2009,27_85
1.7,28.8,0.74,4.5,0,0,2009,30_78
0.5,34.9,0.843,5.0,0,0,2007,30_79
1.5,3.0,0.458,5.0,0,0,2007,27_93
30.5,4.2,1.0,1.0,0,1,2009,25_92
0.0,27.8,0.579,0.0,0,0,2009,35_71
0.0,0.3,0.6,0.0,0,0,2009,24_91
7.0,20.3,0.93,3.5,0,1,2009,34_73
12.5,60.0,0.678,0.5,0,1,2012,35_74
1.3,3.3,1.0,1.0,1,0,2017,25_91
0.0,0.0,0.567,0.0,0,0,2009,31_73
1.8,26.7,1.0,29.5,1,0,2017,33_75
0.0,19.6,0.685,8.5,0,0,2011,27_84
7.7,18.6,0.916,1.0,0,1,2009,27_89
0.0,2.2,0.703,21.5,0,0,2009,26_91
1.8,55.3,0.811,3.0,0,0,2009,28_85
3.2,34.0,0.93,2.5,1,1,2017,28_85
1.2,20.3,0.767,0.5,0,0,2007,28_94
15.4,1.1,1.0,0.5,1,1,2017,22_91
0.7,23.5,0.924,5.5,0,0,2011,28_83
32.4,12.9,0.94,8.0,1,1,2017,11_76
4.3,26.4,0.825,11.0,0,1,2009,31_77
7.3,16.1,0.943,0.5,0,1,2009,24_93
0.0,28.1,0.609,1.5,0,0,2008,27_89
16.7,41.4,0.941,1.5,0,1,2009,34_72
9.5,4.0,0.928,0.0,1,1,2017,22_92
0.0,13.0,0.564,10.0,0,0,2009,28_83
0.4,12.8,0.592,9.0,0,0,2009,11_76
0.0,0.9,0.303,0.0,0,0,2009,10_77
0.0,8.5,0.884,2.5,0,0,2009,27_87
0.0,3.0,0.66,20.5,0,0,2009,26_91
0.0,10.6,0.671,0.0,0,0,2009,33_70
0.0,22.1,0.841,0.5,0,0,2009,27_89
5.4,25.2,0.856,3.0,0,1,2009,29_81
0.0,16.9,0.47,1.0,0,0,2012,23_93
0.0,0.1,0.581,1.5,0,0,2008,25_91
8.5,34.8,0.563,9.5,0,1,2008,33_75
5.2,20.0,0.859,10.5,1,1,2017,27_93
0.0,18.3,0.464,4.5,0,0,2009,28_83
8.2,51.6,1.0,8.5,0,1,2009,33_75
28.2,54.1,0.945,1.5,1,1,2017,28_84
0.5,51.9,0.968,8.5,0,0,2009,33_75
0.0,23.1,0.719,8.5,0,0,2011,32_75
0.0,29.6,1.0,6.0,0,0,2008,27_93
0.0,24.5,0.8,0.0,0,0,2008,32_75
0.8,22.6,1.0,15.5,0,0,2008,33_75
3.4,36.6,0.682,0.5,0,1,2009,34_74
45.6,10.7,1.0,1.5,1,1,2017,25_91
20.0,21.2,0.707,8.5,0,1,2009,32_77
1.9,59.4,0.962,8.5,0,1,2009,33_75
0.0,11.9,0.838,1.0,0,0,2008,29_80
0.0,1.0,0.389,5.5,0,0,2009,11_76
0.7,1.7,0.6,0.0,0,0,2009,24_92
0.0,13.6,0.667,2.5,0,0,2012,25_93
0.0,18.5,0.699,8.5,0,0,2013,27_84
0.0,0.2,0.678,1.5,0,0,2009,25_91
21.9,26.7,0.584,1.0,0,1,2009,35_73
0.0,22.9,0.573,31.5,0,0,2007,33_75
22.8,29.1,0.824,1.5,1,1,2017,35_72
7.3,23.1,0.926,7.5,1,1,2017,27_88
0.0,56.6,0.724,1.5,0,0,2007,35_73
0.0,2.4,0.877,2.0,0,0,2009,34_74
0.0,22.3,0.856,9.0,0,0,2009,27_93
6.8,7.6,0.931,5.5,1,1,2017,27_93
0.0,1.9,0.461,3.0,0,0,2009,22_92
0.0,25.4,0.796,2.0,0,0,2009,35_72
2.9,19.2,1.0,9.0,0,1,2009,27_93
0.3,42.2,0.622,1.0,0,0,2009,35_73
0.0,29.6,0.922,27.5,0,0,2008,33_75
0.0,0.7,0.315,0.0,0,0,2007,20_86
0.0,4.9,0.816,0.0,0,0,2009,34_71
0.0,3.7,0.659,5.0,0,0,2009,25_96
0.0,27.4,1.0,28.0,0,0,2009,33_75
0.0,22.6,0.639,3.5,0,0,2008,25_93
18.7,14.9,1.0,9.5,0,1,2009,27_93
26.0,12.3,1.0,11.5,1,1,2017,25_94
0.0,0.4,0.313,0.0,0,0,2009,19_82
0.0,23.1,0.787,2.5,0,0,2009,28_84
0.1,22.0,1.0,31.5,0,0,2009,33_75
4.8,38.4,0.912,10.0,1,1,2017,33_75
0.0,21.9,0.729,31.5,0,0,2011,33_75
0.0,15.2,0.293,1.0,0,0,2009,24_92
30.2,16.8,0.928,5.5,0,1,2009,33_75
0.0,5.4,0.803,0.5,0,0,2009,26_94
0.3,56.8,0.959,8.5,0,0,2009,33_75
1.2,27.6,0.766,31.5,0,0,2009,33_75
0.0,0.2,0.372,0.0,0,0,2009,25_89
0.0,17.1,0.634,13.5,0,0,2007,25_94
0.0,32.7,0.41,2.0,0,0,2009,28_85
0.0,15.6,0.632,1.0,0,0,2009,29_81
16.2,2.8,0.903,1.0,0,1,2009,34_74
0.7,21.3,0.538,3.5,0,0,2008,27_85
3.0,0.9,0.917,1.0,1,1,2017,24_91
0.0,36.9,0.96,28.5,0,0,2009,33_75
2.3,25.6,0.386,6.0,0,1,2009,28_83
0.0,12.5,1.0,9.5,0,0,2009,33_75
0.0,9.7,0.501,1.5,0,0,2011,22_91
0.0,17.1,0.589,4.0,0,0,2009,29_81
0.0,37.5,0.156,1.0,0,0,2009,32_78
0.1,13.8,0.428,5.0,0,0,2009,29_81
0.0,2.3,0.893,3.0,0,0,2009,34_74
0.0,20.7,0.703,1.0,0,0,2008,27_89
0.0,3.5,0.393,0.0,0,0,2007,33_71
0.3,19.8,0.675,9.0,0,0,2011,25_93
0.0,20.9,0.319,13.0,0,0,2009,28_83
0.3,29.2,0.417,8.0,0,0,2009,11_76
0.0,12.5,1.0,9.5,0,0,2009,33_75
0.0,29.0,0.333,1.0,0,0,2009,11_78
13.3,36.8,1.0,8.5,0,1,2013,33_75
0.0,14.5,0.887,11.0,0,0,2009,31_77
18.2,24.3,0.886,8.0,1,1,2017,11_76
0.7,37.1,0.77,31.5,0,0,2009,33_75
8.6,13.9,0.937,0.0,0,1,2009,27_93
0.0,23.3,0.535,5.0,0,0,2007,29_81
0.2,27.7,0.303,9.5,0,0,2009,27_84
34.7,23.5,0.945,4.0,1,1,2017,28_83
3.5,19.2,0.867,8.0,0,1,2008,11_76
0.0,7.5,0.723,0.0,0,0,2009,25_92
0.0,26.4,1.0,2.0,0,0,2009,34_73
0.0,13.9,0.807,1.5,0,0,2008,33_75
0.0,2.8,0.625,22.5,0,0,2009,26_91
0.7,1.2,0.47,0.5,0,0,2008,17_78
0.6,22.2,0.417,0.0,0,0,2014,35_78
2.6,16.6,0.912,0.0,1,1,2012,30_81
11.2,0.1,0.807,0.0,1,1,2013,25_83
0.0,0.0,0.0,0.0,0,0,2013,18_93
0.0,16.6,0.91,0.0,1,0,2011,33_96
0.0,0.0,0.273,0.0,0,0,2016,13_93
86.7,0.0,0.0,0.0,0,1,2008,11_72
3.9,0.7,0.891,0.0,1,1,2015,22_82
0.0,17.1,0.584,0.0,0,0,2010,19_96
1.5,0.9,0.682,0.0,1,0,2007,24_79
0.0,2.2,0.736,0.0,1,0,2007,24_73
0.0,58.3,0.814,0.0,0,0,2016,32_76
0.1,3.6,0.329,0.0,0,0,2014,31_87
0.0,0.1,0.058,0.0,0,0,2013,27_70
0.0,0.0,0.332,0.0,0,0,2015,21_87
0.0,0.0,0.0,0.0,0,0,2014,17_83
0.0,0.0,0.0,0.0,0,0,2007,20_71
1.6,5.0,0.119,0.0,1,0,2013,30_69
0.0,8.3,0.581,0.0,0,0,2013,25_96
0.0,0.5,0.609,0.0,0,0,2017,27_76
0.0,13.5,0.816,0.0,0,0,2015,30_96
15.1,1.1,0.934,0.0,1,1,2011,20_81
0.2,0.7,0.061,0.0,1,0,2008,25_70
0.5,0.2,0.64,0.0,0,0,2015,26_93
10.6,0.2,0.853,0.0,1,1,2013,28_80
0.1,7.7,0.922,0.0,1,0,2008,30_92
15.4,51.7,0.874,0.0,0,1,2017,29_97
0.0,4.3,0.691,0.0,0,0,2008,31_91
14.6,46.5,0.944,1.5,1,1,2017,28_82
0.0,60.0,0.548,0.0,0,0,2010,29_81
0.0,6.3,0.062,0.0,0,0,2014,32_79
0.0,0.1,0.301,0.0,1,0,2014,35_79
0.2,5.9,0.369,0.0,1,0,2013,35_79
9.3,2.0,1.0,0.0,1,1,2010,25_94
4.6,0.0,0.0,0.0,0,1,2014,13_92
0.0,7.4,0.069,0.0,1,0,2009,29_69
8.2,23.0,0.6,0.5,0,1,2009,35_74
0.0,10.2,0.604,0.0,0,0,2016,30_96
0.2,25.2,1.0,0.0,0,0,2012,36_74
0.0,0.6,0.414,0.0,0,0,2007,22_70
0.0,0.9,0.745,0.0,1,0,2012,23_86
1.9,6.5,0.595,0.0,1,1,2012,33_82
0.0,2.8,0.271,0.0,0,0,2009,35_85
0.0,0.0,0.0,0.0,0,0,2007,13_80
8.6,2.1,1.0,0.0,1,1,2009,12_75
0.0,3.0,0.558,0.0,0,0,2015,35_92
0.0,0.7,0.308,0.0,0,0,2010,21_86
1.6,0.4,0.585,0.0,0,0,2015,24_81
0.0,3.0,0.274,0.0,0,0,2017,21_81
0.5,5.1,0.857,0.0,1,0,2012,35_90
0.0,3.2,0.131,0.0,0,0,2015,32_85
2.5,0.0,0.0,0.0,0,1,2007,20_92
0.0,0.2,0.055,0.0,0,0,2015,29_72
0.0,0.4,0.069,0.0,1,0,2015,26_70
0.0,3.6,0.921,2.5,0,0,2009,33_74
0.0,0.1,0.682,0.5,0,0,2012,25_89
13.6,1.2,0.881,0.0,1,1,2008,20_75
9.7,0.8,0.884,0.0,1,1,2010,11_77
0.4,45.1,0.607,0.0,0,0,2016,36_77
0.0,0.1,0.321,0.0,0,0,2012,31_74
0.0,0.3,0.647,0.0,0,0,2011,13_76
15.3,3.9,1.0,0.0,0,1,2010,26_95
4.2,1.8,1.0,0.0,0,1,2009,33_91
0.3,0.1,0.393,0.0,0,0,2017,25_89
4.2,0.0,0.0,0.0,0,1,2011,13_94
0.0,29.1,0.77,3.0,0,0,2009,34_73
0.5,0.1,0.284,0.0,0,0,2015,32_71
0.0,0.1,0.214,0.0,0,0,2016,22_71
0.2,4.5,0.554,0.0,0,0,2009,20_82
0.0,6.0,0.312,0.0,0,0,2011,19_79
0.0,0.1,0.368,0.0,0,0,2013,26_84
0.0,0.9,0.389,0.0,1,0,2014,26_71
1.3,29.0,0.828,2.0,0,0,2007,28_82
30.5,1.4,0.948,0.0,1,1,2014,20_70
4.5,2.0,0.914,0.0,1,1,2017,23_82
0.2,0.4,0.463,0.0,0,0,2007,24_77
9.6,0.5,0.901,0.0,1,1,2016,26_74
2.8,0.4,0.083,0.0,0,1,2017,26_70
17.1,0.0,0.0,0.0,0,1,2009,11_73
1.7,17.3,0.856,0.0,0,0,2007,33_70
12.4,2.8,0.946,0.0,1,1,2014,32_91
0.0,0.5,0.81,0.0,0,0,2013,14_76
1.1,2.0,0.702,0.0,1,0,2011,35_88
6.7,0.2,0.883,0.0,1,1,2013,27_81
0.0,25.2,0.83,2.5,0,0,2014,29_81
0.0,8.6,0.102,0.0,0,0,2007,32_82
0.0,2.2,0.223,0.0,0,0,2011,23_92
0.0,6.8,0.073,0.0,0,0,2007,33_70
0.0,1.5,0.802,0.0,0,0,2014,21_71
0.1,17.9,0.856,0.0,0,0,2014,31_96
5.0,0.3,0.981,0.0,1,1,2009,22_83
10.8,6.9,1.0,0.0,1,1,2009,22_96
2.6,0.1,0.495,0.0,0,1,2017,27_84
0.0,0.3,0.256,0.0,0,0,2007,20_83
10.0,0.0,0.0,0.0,1,1,2010,18_94
1.3,0.4,0.81,0.0,1,0,2017,20_75
0.0,1.3,0.165,0.0,0,0,2012,23_68
0.0,1.0,0.279,0.0,0,0,2015,17_78
4.5,0.3,0.83,0.0,1,1,2011,29_83
8.5,11.0,0.896,0.0,1,1,2012,34_82
0.0,20.5,0.142,0.0,0,0,2011,35_94
24.5,3.5,0.88,0.0,1,1,2009,20_82
0.0,8.0,0.769,0.0,0,0,2009,27_89
1.3,1.2,1.0,0.0,1,0,2010,22_80
4.4,0.2,0.832,0.0,1,1,2015,22_88
0.0,0.9,0.532,0.0,0,0,2009,24_82
3.9,9.8,0.678,0.0,0,1,2016,30_87
0.0,2.5,0.241,0.0,0,0,2017,19_79
0.0,0.4,0.562,0.0,0,0,2008,32_87
0.4,1.1,0.287,0.0,0,0,2017,23_83
0.0,0.2,0.401,0.0,0,0,2010,26_84
1.0,0.2,0.783,0.0,0,0,2013,25_88
0.0,1.1,0.033,0.0,1,0,2007,36_93
0.0,1.3,0.022,0.0,0,0,2015,36_81
0.2,12.7,0.876,0.0,0,0,2008,33_95
1.8,8.8,0.599,0.5,0,0,2014,19_84
0.0,0.1,0.462,0.0,0,0,2014,25_83
0.0,2.3,0.577,0.0,0,0,2011,18_97
0.0,0.1,0.34,0.0,0,0,2016,25_87
0.0,1.6,0.585,0.0,0,0,2010,22_76
18.1,0.3,0.944,0.0,1,1,2013,25_88
0.0,1.9,1.0,0.0,0,0,2013,34_97
0.0,14.4,0.76,0.0,0,0,2016,36_78
0.1,1.2,0.58,0.0,1,0,2008,35_85
0.6,23.3,0.749,0.0,0,0,2017,31_94
0.0,0.7,0.083,0.0,0,0,2013,26_70
0.5,8.8,0.067,0.0,0,0,2014,32_81
17.5,0.4,0.291,0.0,0,1,2010,8_77
0.0,0.2,0.572,0.0,0,0,2011,23_75
0.0,1.6,0.481,0.0,0,0,2016,23_83
1.2,0.7,0.07,0.0,1,0,2007,28_71
4.0,0.0,0.0,0.0,0,1,2009,8_97
0.9,2.0,0.662,0.0,1,0,2016,16_79
0.0,8.4,0.057,0.0,1,0,2011,32_68
94.4,0.1,0.918,0.0,1,1,2008,32_75
0.1,1.1,0.813,0.0,0,0,2015,35_95
0.0,34.8,0.706,0.0,0,0,2010,30_80
0.2,4.5,0.876,0.0,0,0,2012,31_91
0.0,5.3,1.0,0.0,0,0,2014,34_90
0.0,3.0,0.3,0.0,0,0,2014,20_84
1.2,22.8,0.14,0.0,0,0,2011,33_78
0.0,33.9,0.576,0.0,1,0,2010,35_70
0.0,2.3,0.297,0.0,0,0,2007,20_84
0.6,14.3,0.069,0.0,0,0,2017,29_87
13.4,0.0,1.0,0.0,1,1,2013,12_92
0.0,0.4,0.385,0.0,0,0,2010,22_70
0.0,47.1,0.716,3.0,0,0,2012,35_72
16.9,0.6,1.0,0.0,1,1,2011,19_73
4.1,0.0,0.841,0.0,1,1,2007,21_87
17.0,6.7,1.0,0.0,1,1,2014,19_94
0.0,0.0,0.0,0.0,0,0,2017,20_72
0.0,0.2,0.611,0.0,0,0,2017,17_75
0.0,10.4,0.494,0.5,0,0,2013,19_84
0.0,0.2,0.446,0.0,0,0,2012,24_89
0.0,19.7,0.462,0.0,0,0,2010,32_79
1.2,39.0,0.833,0.0,0,0,2017,36_76
0.0,24.9,0.827,0.0,1,0,2012,30_96
0.0,0.1,0.304,0.0,0,0,2013,25_68
0.0,0.0,0.0,0.0,0,0,2007,11_72
0.0,2.2,0.269,0.0,0,0,2012,18_74
0.0,0.1,0.092,0.0,0,0,2017,22_72
0.0,0.1,0.31,0.0,0,0,2008,25_83
0.0,48.1,0.676,1.0,0,0,2017,35_73
14.3,0.0,0.0,0.0,0,1,2007,8_76
6.7,1.5,0.875,0.0,1,1,2009,35_88
0.0,0.2,0.929,0.0,0,0,2015,16_80
0.0,11.0,0.022,0.0,0,0,2008,36_94
0.0,20.7,0.123,0.5,0,0,2013,33_78
0.0,0.4,0.328,0.0,0,0,2012,25_81
0.0,0.4,0.56,0.0,0,0,2010,15_77
0.1,22.9,0.675,0.0,0,0,2009,31_97
1.1,0.6,0.762,0.0,1,0,2016,28_80
0.2,1.4,0.749,0.0,0,0,2011,16_81
0.9,3.7,0.756,0.0,1,0,2017,21_77
1.4,8.5,0.091,0.0,0,0,2016,31_79
0.5,0.0,0.0,0.0,1,0,2015,11_72
5.6,22.6,0.929,0.0,0,1,2015,27_91
0.0,0.5,0.272,0.0,0,0,2009,24_78
0.0,1.1,0.561,0.0,0,0,2016,13_74
0.0,11.2,0.118,0.0,0,0,2015,34_79
22.1,30.0,0.727,0.0,0,1,2017,29_96
8.2,0.4,0.369,2.0,0,1,2011,28_77
17.8,3.6,1.0,3.5,1,1,2015,9_76
0.0,14.1,0.808,0.0,0,0,2010,26_96
0.0,0.4,0.192,0.0,0,0,2012,26_74
1.1,0.0,0.0,0.0,0,0,2008,9_76
3.6,0.0,0.0,0.0,1,1,2014,8_73
0.5,7.1,0.81,0.0,1,0,2010,36_93
11.7,1.1,0.596,0.0,1,1,2016,23_72
12.1,0.0,0.0,0.0,1,1,2012,8_76
0.6,0.5,0.694,0.0,0,0,2012,11_79
0.0,0.0,0.0,0.0,0,0,2017,16_96
5.3,29.1,0.931,0.0,1,1,2009,29_92
0.0,4.2,0.396,0.0,0,0,2015,33_78
0.0,1.5,0.343,0.0,0,0,2015,20_85
0.0,2.2,0.506,0.0,0,0,2015,20_82
0.0,0.0,0.0,0.0,0,0,2011,18_93
0.0,0.1,0.675,0.0,1,0,2012,26_76
0.0,0.2,0.337,0.0,0,0,2015,22_87
0.0,7.3,0.379,0.0,0,0,2008,31_85
1.0,0.0,0.0,0.0,0,0,2017,8_76
0.0,0.0,0.0,0.0,1,0,2009,18_84
0.1,1.7,0.3,0.0,0,0,2017,31_88
0.0,2.8,0.448,0.0,0,0,2008,12_78
0.0,5.4,0.297,0.0,0,0,2008,30_83
0.2,13.1,0.841,0.0,1,0,2010,30_88
0.0,8.8,0.446,0.0,0,0,2008,32_69
0.0,5.9,0.391,0.0,0,0,2012,12_78
0.0,6.4,0.096,0.0,0,0,2015,32_85
0.0,8.8,0.288,0.0,0,0,2009,23_92
4.1,0.2,0.883,0.0,0,1,2016,26_88
0.0,1.3,0.54,0.0,0,0,2010,24_96
0.0,6.6,0.438,0.0,0,0,2011,22_85
0.0,3.5,0.84,0.0,0,0,2008,31_80
0.0,0.2,0.303,0.0,0,0,2012,25_83
0.0,0.5,0.102,0.0,0,0,2015,32_86
0.0,0.1,0.124,0.0,1,0,2007,30_71
0.0,0.3,0.296,0.0,0,0,2010,23_72
0.3,0.2,0.495,0.0,0,0,2013,26_76
0.0,11.4,0.546,0.0,0,0,2008,33_83
2.4,0.1,0.902,0.0,1,1,2009,26_87
1.4,8.0,0.917,0.0,1,0,2013,17_81
0.0,0.7,0.267,0.0,0,0,2014,14_76
0.0,0.4,0.553,0.0,0,0,2010,19_79
0.0,0.3,0.367,0.0,0,0,2012,21_69
2.5,0.3,0.471,0.0,0,1,2007,16_78
0.0,2.9,0.321,0.0,0,0,2007,21_85
0.0,0.6,0.484,0.0,0,0,2007,24_81
0.0,0.2,0.27,0.0,0,0,2010,31_72
0.0,1.4,0.505,0.0,0,0,2016,24_87
0.1,2.7,0.913,0.0,1,0,2014,23_77
1.6,4.5,0.405,0.0,1,0,2012,34_80
0.2,1.9,0.101,0.0,0,0,2008,31_68
0.0,26.4,0.71,0.0,0,0,2008,33_68
0.0,1.0,0.077,0.0,0,0,2014,25_69
0.0,3.7,0.291,0.0,0,0,2007,24_72
0.0,2.1,0.562,0.0,0,0,2009,22_94
5.4,0.2,0.354,0.0,0,1,2010,27_69
0.0,0.6,0.489,0.0,0,0,2007,23_76
11.2,0.1,0.949,4.5,1,1,2016,16_80
2.4,0.8,0.444,0.0,1,1,2015,16_78
5.5,0.0,0.0,0.0,1,1,2016,15_81
3.1,0.1,0.88,0.0,1,1,2008,26_84
0.0,8.2,0.3,0.0,1,0,2009,36_68
5.3,6.7,0.9,0.0,0,1,2012,32_95
11.2,0.8,1.0,0.0,1,1,2011,17_96
0.0,0.7,0.478,0.0,0,0,2009,35_82
0.0,2.0,0.267,0.0,0,0,2011,20_75
0.7,0.1,0.895,0.0,1,0,2011,27_78
1.2,0.1,0.876,0.0,1,0,2017,28_78
0.9,4.8,1.0,0.0,0,0,2015,15_74
0.0,0.2,0.313,0.5,0,0,2012,25_84
0.0,1.4,0.425,0.0,0,0,2013,23_82
0.0,1.9,0.547,0.0,0,0,2009,15_77
0.0,0.9,0.392,0.0,0,0,2007,22_83
1.0,8.9,0.368,0.0,1,0,2010,33_68
0.0,0.5,0.053,0.0,0,0,2010,23_70
0.2,7.7,0.098,0.0,0,0,2015,31_82
6.1,0.0,0.834,0.0,0,1,2009,11_75
0.0,24.5,0.038,0.0,1,0,2012,33_78
0.1,0.8,0.755,0.0,0,0,2012,17_81
1.3,0.1,0.092,0.0,1,0,2014,31_70
0.0,3.4,0.547,0.5,0,0,2014,24_93
0.0,0.9,0.356,0.0,0,0,2011,25_77
0.0,16.5,0.869,0.0,1,0,2015,35_76
0.0,0.5,0.469,0.0,0,0,2012,23_95
3.3,2.1,0.904,0.0,0,1,2011,33_93
0.0,0.3,0.608,0.0,0,0,2017,22_88
0.2,7.9,0.816,0.0,1,0,2008,33_90
0.0,0.5,0.365,0.0,0,0,2011,14_77
1.4,0.2,0.349,0.0,0,0,2012,26_89
0.0,5.9,0.322,0.0,0,0,2008,35_87
8.3,29.1,0.938,0.0,1,1,2010,27_89
0.0,3.2,0.075,0.0,0,0,2016,30_68
6.1,0.1,0.465,0.0,0,1,2008,31_73
0.7,0.0,0.0,0.0,0,0,2011,10_75
17.9,6.1,0.818,3.0,1,1,2010,28_82
0.0,5.0,0.808,0.0,0,0,2016,32_90
0.0,1.4,0.45,0.0,0,0,2008,21_86
0.0,4.0,0.391,0.0,0,0,2015,17_82
0.0,4.6,1.0,0.0,0,0,2016,33_96
0.0,0.0,0.0,0.0,0,0,2012,22_68
0.0,5.3,0.827,0.0,0,0,2014,34_94
39.6,0.8,1.0,0.0,1,1,2011,23_81
0.0,26.8,0.508,1.5,0,0,2016,30_78
3.8,16.7,0.427,0.0,0,1,2014,34_68
1.7,0.0,0.0,0.0,1,0,2016,11_92
0.0,0.0,0.0,0.0,0,0,2011,21_88
0.4,13.5,0.916,1.0,0,0,2010,29_78
0.0,9.6,0.124,0.0,0,0,2015,31_80
0.8,7.0,0.894,0.0,0,0,2015,13_75
0.0,0.6,0.498,0.0,0,0,2011,24_75
2.0,18.6,0.805,0.0,1,1,2015,29_90
6.5,0.4,0.355,0.0,0,1,2011,16_79
0.0,4.5,0.049,0.0,0,0,2016,30_69
0.0,6.5,0.553,0.0,1,0,2011,17_82
0.5,1.7,0.571,0.0,0,0,2013,35_82
0.0,0.4,0.558,0.0,0,0,2013,16_77
0.0,0.6,0.343,0.0,0,0,2007,25_81
3.6,0.3,0.861,0.0,1,1,2010,26_83
0.0,24.5,0.54,0.0,0,0,2011,29_83
4.8,0.0,0.0,0.0,1,1,2007,10_72
0.6,19.2,0.809,0.0,0,0,2012,31_95
0.3,3.7,0.312,0.0,0,0,2008,34_83
11.3,0.2,0.939,0.0,1,1,2007,25_86
0.0,4.6,0.979,0.0,0,0,2010,23_96
0.0,0.2,0.054,0.0,0,0,2014,29_73
0.0,0.0,0.0,0.0,0,0,2017,21_90
0.0,6.3,0.083,0.0,0,0,2009,29_69
0.1,0.0,0.0,0.0,1,0,2007,19_93
14.0,18.1,0.482,0.0,1,1,2013,32_79
8.2,3.3,0.914,0.0,1,1,2013,24_82
4.6,0.1,0.495,0.0,1,1,2008,29_73
0.0,5.6,0.05,0.0,0,0,2011,32_69
2.6,0.9,1.0,0.0,1,1,2011,10_76
0.0,8.4,0.283,0.0,1,0,2016,36_68
0.0,12.7,0.097,0.0,1,0,2015,31_85
0.0,0.0,0.135,0.0,0,0,2016,17_82
0.0,18.9,0.762,0.0,0,0,2009,30_94
119.6,0.4,0.912,0.0,0,1,2014,20_83
0.0,36.9,0.616,0.0,0,0,2008,36_75
0.0,6.3,0.574,0.0,0,0,2016,33_83
0.0,28.4,0.744,0.0,0,0,2013,35_71
0.0,1.1,0.272,0.5,1,0,2015,34_72
0.0,10.3,0.667,0.0,0,0,2008,28_87
0.2,0.4,1.0,0.0,1,0,2009,22_95
0.0,0.2,0.31,0.0,1,0,2009,30_73
2.1,2.7,0.934,0.0,0,1,2011,21_93
0.7,6.7,0.884,0.0,0,0,2013,32_95
0.0,0.2,0.279,0.0,0,0,2010,25_80
0.0,0.0,0.0,0.0,0,0,2009,21_88
0.0,0.1,0.395,0.0,0,0,2008,26_85
0.0,2.5,0.474,0.0,0,0,2009,18_80
0.9,2.6,0.714,0.0,1,0,2012,36_84
0.0,0.1,0.374,0.0,0,0,2017,25_87
1.5,0.3,0.875,0.0,1,0,2012,25_79
6.6,20.2,0.649,0.5,0,1,2016,29_80
0.0,25.2,0.726,0.0,0,0,2007,36_81
1.5,2.8,1.0,0.0,0,0,2013,34_97
0.0,0.4,0.234,0.0,0,0,2010,31_71
2.2,6.1,0.726,0.0,1,1,2013,32_86
0.0,0.0,0.028,0.0,0,0,2012,36_95
7.0,0.6,1.0,0.0,1,1,2017,21_76
0.0,15.4,0.489,0.5,0,0,2010,33_73
0.0,0.0,0.0,0.0,0,0,2008,9_92
0.0,0.5,0.866,0.0,1,0,2008,21_79
2.9,7.7,0.894,0.0,1,1,2016,31_90
0.0,1.7,0.372,0.0,0,0,2013,18_76
0.0,4.8,0.491,0.0,0,0,2010,18_80
0.0,0.7,0.305,0.0,0,0,2010,19_81
0.0,0.2,0.066,0.0,1,0,2008,27_73
10.4,18.5,0.935,0.0,1,1,2017,21_93
2.1,1.0,0.905,0.0,1,1,2014,21_78
0.0,0.3,0.305,0.0,1,0,2014,24_84
0.0,0.8,0.553,0.0,0,0,2010,21_74
6.9,1.0,0.913,1.0,0,1,2016,23_91
8.5,10.6,1.0,0.5,1,1,2016,22_97
0.0,0.6,0.289,0.5,0,0,2016,18_79
0.1,0.2,0.88,0.0,0,0,2010,24_90
0.0,0.6,0.498,0.0,0,0,2017,16_73
0.0,0.3,0.244,0.0,0,0,2012,29_70
9.6,0.0,0.0,0.0,0,1,2008,14_93
0.0,0.0,0.0,0.0,0,0,2009,18_84
0.0,8.8,0.087,0.0,1,0,2012,31_81
0.0,17.0,1.0,0.0,0,0,2012,35_81
0.6,0.0,0.592,0.0,1,0,2017,27_79
0.1,16.2,0.859,0.0,0,0,2017,36_90
0.0,0.7,0.291,1.0,0,0,2017,32_75
1.1,5.5,0.446,0.0,1,0,2017,34_85
0.0,0.8,0.798,0.0,0,0,2014,32_91
0.0,3.4,0.07,0.0,0,0,2007,32_68
0.0,6.2,0.631,0.0,0,0,2014,33_94
0.0,0.5,0.516,0.0,0,0,2011,22_77
0.0,0.2,0.348,0.0,1,0,2010,29_72
0.0,0.7,0.309,0.0,0,0,2008,25_81
0.0,1.0,0.369,0.0,0,0,2010,24_83
0.0,6.2,0.829,0.0,0,0,2011,29_92
3.3,4.9,0.277,0.0,0,1,2007,34_83
4.5,7.1,0.929,0.5,1,1,2014,23_92
0.8,0.3,0.469,0.0,0,0,2016,8_80
0.6,12.2,0.836,0.0,1,0,2013,32_95
20.9,15.5,0.908,0.0,0,1,2010,28_95
0.0,0.3,0.06,0.0,0,0,2012,29_70
0.0,0.7,0.621,0.0,0,0,2016,16_77
0.0,10.2,0.786,0.0,1,0,2014,11_77
0.0,11.2,0.169,0.0,0,0,2014,33_81
2.5,6.6,0.951,0.0,0,1,2014,32_95
20.2,0.5,1.0,0.0,1,1,2016,23_91
3.9,0.3,0.882,0.0,0,1,2013,25_79
0.4,9.1,0.144,0.0,0,0,2015,34_82
0.0,1.3,0.27,0.0,1,0,2009,24_82
18.5,0.0,0.951,0.0,1,1,2013,18_93
0.0,0.4,0.709,0.0,0,0,2014,27_81
0.0,2.2,0.804,0.0,0,0,2014,31_87
0.0,5.8,0.012,0.0,0,0,2017,32_89
0.3,2.3,0.093,0.0,0,0,2017,34_79
0.0,0.3,0.048,0.0,1,0,2016,27_73
0.0,5.9,0.353,0.0,0,0,2007,13_79
0.0,5.1,0.697,0.0,0,0,2008,33_91
4.2,18.3,0.85,0.0,0,1,2007,28_87
1.8,5.9,0.889,0.0,1,0,2010,30_89
1.7,0.0,0.888,0.0,1,0,2014,9_92
0.0,30.7,0.493,0.0,0,0,2014,36_78
38.1,0.0,0.0,0.0,1,1,2014,12_93
1.2,0.5,1.0,0.0,1,0,2009,22_73
0.0,6.9,0.691,0.0,0,0,2013,23_95
7.9,0.3,0.944,0.0,1,1,2011,19_80
9.4,4.4,0.908,0.0,1,1,2009,21_92
0.0,28.7,0.67,3.5,0,0,2016,34_73
0.2,0.3,0.272,0.0,0,0,2015,17_79
0.0,23.7,0.357,0.0,0,0,2014,18_81
0.0,43.3,0.601,0.5,0,0,2008,34_75
0.1,0.3,0.797,0.0,0,0,2012,15_74
0.0,4.0,0.143,0.0,1,0,2012,31_81
0.1,6.6,0.594,0.0,1,0,2007,30_82
3.0,8.3,0.39,0.0,1,1,2013,31_82
0.0,0.1,0.562,0.0,0,0,2010,21_96
0.0,29.0,0.828,0.0,1,0,2014,35_75
0.0,0.6,0.297,0.0,0,0,2009,16_78
0.0,13.4,0.27,0.0,0,0,2014,13_78
9.7,0.0,0.0,0.0,0,1,2016,8_92
3.4,10.1,0.811,0.0,1,1,2013,31_70
0.0,1.0,0.277,0.0,0,0,2007,24_80
0.0,24.6,0.937,0.0,0,0,2011,35_72
0.0,0.4,0.355,0.0,1,0,2013,26_74
11.1,0.7,0.953,6.0,1,1,2013,19_72
0.0,11.2,0.798,0.0,0,0,2011,34_95
0.0,1.6,0.547,0.0,0,0,2008,23_79
3.6,1.9,0.748,0.0,1,1,2010,35_82
0.0,0.4,0.163,0.0,0,0,2015,31_88
0.1,0.2,0.282,0.0,0,0,2008,12_79
0.0,0.1,0.398,0.5,1,0,2015,24_88
0.0,1.0,0.367,0.0,0,0,2015,30_83
0.0,1.3,0.536,0.0,0,0,2014,14_75
0.0,1.7,0.54,0.0,0,0,2013,11_76
0.2,17.4,0.537,0.0,1,0,2007,33_78
1.8,10.5,0.625,0.0,1,0,2010,29_87
7.1,0.1,0.93,0.0,1,1,2010,25_79
0.0,0.1,0.108,0.0,1,0,2009,23_70
0.0,0.0,0.358,0.0,0,0,2015,26_83
0.2,4.0,0.246,0.0,0,0,2013,33_85
0.7,0.7,0.566,0.0,0,0,2010,10_77
12.3,1.6,0.889,0.0,1,1,2012,17_94
1.8,7.3,0.9,0.0,0,0,2013,32_95
25.3,0.1,0.895,0.0,1,1,2013,26_87
0.0,7.1,0.804,0.0,0,0,2007,21_86
0.0,8.1,0.527,0.0,0,0,2013,28_92
0.0,0.7,0.281,0.0,0,0,2017,16_78
0.3,1.2,1.0,0.0,1,0,2017,23_79
0.0,0.1,0.304,0.0,0,0,2009,24_69
0.0,1.0,0.28,0.0,0,0,2014,23_86
0.0,5.8,0.069,0.0,0,0,2014,32_81
0.0,1.4,0.733,0.0,0,0,2013,36_89
0.4,26.2,0.826,0.0,0,0,2007,29_92
0.2,3.5,0.57,0.0,0,0,2011,18_96
0.0,16.9,0.464,2.0,0,0,2016,34_72
0.9,10.1,0.531,0.0,0,0,2007,18_73
24.4,0.3,1.0,0.0,1,1,2012,24_77
65.5,0.2,0.95,0.0,1,1,2008,25_79
0.0,0.1,0.608,0.0,0,0,2012,24_88
9.1,9.4,0.917,0.0,1,1,2010,31_79
12.2,0.0,0.0,0.0,1,1,2010,12_93
0.0,0.3,0.069,0.0,0,0,2015,27_72
0.0,0.2,0.551,0.0,0,0,2015,22_71
0.0,0.6,0.024,0.0,1,0,2014,28_69
0.0,0.7,0.547,0.0,0,0,2007,21_79
11.3,0.0,0.0,0.0,0,1,2013,11_97
0.2,3.6,1.0,0.0,1,0,2008,25_92
2.5,9.7,0.834,0.0,1,1,2013,29_92
4.9,0.5,0.681,0.0,1,1,2016,27_78
0.0,0.4,0.391,0.0,0,0,2016,21_69
0.1,17.4,0.573,0.0,1,0,2010,35_76
0.0,1.4,0.319,0.0,0,0,2008,21_78
0.0,35.4,0.542,0.0,0,0,2012,36_73
0.0,0.7,0.301,0.0,0,0,2013,21_86
0.0,0.3,0.57,0.0,1,0,2007,32_73
0.0,36.2,0.26,0.0,1,0,2012,36_69
0.0,0.1,0.304,0.0,1,0,2015,8_79
0.0,1.0,0.253,0.0,1,0,2010,23_84
1.0,0.4,0.807,0.0,1,0,2015,26_76
0.0,0.5,0.623,0.0,0,0,2008,21_83
4.6,0.1,1.0,0.5,1,1,2011,26_91
7.9,22.0,0.923,0.0,0,1,2010,27_97
0.0,1.2,0.723,0.0,0,0,2011,34_86
0.0,1.0,0.049,0.0,0,0,2015,30_68
0.0,9.0,0.906,0.0,0,0,2009,27_88
0.0,33.0,0.779,0.0,1,0,2012,32_77
0.0,0.4,0.522,0.0,0,0,2011,22_76
0.5,14.8,0.057,0.0,0,0,2017,30_85
4.9,13.6,1.0,0.5,1,1,2011,30_77
0.0,0.0,0.0,0.0,0,0,2015,11_73
0.0,31.5,0.757,2.0,0,0,2010,27_86
0.0,0.3,0.053,0.0,0,0,2008,28_74
0.0,22.8,0.646,0.0,0,0,2013,23_93
0.0,0.3,0.548,0.0,0,0,2014,21_71
8.8,0.6,1.0,0.0,1,1,2013,19_77
1.4,1.6,0.426,0.0,1,0,2015,34_81
5.1,1.0,1.0,0.0,1,1,2012,35_93
0.0,12.4,0.244,0.0,0,0,2010,14_79
0.6,0.0,0.0,0.0,0,0,2017,10_73
0.0,0.2,0.46,0.0,0,0,2008,26_78
6.8,2.0,0.925,0.0,1,1,2014,22_84
2.3,5.5,0.085,0.0,1,1,2015,33_85
0.0,2.8,0.459,0.0,0,0,2007,23_83
1.3,0.6,0.746,0.0,0,0,2009,17_80
0.0,0.2,0.563,0.0,0,0,2017,23_79
1.6,3.1,0.391,0.0,0,0,2016,18_76
0.0,0.0,0.0,0.0,0,0,2015,20_87
9.3,0.1,0.354,0.0,0,1,2009,32_71
1.1,19.5,0.852,0.5,1,0,2012,28_82
0.0,0.0,0.0,0.0,0,0,2015,18_84
0.6,0.3,0.877,0.0,1,0,2007,19_82
10.9,28.4,0.927,0.0,1,1,2007,28_82
0.0,9.8,0.304,0.0,0,0,2008,19_73
0.0,0.0,0.042,0.0,0,0,2016,22_69
1.2,0.6,0.379,0.0,0,0,2011,9_80
2.5,5.9,0.752,0.0,1,1,2010,34_83
0.0,0.5,0.461,0.0,1,0,2008,29_72
0.0,20.2,0.27,0.0,0,0,2014,33_79
18.7,6.0,0.396,5.0,0,1,2010,30_77
0.0,0.0,0.0,0.0,0,0,2014,11_72
1.6,2.8,0.956,0.0,1,0,2011,20_73
0.7,0.1,0.071,0.0,0,0,2008,28_71
5.2,18.1,0.92,0.0,1,1,2009,26_87
0.3,19.0,0.855,0.0,0,0,2016,27_97
1.2,2.0,0.706,0.0,1,0,2013,23_78
35.0,0.4,0.67,0.0,0,1,2015,23_87
4.4,1.8,0.695,0.0,1,1,2014,19_95
0.0,3.6,0.797,0.0,0,0,2008,34_96
0.0,0.6,0.347,1.5,0,0,2015,26_88
0.0,10.6,0.076,0.0,0,0,2012,33_82
0.0,0.9,0.565,0.0,0,0,2015,25_77
5.4,1.6,0.752,0.0,0,1,2010,20_75
2.1,7.4,0.666,0.0,0,1,2012,17_81
0.0,0.0,0.0,0.0,0,0,2017,13_94
1.0,1.7,0.523,0.0,0,0,2015,22_84
0.0,0.2,0.346,0.0,0,0,2017,20_79
0.0,4.3,0.651,0.0,0,0,2015,36_88
7.5,17.8,0.943,0.0,1,1,2012,36_78
0.9,8.6,0.832,0.0,0,0,2013,32_95
0.0,0.7,0.269,0.0,0,0,2014,12_77
0.0,0.7,0.12,0.0,0,0,2010,26_72
1.6,0.9,0.868,0.0,1,0,2010,19_84
0.0,17.5,0.116,0.0,0,0,2009,33_78
13.0,0.0,0.0,0.0,1,1,2007,13_94
0.2,4.1,0.434,0.0,0,0,2014,19_85
0.3,1.2,0.147,0.0,0,0,2016,35_85
0.6,36.3,0.761,0.5,0,0,2013,34_75
0.0,0.8,0.295,0.0,0,0,2017,24_85
0.0,0.2,0.493,0.0,0,0,2012,28_78
0.0,5.4,0.316,0.0,0,0,2015,32_85
0.0,0.4,0.58,0.0,0,0,2014,15_80
0.0,0.3,0.551,0.0,0,0,2011,22_71
2.4,0.5,0.874,0.0,0,1,2014,23_80
0.0,0.5,0.696,0.0,1,0,2013,24_78
16.5,0.2,0.932,0.0,1,1,2012,26_89
4.6,1.3,0.679,0.0,1,1,2017,14_75
0.0,0.1,0.304,0.0,0,0,2014,25_68
0.0,14.2,0.783,0.0,0,0,2007,28_91
0.2,0.3,0.482,0.0,1,0,2010,24_77
119.3,28.3,0.951,0.0,1,1,2010,27_90
3.1,0.3,1.0,0.0,1,1,2010,20_72
0.0,10.8,0.15,0.0,0,0,2010,28_86
0.0,0.0,0.0,0.0,0,0,2013,19_86
3.5,0.1,0.676,0.0,0,1,2016,26_88
0.0,35.6,0.69,0.5,1,0,2014,32_77
0.0,0.0,0.0,0.0,0,0,2014,18_93
0.0,0.1,0.271,0.0,0,0,2016,27_69
0.1,0.1,0.374,0.0,0,0,2012,24_89
2.6,0.0,0.0,0.0,1,1,2013,10_92
3.6,38.0,0.839,0.0,1,1,2015,30_80
0.0,0.1,0.174,0.0,0,0,2009,14_80
0.0,1.1,0.679,0.0,0,0,2009,23_95
2.8,8.7,0.435,0.0,0,1,2015,34_69
3.7,0.8,0.586,0.0,0,1,2015,22_80
0.0,0.6,0.47,0.0,0,0,2011,14_79
1.3,0.5,0.971,0.0,1,0,2015,24_96
0.0,11.0,0.798,0.0,0,0,2013,30_91
4.3,2.3,0.488,0.0,1,1,2015,35_85
4.9,16.9,0.804,0.0,1,1,2012,36_83
0.0,0.7,0.966,0.0,1,0,2010,24_75
0.0,7.6,0.644,0.0,0,0,2014,36_69
0.8,32.1,0.551,0.5,0,0,2011,31_79
3.9,3.2,0.716,0.0,1,1,2010,33_81
2.2,26.5,0.33,0.0,1,1,2015,33_79
2.0,7.4,0.87,2.5,0,1,2011,28_84
0.0,3.0,0.428,0.0,1,0,2009,33_72
2.8,4.1,0.25,0.0,1,1,2014,34_83
3.8,2.1,0.912,0.0,1,1,2011,19_83
4.7,3.7,0.891,0.0,1,1,2007,34_96
0.0,0.6,0.056,0.0,0,0,2013,26_69
6.1,1.1,0.644,0.0,0,1,2014,23_85
0.0,1.0,0.335,0.0,0,0,2015,26_74
0.0,0.0,0.531,0.0,0,0,2011,15_73
4.4,0.3,0.829,0.0,1,1,2013,24_88
1.5,0.0,0.0,0.0,0,0,2016,21_91
0.0,2.8,0.243,0.0,0,0,2010,31_83
2.9,19.3,1.0,0.5,1,1,2017,34_73
0.0,36.4,0.526,0.0,1,0,2012,35_70
1.5,0.5,0.504,0.0,0,0,2010,18_80
0.0,14.1,0.12,0.0,0,0,2015,35_78
1.4,4.1,0.858,0.0,0,0,2010,12_92
0.0,0.0,0.035,0.0,0,0,2009,22_68
9.0,0.5,1.0,0.0,1,1,2014,17_76
0.0,2.5,0.553,0.0,0,0,2011,24_81
0.0,0.2,0.498,0.0,0,0,2015,21_70
0.0,0.0,0.0,0.0,0,0,2008,12_92
0.0,22.4,0.657,5.0,0,0,2013,30_77
11.2,8.0,0.687,0.0,0,1,2015,27_89
1.2,1.7,0.239,0.0,0,0,2007,19_96
0.0,0.2,0.155,0.0,0,0,2016,9_78
4.7,1.1,0.881,0.0,1,1,2009,25_72
0.0,24.4,0.68,0.0,0,0,2009,36_77
1.9,8.1,0.376,0.0,0,1,2017,33_82
0.0,6.8,0.304,0.0,0,0,2008,25_86
0.0,3.7,0.292,0.0,0,0,2009,19_81
0.0,21.0,0.78,0.0,0,0,2011,28_85
7.5,10.5,0.859,0.0,1,1,2014,19_84
0.0,8.9,0.703,0.0,1,0,2017,31_86
0.3,0.9,0.45,0.0,0,0,2009,8_79
1.2,46.4,0.562,0.0,1,0,2007,32_77
8.4,0.1,0.924,0.0,1,1,2007,26_84
3.6,17.4,0.851,0.0,1,1,2008,33_70
18.9,0.3,0.661,0.0,1,1,2017,26_72
0.0,0.2,0.448,0.0,0,0,2017,26_82
15.8,0.1,0.837,0.0,1,1,2015,31_73
0.0,2.5,0.737,0.0,0,0,2010,24_83
1.5,7.8,0.869,6.0,0,0,2011,28_84
1.8,2.7,0.701,0.0,1,0,2015,30_89
0.0,0.9,0.282,0.0,0,0,2012,21_70
0.0,28.2,0.833,0.0,0,0,2016,36_75
0.0,21.3,0.184,0.0,1,0,2007,35_70
11.5,2.4,0.873,0.0,1,1,2011,26_90
0.0,0.6,0.276,0.0,0,0,2007,18_82
30.0,0.4,0.848,0.0,1,1,2017,16_79
0.1,0.0,0.0,0.0,1,0,2016,20_87
2.9,0.3,0.956,0.0,1,1,2017,14_77
14.3,0.7,0.771,0.0,1,1,2009,11_77
0.0,12.2,0.102,0.0,0,0,2013,32_81
5.1,0.1,0.92,0.0,1,1,2014,26_90
0.8,2.1,0.562,0.0,1,0,2014,32_88
0.0,5.0,0.398,0.0,0,0,2014,35_81
13.5,21.0,0.925,0.0,1,1,2013,28_95
4.8,2.2,1.0,0.0,1,1,2012,25_95
8.2,0.0,0.0,0.0,1,1,2012,15_95
0.0,7.7,0.594,0.0,0,0,2007,22_96
1.5,5.5,0.706,0.0,0,0,2007,34_90
12.1,0.1,0.768,0.0,1,1,2012,28_77
0.0,3.2,0.047,0.0,1,0,2014,32_68
0.0,0.7,0.639,0.0,0,0,2016,25_76
0.0,11.9,0.156,0.0,0,0,2013,32_69
7.4,0.1,0.891,0.0,1,1,2013,32_74
46.7,1.9,1.0,0.0,1,1,2011,22_85
0.0,0.4,0.302,0.0,0,0,2008,24_74
8.2,0.1,0.644,0.0,0,1,2014,24_90
10.8,15.3,0.468,0.0,1,1,2010,34_68
2.9,4.1,0.63,4.0,1,1,2014,15_73
0.0,1.3,0.558,0.0,0,0,2016,21_75
0.0,7.6,0.834,6.0,0,0,2011,11_76
0.5,0.3,0.676,0.0,1,0,2015,17_78
0.0,36.3,0.801,3.0,0,0,2011,32_76
1.2,13.9,0.546,0.0,0,0,2013,26_95
66.9,0.0,0.0,0.0,0,1,2014,18_93
0.0,0.5,0.137,0.0,0,0,2011,18_84
0.0,0.2,0.304,0.0,0,0,2010,26_73
7.1,1.7,1.0,0.0,1,1,2010,35_88
0.6,21.2,0.794,0.0,0,0,2011,25_95
3.1,0.2,0.344,0.0,0,1,2010,22_90
0.0,1.6,0.451,0.0,0,0,2013,35_87
1.2,0.1,0.544,0.0,0,0,2017,23_88
0.5,0.2,0.063,0.0,1,0,2012,28_71
0.0,0.0,0.0,0.0,1,0,2013,15_80
0.2,4.7,0.802,0.0,0,0,2013,32_92
0.9,7.5,0.819,0.0,1,0,2016,34_94
0.3,9.8,0.626,0.0,0,0,2010,22_96
0.0,10.1,0.379,0.0,1,0,2014,33_69
0.9,13.7,0.757,0.0,1,0,2014,33_74
0.0,0.8,0.598,0.0,0,0,2014,22_84
0.0,1.9,0.637,0.0,0,0,2016,31_70
0.0,0.6,0.647,0.0,0,0,2014,23_74
0.0,0.2,0.51,0.0,0,0,2015,9_80
0.2,0.5,0.361,0.0,0,0,2017,28_76
0.0,2.8,0.531,0.0,0,0,2008,25_77
0.0,0.2,0.312,0.0,0,0,2008,24_80
0.0,10.9,0.432,0.5,0,0,2014,22_92
0.0,0.7,0.347,0.0,0,0,2011,19_78
0.0,0.1,0.335,0.0,0,0,2009,27_83
0.0,2.9,0.287,0.0,0,0,2015,24_73
0.0,12.1,0.129,0.0,0,0,2016,36_91
0.0,0.2,0.28,0.0,0,0,2009,24_87
22.1,3.9,1.0,0.0,1,1,2007,24_96
0.3,2.7,0.935,0.0,1,0,2009,33_97
14.4,0.1,0.915,0.0,1,1,2016,24_89
0.6,0.6,0.765,0.0,1,0,2015,21_71
3.8,10.4,0.946,0.0,0,1,2017,29_96
0.0,0.7,0.737,0.0,0,0,2014,16_79
0.0,7.2,0.562,1.0,0,0,2012,20_97
0.0,0.4,0.065,0.0,0,0,2008,28_75
7.1,2.4,0.483,0.0,1,1,2007,23_83
3.1,0.5,0.869,0.0,1,1,2015,13_93
0.9,5.6,1.0,0.0,0,0,2016,34_97
0.2,3.6,0.76,0.0,0,0,2007,32_88
0.0,6.6,0.339,0.0,0,0,2010,26_76
0.0,0.1,0.304,0.0,0,0,2012,28_68
8.7,1.1,0.893,0.0,1,1,2008,23_84
0.0,0.4,0.262,0.0,0,0,2009,17_79
34.8,0.2,1.0,0.0,1,1,2010,20_79
38.4,41.8,0.925,0.0,0,1,2014,28_96
0.0,3.6,0.609,0.0,1,0,2009,30_83
2.1,32.5,0.741,0.0,0,1,2013,29_95
0.3,0.5,0.483,0.0,0,0,2008,18_79
0.0,1.2,0.591,0.0,0,0,2009,21_95
31.6,6.9,0.949,0.0,1,1,2013,27_94
1.0,0.2,0.423,0.0,0,0,2015,25_87
9.9,22.0,1.0,0.0,0,1,2010,11_77
4.4,27.3,0.46,0.0,0,1,2010,34_75
10.6,0.5,0.838,0.0,1,1,2007,15_76
0.5,9.4,0.072,0.5,1,0,2015,33_77
0.0,0.1,0.278,0.0,0,0,2009,28_68
1.2,3.0,0.756,0.0,1,0,2010,35_88
0.0,4.2,0.323,0.0,0,0,2011,30_77
0.0,0.5,0.348,0.0,0,0,2012,24_79
0.0,6.5,0.593,0.0,0,0,2014,35_81
0.0,0.1,0.506,0.0,0,0,2015,28_78
0.0,1.5,0.601,0.0,1,0,2010,36_79
0.0,48.6,0.071,0.0,1,0,2014,31_78
11.7,0.0,0.0,0.0,0,1,2014,10_97
0.0,1.9,0.563,0.0,0,0,2015,21_70
0.0,0.4,0.662,0.0,0,0,2007,24_78
0.0,0.5,0.556,0.0,0,0,2016,24_77
1.0,22.6,0.416,0.0,0,0,2011,35_70
0.6,0.8,0.569,0.0,1,0,2011,23_74
1.8,0.9,0.894,0.0,1,0,2014,21_84
0.0,21.3,0.111,0.0,0,0,2010,34_77
8.3,1.0,0.925,0.0,1,1,2014,28_80
2.8,0.1,0.837,0.0,1,1,2007,28_79
0.0,8.5,0.101,0.0,0,0,2014,32_85
0.0,8.2,0.417,0.0,0,0,2017,22_94
0.0,1.6,0.573,0.0,0,0,2015,24_75
0.0,3.0,0.536,0.0,0,0,2009,35_85
13.1,0.0,0.0,0.0,1,1,2015,13_97
1.9,14.3,0.936,0.0,1,1,2008,28_88
0.0,3.2,0.323,0.0,0,0,2012,26_90
0.0,9.2,0.576,0.0,0,0,2007,16_73
0.0,0.9,0.34,0.0,0,0,2012,23_82
2.9,10.5,1.0,0.0,1,1,2016,34_84
0.0,3.3,0.896,0.5,0,0,2014,17_73
0.0,4.4,0.762,0.0,0,0,2011,36_87
0.0,6.2,0.826,0.0,0,0,2014,34_92
0.0,6.5,0.62,0.0,0,0,2011,19_94
0.0,19.0,0.107,0.0,0,0,2009,33_81
0.0,5.7,0.57,0.0,0,0,2010,24_95
0.0,0.1,0.525,0.0,0,0,2013,29_75
0.7,10.9,0.747,0.0,0,0,2017,30_95
0.0,7.0,0.202,0.0,0,0,2007,30_83
1.1,0.4,0.606,0.0,1,0,2007,27_79
8.9,4.4,1.0,0.0,1,1,2016,24_95
0.0,0.0,0.359,0.0,1,0,2008,20_72
0.0,1.1,0.56,0.0,0,0,2012,16_75
6.2,4.8,0.94,0.0,1,1,2017,17_73
4.3,29.8,1.0,0.5,1,1,2015,35_74
0.0,0.0,0.718,0.0,0,0,2010,30_81
0.0,0.1,0.574,0.0,0,0,2015,30_73
1.0,6.6,0.803,0.0,1,0,2016,34_85
0.0,6.8,0.729,0.0,0,0,2013,30_89
0.0,1.6,0.547,0.0,0,0,2007,19_96
0.0,0.7,0.747,0.0,0,0,2008,22_95
0.0,3.5,0.319,0.0,0,0,2010,20_73
0.0,0.7,0.012,0.0,0,0,2010,25_70
65.1,4.1,0.867,0.0,1,1,2011,33_70
0.0,5.9,0.571,0.0,0,0,2007,34_91
0.0,21.5,0.883,0.0,0,0,2010,31_95
4.1,0.0,0.0,0.0,0,1,2009,11_72
0.2,12.4,0.721,0.0,0,0,2017,34_95
1.5,0.2,0.906,0.0,0,0,2016,26_91
0.0,0.1,0.445,0.0,0,0,2013,13_79
5.2,3.8,0.935,0.0,1,1,2011,34_96
0.0,6.8,0.197,0.0,1,0,2011,35_68
125.8,0.4,0.95,0.0,1,1,2014,20_80
5.6,0.4,0.875,0.0,1,1,2016,24_70
0.0,1.0,0.701,0.0,0,0,2016,28_95
0.0,0.3,0.336,0.0,0,0,2008,25_85
0.0,2.0,0.573,0.0,0,0,2009,33_72
0.0,0.0,0.0,0.0,0,0,2012,13_97
17.3,0.0,0.0,0.0,0,1,2008,8_76
0.0,3.9,0.782,0.0,0,0,2011,34_90
0.0,0.1,0.27,0.0,0,0,2013,29_72
18.5,2.1,1.0,0.0,1,1,2013,23_78
0.0,0.3,0.171,0.0,0,0,2014,28_76
0.0,24.2,0.598,0.0,0,0,2010,30_96
7.3,5.1,0.236,0.0,1,1,2007,33_81
0.0,0.2,0.427,0.0,0,0,2008,25_84
2.0,18.4,0.994,0.0,0,1,2010,8_77
0.0,0.0,0.646,0.0,0,0,2015,28_77
8.4,2.7,1.0,0.0,1,1,2009,22_96
0.0,3.5,0.6,0.0,0,0,2013,18_94
0.0,28.4,0.164,0.0,0,0,2010,35_78
0.0,24.2,0.324,0.0,0,0,2012,33_76
0.0,0.1,0.323,0.0,1,0,2014,31_73
0.1,4.6,0.699,0.0,0,0,2010,24_86
3.2,0.3,0.869,0.0,1,1,2014,24_91
0.0,0.5,0.722,0.0,0,0,2011,25_76
5.3,1.1,0.881,0.0,1,1,2010,24_84
0.5,0.0,0.0,0.0,0,0,2012,17_83
5.8,13.1,0.791,0.0,0,1,2015,28_88
0.0,9.7,0.304,0.0,0,0,2007,31_84
0.0,1.7,0.333,0.0,0,0,2011,33_83
0.0,0.1,0.359,0.0,0,0,2014,28_69
17.2,0.0,0.0,0.0,0,1,2009,8_73
0.0,0.2,0.066,0.0,0,0,2008,31_71
0.0,6.7,0.827,0.0,0,0,2007,34_95
9.2,0.1,0.94,0.0,1,1,2007,25_88
10.3,1.7,1.0,0.0,0,1,2014,20_96
17.6,2.7,0.539,0.0,1,1,2017,23_73
10.0,18.4,1.0,2.0,1,1,2007,26_94
0.0,0.1,0.836,0.0,0,0,2010,21_88
1.5,17.6,0.047,0.0,1,0,2013,33_77
0.0,0.1,0.266,0.0,1,0,2007,29_70
0.0,5.4,0.518,0.0,0,0,2012,34_83
0.4,4.0,0.776,4.5,0,0,2008,27_85
13.3,14.7,0.676,0.0,1,1,2013,33_77
0.0,17.1,0.834,0.0,0,0,2007,29_92
6.9,0.1,0.382,0.0,1,1,2010,29_72
0.0,0.6,0.538,0.0,0,0,2008,24_78
0.0,0.1,0.417,0.0,0,0,2017,27_82
1.3,5.6,0.812,0.0,1,0,2012,22_82
0.0,0.0,0.0,0.0,0,0,2011,10_97
0.0,0.7,0.064,0.0,0,0,2014,27_73
0.0,0.1,0.324,0.0,0,0,2010,26_87
0.0,5.1,0.27,0.0,0,0,2014,27_84
0.0,17.3,0.753,0.0,0,0,2007,31_95
1.5,0.8,0.396,0.0,1,0,2017,10_78
1.9,1.3,0.835,0.0,1,1,2017,36_88
1.0,0.6,0.727,0.0,0,0,2010,16_76
0.0,1.0,0.824,0.0,0,0,2013,24_78
0.0,1.0,0.329,0.0,0,0,2015,21_70
0.0,3.9,0.512,0.0,0,0,2015,22_93
0.0,3.8,0.791,0.0,0,0,2014,34_94
1.6,13.5,0.602,0.0,0,0,2016,31_93
0.0,1.3,0.313,0.0,0,0,2013,13_77
0.0,8.7,0.036,0.0,1,0,2017,36_79
0.0,0.4,0.508,0.0,0,0,2008,20_76
0.0,3.1,0.521,0.0,0,0,2012,21_92
8.8,3.8,1.0,0.0,1,1,2007,22_94
0.0,0.1,0.505,0.0,0,0,2016,26_83
4.2,10.3,0.3,0.0,1,1,2013,33_71
0.0,19.5,0.053,0.0,0,0,2017,33_78
1.0,0.0,0.0,0.0,1,0,2016,19_72
0.0,2.2,0.447,0.0,0,0,2009,17_81
0.0,28.4,0.065,0.0,0,0,2012,32_77
0.1,0.8,0.127,0.5,1,0,2009,13_80
0.0,3.7,1.0,0.0,0,0,2013,34_93
30.7,0.5,1.0,0.5,1,1,2009,26_95
6.3,0.0,0.0,0.0,0,1,2009,10_92
6.9,9.1,0.494,0.0,0,1,2012,36_92
13.0,1.4,1.0,1.0,1,1,2010,15_74
0.0,0.6,0.224,0.0,0,0,2008,14_75
0.0,0.1,0.147,0.0,0,0,2008,19_85
4.4,3.1,0.811,0.0,0,1,2011,36_91
11.9,8.6,1.0,0.0,1,1,2010,13_75
0.0,0.1,0.276,0.0,0,0,2016,30_72
26.6,19.6,0.76,0.0,0,1,2007,29_96
41.3,0.2,0.94,0.0,0,1,2007,22_90
3.6,19.3,0.924,0.0,0,1,2012,28_93
0.0,1.5,0.516,0.0,0,0,2008,18_80
0.5,2.6,0.27,0.0,0,0,2012,13_78
0.0,0.3,0.314,0.0,0,0,2012,31_75
3.5,0.3,0.978,0.0,1,1,2011,20_79
52.7,3.4,1.0,0.0,0,1,2017,28_95
0.9,7.9,0.773,0.0,0,0,2007,33_92
0.6,0.1,0.075,0.0,1,0,2015,31_71
0.0,4.4,0.436,0.0,0,0,2012,34_83
0.0,0.1,0.28,0.0,0,0,2016,29_71
3.9,0.0,0.0,0.0,1,1,2008,11_72
1.3,25.2,0.73,0.5,0,0,2012,33_70
0.0,5.2,0.251,0.0,0,0,2016,34_83
0.0,0.4,0.622,0.0,0,0,2015,17_77
6.3,0.4,0.93,0.0,1,1,2016,15_75
0.0,0.9,0.892,0.0,0,0,2008,13_79
2.3,5.5,0.913,0.0,1,1,2016,32_93
2.4,0.0,0.0,0.0,1,1,2017,20_72
