source_name,source_link,event_id,event_date,event_time,event_title,event_description,location_description,location_accuracy,landslide_category,landslide_trigger,landslide_size,landslide_setting,fatality_count,injury_count,storm_name,photo_link,notes,event_import_source,event_import_id,country_name,country_code,admin_division_name,admin_division_population,gazeteer_closest_point,gazeteer_distance,submitted_date,created_date,last_edited_date,longitude,latitude
E-Pao,http://www.e-pao.net/GP.asp?src=28..210810.aug10,2164,07/29/2010 11:00:00 PM,,"Chingai-Kuingai(Quingai) route (16 kms), Chingai subdivision, Ukhrul district, Manipur","Since the Chingai-Quingai road has been sunk due to landslides at various points following heavy rainfall that occured twice during the past 20 days, nearly 5,000 villagers of five villages in the sub-division are facing the alarming possibility of starvation.  The road from Chingai to Quingai in Chingai sub-division of Ukhrul district connects Quingai, Chalou, New Tasom, Tasom CV and Tasom Khullen villages.  However, the road has been disconnected in various places due to heavy rainfall that occurred on the night between July 29 and 30 and again on the night of August 15 .  According to Secretary, Information and Publicity, Northern Raphei Students' Union (NRSU), HAS Thuingaleng, nearly 5,000 villagers of the said villages have been facing extreme hardship.  The wooden bridge over Rondei river had been washed away by the powerful current of the river disconnecting the road.  Moreover, landslides have occurred completely blocking the road at different places.  However, due to the heavy","Chingai-Kuingai(Quingai) route (16 kms), Chingai subdivision, Ukhrul district, Manipur",25km,landslide,downpour,medium,unknown,0,,,,,glc,2164,India,IN,Manipur,15118,Phek,39.51186,04/01/2014 12:00:00 AM,11/20/2017 03:17:00 PM,02/15/2018 03:51:00 PM,94.48214677,25.3098633
The Hindu,http://www.thehindu.com/news/national/other-states/fresh-mudslides-affect-traffic-in-nagalandmanipur/article4928261.ece,5122,07/17/2013 12:00:00 AM,,"National Highway 29 Between Patkai Bridge And Kukidolong, Nagaland",Fresh mudslides were reported in some parts of Nagaland affecting the vehicular movements in Nagaland and Manipur. The mudslides had buried some portions of highways 2 and 29 on Tuesday. An 80 metre long breach at NH 2 near Kohima has disrupted all vehicular movements cutting off Manipur. Officials said that most of the debris were cleared by Wednesday night and vehicular movement restored. There will be free flow of traffic unless there is fresh rain.,"National Highway 29 Between Patkai Bridge And Kukidolong, Nagaland",50km,mudslide,rain,medium,unknown,0,,,,,glc,5122,India,IN,Nāgāland,92113,Kohima,19.79639,04/01/2014 12:00:00 AM,11/20/2017 03:17:00 PM,02/15/2018 03:51:00 PM,93.9413,25.7658
The Hindu,http://www.thehindu.com/news/national/other-states/fresh-mudslides-affect-traffic-in-nagalandmanipur/article4928261.ece,5123,07/17/2013 12:00:00 AM,,"National Highway 2 Near Meriema Village, 10 Km Away From Kohima",Fresh mudslides were reported in some parts of Nagaland affecting the vehicular movements in Nagaland and Manipur. The mudslides had buried some portions of highways 2 and 29 on Tuesday. An 80 metre long breach at NH 2 near Kohima has disrupted all vehicular movements cutting off Manipur. Officials said that most of the debris were cleared by Wednesday night and vehicular movement restored. There will be free flow of traffic unless there is fresh rain.,"National Highway 2 Near Meriema Village, 10 Km Away From Kohima",50km,mudslide,rain,medium,unknown,0,,,,,glc,5123,India,IN,Nāgāland,92113,Kohima,4.81849,04/01/2014 12:00:00 AM,11/20/2017 03:17:00 PM,02/15/2018 03:51:00 PM,94.0885,25.7131
E-PAO,http://e-pao.net/GP.asp?src=21..020815.aug15,7370,08/01/2015 12:00:00 AM,,between Moltuk to New Songjang village,one landslide between Moltuk to New Songjang village,between Moltuk to New Songjang village,5km,landslide,continuous_rain,medium,above_road,0,0,,,,glc,7370,India,IN,Manipur,30418,Kakching,41.50847,11/21/2015 01:04:00 AM,11/20/2017 03:17:00 PM,02/15/2018 03:51:00 PM,94.1078,24.1419
www.assamtribune.com,http://www.assamtribune.com/scripts/detailsnew.asp?id=jul1613/oth06,5084,07/12/2013 11:00:00 PM,,"National Highway 2 Near Phesama Village Close To Kisama Naha Heritage Site, Kohima District, Nagaland","Inter-State bus services in Manipur have been suspended for the past three days following the landslide on the National Highway near Kohima on Friday night. A 200 feet stretch of National Highway (NH 2) near Phesama village close to Kisama Naha heritage site in NagalandÕs Kohima district which connects Manipur with the rest of the country, has been washed away following heavy downpour on July 12 night.","National Highway 2 Near Phesama Village Close To Kisama Naha Heritage Site, Kohima District, Nagaland",10km,landslide,downpour,medium,unknown,0,,,,,glc,5084,India,IN,Nāgāland,92113,Kohima,6.5252,04/01/2014 12:00:00 AM,11/20/2017 03:17:00 PM,02/15/2018 03:51:00 PM,94.1167,25.616
e-pao.net,http://e-pao.net/GP.asp?src=23..111010.oct10,2566,10/08/2010 12:00:00 AM,,"Sahong, Tabu and Pani village under Tadubi police station of Senapati district, NH-39","Unable to negotiate muddy steep portions on NH-39, over 200 Imphal bound freight trucks including inter-state passenger buses coming from Dimapur side were stranded at Mao area, official reports received here said. A report from Mao police, confirming the report said that the vehicles were stranded as mud brought down by streams piled up on the highway at Sahong village and its nearby areas where minor landslides occurred two days back. Reports said that due to heavy shower in the last few days, landslides occurred at Sahong, Tabu and Pani village under Tadubi police station of Senapati district. The landslides had been cleared but huge masses of mud brought down by the streams have affected the traffic movement.","Sahong, Tabu and Pani village under Tadubi police station of Senapati district, NH-39",5km,mudslide,downpour,medium,unknown,0,,,,,glc,2566,India,IN,Nāgāland,92113,Kohima,22.04313,04/01/2014 12:00:00 AM,11/20/2017 03:17:00 PM,02/15/2018 03:51:00 PM,94.1351,25.4769
prokerala,http://www.prokerala.com/news/articles/a75292.html,1109,08/20/2009 12:00:00 AM,,Lumding-Badarpur section in North Cachar Hills district,"The rail services between rest of India and southern Assam, Tripura, Mizoram and Manipur have been suspended since Aug 20 following extensive landslides on the Lumding-Badarpur section in North Cachar Hills district",Lumding-Badarpur section in North Cachar Hills district,25km,landslide,downpour,medium,unknown,0,,,,,glc,1109,India,IN,Assam,8364,Maibong,24.54328,04/01/2014 12:00:00 AM,11/20/2017 03:17:00 PM,02/15/2018 03:51:00 PM,93.1645,25.5215
e-pao.net,http://e-pao.net/GP.asp?src=Snipp3..100610.jun10,1961,06/09/2010 02:15:00 PM,,"Ishok Chingphu(?), Bishnupur, Assam","Imphal, June 09 2010: Three houses were damaged in mudslide from the hill at Ishok Chingphu in Bishnupur district today causing damaged to properties worth around Rs 2 lakh.  The collapsed houses belonged to Pukhrambam Rame son of Chaoba, Huidrom Shamu and Naorem Bisheshwar.  Most part of the house of Rame had been destroyed in the mudslide occurred at about 2.15 pm.","Ishok Chingphu(?), Bishnupur, Assam",50km,landslide,downpour,medium,unknown,0,,,,,glc,1961,India,IN,Meghālaya,25758,Nongstoin,41.26849,04/01/2014 12:00:00 AM,11/20/2017 03:17:00 PM,02/15/2018 03:51:00 PM,91.2,25.8833
e-pao,http://www.e-pao.net/GP.asp?src=5..101010.oct10,2578,10/09/2010 12:00:00 AM,,"NH-39 in Karong area, Manipur",Landslide has also been reported at a spot near Khongnem village while there are at least three landslides at Karong area.,"NH-39 in Karong area, Manipur",5km,landslide,downpour,medium,unknown,0,,,,,glc,2578,India,IN,Nāgāland,92113,Kohima,40.0566,04/01/2014 12:00:00 AM,11/20/2017 03:17:00 PM,02/15/2018 03:51:00 PM,94.0462,25.3179
Hmar.net,http://hmar.net/?p=1870,322,10/21/2007 12:00:00 AM,,National Highway 53 at Nungba in Tamenglong district of Manipur,blocked road,National Highway 53 at Nungba in Tamenglong district of Manipur,25km,landslide,rain,medium,unknown,,,,,,glc,322,India,IN,Assam,12871,Lakhipur,43.16287,04/01/2014 12:00:00 AM,11/20/2017 03:17:00 PM,02/15/2018 03:51:00 PM,93.4333,24.75
www.morungexpress.com,http://www.morungexpress.com/regional/104056.html,5552,09/24/2013 12:00:00 AM,,"Ukhrul, Manipur","Imphal, September 28 (NNN): The massive landslide that occurred in Ukhrul town has been cleared yesterday. The landslide had occurred at Police Bazar, also called Tangrei near Ukhrul police station. According to Kamphasom Tang chairman Alston T Shimrah and its secretary Khamung, the landslide that had given tremendous hardship to the people of the Ukhrul town in the last few days. The chairman and the secretary of Kamphasom Tang, Ukhrul have expressed their deep gratitude to Ukhrul deputy commissioner SK Chaurasoia, Ukhrul superintendent of police K Kabib, Ukhrul sub-divisional officer Worshang Hungyo, Officer commanding of 84 RCC/25 BRTF Asish Kumar, 2nd in command of the BRTF AK Mehra, Jr Engineer, 25 BRTF Swamy S and others for helping to clear the massive landslide yesterday. The Kamphasom Tang leaders also expressed their gratitude to RS Ngaranchui, the Ukhrul district representative of Lok Sabha MLA under whose supervision the slide was cleared.","Ukhrul, Manipur",5km,landslide,unknown,medium,unknown,,,,,,glc,5552,India,IN,Manipur,223523,Imphal,53.05172,04/01/2014 12:00:00 AM,11/20/2017 03:17:00 PM,02/15/2018 03:51:00 PM,94.3619,25.0985
hindustantimes,http://www.hindustantimes.com/Girl-dies-in-landslide-flash-flood-wrecks-havoc-in-Meghalaya/Article1-564450.aspx,2025,06/28/2010 12:00:00 AM,,"Police CID complex(?), Shillong, Meghalaya","A 14-year-old girl was killed and at least seven others were injured on Monday after heavy rains triggered a landslide in Shillong. Alicia Arengngma, daughter of a policeman, was buried when debris of a landslide following heavy rain blocked the ground floor of Meghalaya police's CID complex, police said. Some nearby houses were also damaged and rescue operations were on, official sources said.  The injured were admitted in a government hospital.  Incessant rain over the past couple of days has thrown normal life completely out of gear in the state.","Police CID complex(?), Shillong, Meghalaya",5km,landslide,downpour,medium,unknown,1,,,,,glc,2025,India,IN,Meghālaya,132842,Shillong,0.46891,04/01/2014 12:00:00 AM,11/20/2017 03:17:00 PM,02/15/2018 03:51:00 PM,91.885,25.5728
Assam Tribune,http://www.assamtribune.com/scripts/detailsnew.asp?id=may0216/oth058,9405,04/19/2016 12:00:00 AM,,"Techahan Ward, Mon, Nagaland, India","(Landslide may have occurred within a week of April 19. )Altogether, 200 hailstorm affected families in Mon town of Nagaland have been given cash relief under the State Disaster Response Fund. Nagaland State Disaster Management Authority (NSDMA) and District Disaster Management Authority (DDMA) officials had undertaken a field assessment of the damages caused by heavy rainfall, hailstorm and windstorm in Mon district in April. Accordingly, relief was given to the families affected by landslide at Techahan Ward of Mon town.  Techahan Ward was affected by a massive landslide triggered by the incessant heavy rainfall that lashed the town for about six days in a row during the third week of April. About 70 houses were completely damaged and 130 houses severely affected displacing about 125 families.  One Government Primary School building located in the ward was also damaged by the landslide. Massive landslide had caused road blockage of Tobu-Mon BRO road.","Techahan Ward, Mon, Nagaland, India",1km,landslide,continuous_rain,medium,unknown,0,0,,,,glc,9405,India,IN,Nagaland,18742,Mon,3.71285,08/03/2016 08:40:00 PM,11/20/2017 03:17:00 PM,02/15/2018 03:51:00 PM,95.0243,26.7223
www.nagalandpost.com,http://www.nagalandpost.com/ChannelNews/Regional/RegionalNews.aspx?news=TkVXUzEwMDA0MzUxNQ%3D%3D-zy3k3F6024s%3D,5343,08/17/2013 11:00:00 PM,,The Imphal-Jiribam Section Of Nh-37 In Tamenglong District,"Over 700 Imphal-bound freight trucks were Sunday stranded between Rengpan and Khambirong on the stretch of the Imphal-Jiribam section of NH-37 in Tamenglong district after the road was totally blocked by a landslide triggered by continuous heavy rainfall. An official report reaching here said that the landslide at various places between Rengpang and Khambirong of the highway was triggered by heavy rainfall last night blocking vehicular movement. Over 700 freight trucks including oil tankers and goods laden trucks heading Imphal from Jiribam with security escorts were reportedly stranded at various places beyond Rengpang on Jiribam side. The freight trucks include among other 250 trucks loaded with rice and other Food Corporation of India (FCI), 30 oil tanker and 10 trucks carrying life saving drugs. The landslide was triggered after around 150 trucks had crossed the area with security escort. Besides this, those vehicles which had already crossed the landslide area remained stranded be",The Imphal-Jiribam Section Of Nh-37 In Tamenglong District,10km,landslide,continuous_rain,medium,unknown,,,,,,glc,5343,India,IN,Assam,12871,Lakhipur,43.11128,04/01/2014 12:00:00 AM,11/20/2017 03:17:00 PM,02/15/2018 03:51:00 PM,93.4341,24.7625
First Post,http://www.firstpost.com/india/two-dead-2-injured-landslide-arunachal-pradesh-school-remain-shut-heavy-rainfall-alert-2287954.html,6971,06/09/2015 12:00:00 AM,,"Itanagar, Arunachal Pradesh",Two people died while two others were seriously injured when their dwelling was hit by a landslide on Tuesday,"Itanagar, Arunachal Pradesh",5km,landslide,continuous_rain,medium,above_road,2,2,,,,glc,6971,India,IN,Arunachal Pradesh,44971,Itānagar,1.30114,06/25/2015 08:30:00 PM,11/20/2017 03:17:00 PM,02/15/2018 03:51:00 PM,93.816,27.0987
en.apa,http://en.apa.az/news.php?id=119178,1611,04/01/2010 12:00:00 AM,,"Paglanala village, Dholai Block, near Dwarbandh locality of the district, Cachar district (could only find district) 45 km from Silchar, Assam","The latest disaster has come from Assam where three children aged 7, 5 and 2 were crushed to death after the side of a mountain slid onto their house in Cachar, wiping it out. Their parents, Deepak and Supriti Roy, who survived the catastrophe were seriously injured.  A torrential downpour — some 26 inches on the rain gauge — over the past few days loosened the earth leading to the tragedy at the reserved forest village of Paglanala under Dholai block in the state’s Cachar district.  In the reckless destruction of mountains — be it in the name of “development” or the creation of more “living space” — there have been instances of entire convoys of passenger traffic being stranded in the mountains of the region because of landslides.  As per media report of 2nd April 2010 a landslide at the reserved forest village of Paglanala under Dholai block in the Cachar district, Assam has led to the death of three children and serious injury to two persons. The landslide was preceded by torrential","Paglanala village, Dholai Block, near Dwarbandh locality of the district, Cachar district (could only find district) 45 km from Silchar, Assam",25km,landslide,downpour,medium,unknown,3,,,,,glc,1611,India,IN,Assam,39982,Hāflong,1.49521,09/12/2014 02:02:00 PM,11/20/2017 03:17:00 PM,02/15/2018 03:51:00 PM,93.028,25.1553
Red Cross - Field reports,https://www-secure.ifrc.org/dmis/prepare/view_report.asp?ReportID=2987,147,07/30/2007 12:00:00 AM,,Lawngtlai,road networks disrupted,Lawngtlai,25km,landslide,downpour,medium,unknown,,,,,,glc,147,India,IN,Mizoram,22654,Saiha,9.62825,04/01/2014 12:00:00 AM,11/20/2017 03:17:00 PM,02/15/2018 03:51:00 PM,92.899,22.533
articles.timesofindia,http://articles.timesofindia.indiatimes.com/2012-06-04/guwahati/32030359_1_barail-hill-harangajao-landslides,4382,06/03/2012 12:00:00 AM,," between Harangajao and Mailongdisa, Assa,","Torrential rain in the Barail Hill range for the past many days triggered landslides at least five places along the Lumding-Silchar section of Northeast Frontier Railway (NFR) early on Sunday. Authorities have suspended and regulated services of all the trains in this 214-km section until tracks are cleared.   A senior official of NFR here said at around 3am on Sunday, a large amount of soil and mud, boulders and trees came down the Borail Hill on the tracks at five different places in Dima Hasao district. The affected places are between Harangajao and Mailongdisa, Bandarkhal and Chandranathpur, Maibang and Daotohaja, Lower Haflong and Bagetar and between Mahur and Migrendisa."," between Harangajao and Mailongdisa, Assa,",5km,landslide,downpour,medium,unknown,,,,,,glc,4382,India,IN,Assam,39982,Hāflong,16.97606,04/01/2014 12:00:00 AM,11/20/2017 03:17:00 PM,02/15/2018 03:51:00 PM,92.8573,25.1175
Mizoram Express,http://mizoramexpress.com/index.php/2010/09/mizoram-landslides-kill-one-woman/,2424,09/13/2010 12:00:00 AM,,"near Tuivawl(?), Aizawl-Champhai rd, Aizawl district, Mizoram","Sep 15, 2010  AIZAWL: Aizawl-Champhai road also was blocked by landslides in two places near Tuivawl and Tuichang.  ZONET Champhai Corr. said, the road block near Tuivawl was cleared while men are still at work till in the afternoon to clear the road block near Tuichang.","near Tuivawl(?), Aizawl-Champhai rd, Aizawl district, Mizoram",25km,landslide,downpour,medium,unknown,0,,,,,glc,2424,India,IN,Mizoram,265331,Aizawl,26.45346,04/01/2014 12:00:00 AM,11/20/2017 03:17:00 PM,02/15/2018 03:51:00 PM,92.9296,23.591
e-pao.net,http://e-pao.net/GP.asp?src=24..050913.sep13,5431,09/01/2013 12:00:00 AM,,"Tamenglong, Manipur","The incessant rains have caused mudslides causing great havoc in different parts of Tamenglong district. Many people have also lost their properties in the mudslides at Tamenglong town areas. One major mudslide was occurred at Tamenglong ward No.IV near the petrol pump. One store belonging to DM Wangiangdin has been totally damaged. His Alto Maruti car (Suzuki MN01X3673) which was kept inside the store house was also partially damaged by the mudslide. The residence of one Asam Gonmei has also been submerged by the mudslide, leading to lose of all properties. On account of the mudslide, Tamei- Tamenglong road has remained cut off since September 1.","Tamenglong, Manipur",5km,mudslide,continuous_rain,medium,unknown,0,,,,,glc,5431,India,IN,Assam,7176,Mahur,45.4148,04/01/2014 12:00:00 AM,11/20/2017 03:17:00 PM,02/15/2018 03:51:00 PM,93.5063,24.9829
articles.timesofindia,http://articles.timesofindia.indiatimes.com/2011-06-30/guwahati/29720982_1_heavy-rains-highway,3672,06/29/2011 12:00:00 AM,,"Portions of NH 39, Connectin Manipur with Assam via Nagaland","Heavy downpour in the past few days threatens to cut off Nagaland and neighbouring Manipur from the rest of the country. Continuing heavy showers have caused landslides and led to the sinking of a portion of NH 39, creating immense hardship to the people residing here. NH 39, the lifeline of the two northeastern states, connects Manipur with Assam via Nagaland.  If the monsoon showers continue with the same intensity, it is expected that the sunken portion of the highway will have to be closed as it has already become difficult for vehicles to pass through the place.  The main concern of the administrative authorities is the landslide area at the old Kohima Municipal Council (KMC) dumping site about 7 km away from the state capital where mudslides have started with the arrival of the monsoon, leading to disruption of vehicular traffic. Passengers travelling between Kohima and Dimapur have also complained that it is already taking hours to reach their destination.  ","Portions of NH 39, Connectin Manipur with Assam via Nagaland",unknown,landslide,downpour,medium,unknown,0,,,,,glc,3672,India,IN,Assam,8364,Maibong,32.43398,04/01/2014 12:00:00 AM,11/20/2017 03:17:00 PM,02/15/2018 03:51:00 PM,93.3613,25.5125
e-pao,http://www.e-pao.net/GP.asp?src=28..210810.aug10,2253,08/15/2010 11:00:00 PM,,"Chingai-Kuingai(Quingai) route (16 kms), Chingai subdivision, Ukhrul district, Manipur","Since the Chingai-Quingai road has been sunk due to landslides at various points following heavy rainfall that occured twice during the past 20 days, nearly 5,000 villagers of five villages in the sub-division are facing the alarming possibility of starvation.  The road from Chingai to Quingai in Chingai sub-division of Ukhrul district connects Quingai, Chalou, New Tasom, Tasom CV and Tasom Khullen villages.  However, the road has been disconnected in various places due to heavy rainfall that occurred on the night between July 29 and 30 and again on the night of August 15 .  According to Secretary, Information and Publicity, Northern Raphei Students' Union (NRSU), HAS Thuingaleng, nearly 5,000 villagers of the said villages have been facing extreme hardship.  The wooden bridge over Rondei river had been washed away by the powerful current of the river disconnecting the road.  Moreover, landslides have occurred completely blocking the road at different places.  However, due to the heavy","Chingai-Kuingai(Quingai) route (16 kms), Chingai subdivision, Ukhrul district, Manipur",25km,landslide,downpour,medium,unknown,0,,,,,glc,2253,India,IN,Manipur,15118,Phek,39.51186,04/01/2014 12:00:00 AM,11/20/2017 03:17:00 PM,02/15/2018 03:51:00 PM,94.48265093,25.31006064
kanglaonline,http://www.kanglaonline.com/index.php?template=headline&newsid=48686&typeid=2,1108,08/20/2009 12:00:00 AM,,"Tamei, Tamenglong district on Imphal-Tamenglong (IT) road","Landslides on the Imphal-Tamenglong (IT) road have put the people of Tamei, Tamenglong district in difficult times as the stock of essential supplies required for daily use are running short and the concerned department of the state government is not doing anything about the matter, said Poujeng, chairman of Tamei headquarter authority. Due to the intermittent rains, landslides have occurred at 3/4 places on the IT road between Kangpokpi-Tamei and Tamei-Tamenglong at present and new landslides.","Tamei, Tamenglong district on Imphal-Tamenglong (IT) road",10km,landslide,downpour,medium,unknown,0,,,,,glc,1108,India,IN,Assam,7176,Mahur,44.34393,04/01/2014 12:00:00 AM,11/20/2017 03:17:00 PM,02/15/2018 03:51:00 PM,93.5,24.9925
Times of India,http://timesofindia.indiatimes.com/india/Landslides-in-Arunachal-Pradesh-due-to-incessant-rain/articleshow/37379365.cms,6105,06/26/2014 11:00:00 PM,,Arunachal Pradesh,"Landslides, triggered by incessant rain in the past couple of days have wrecked havoc in several districts of Arunachal Pradesh throwing life out of gear. While flood-like situation prevails in low-lying areas of various districts, road link between Nirjuli and Banderdewa near here has been snapped due to damage of several culverts along the NH 52(A), the life line for the state capital, official sources said. PWD superintendent engineer (highway-western zone) Jumo Geiyi said the stretch of the highway between Nirjuli and Banderdewa has been temporarily closed due to damage to culverts in several places by incessant rain on the night of June 26. As a result, traffic was being diverted through Harmutty-Doimukh-Nirjuli road, instead of the usual route through Karsingsa. Besides, about 20 metre of NH 52(A) has been damaged at Karsingsa, besides Naharlagun, where portions of it have caved in, he said. More damage to the road, which has been breached near North East Regional Institute of Sc",Arunachal Pradesh,unknown,landslide,continuous_rain,medium,above_road,0,0,,,,test,6105,India,IN,Arunachal Pradesh,0,Motuo,43.67228,08/24/2014 12:00:00 AM,11/20/2017 03:17:00 PM,02/15/2018 03:51:00 PM,95.3429,28.9205
Arunachal Times,http://www.arunachaltimes.in/landslide-blocks-ziro-tamen-road/,9168,06/12/2016 11:00:00 PM,,"NH 13 10 kilometers from Old Ziro, Arunachal Pradesh, India","Estimated location along road. Heavy rains on Sunday night triggered series of landslides between Ziro and Ripali, Tamen, 10Kms from Old Ziro, stranding the commuters for the entire day. However due to heavy rains, the restoration work had to be halted and will resume on Tuesday.","NH 13 10 kilometers from Old Ziro, Arunachal Pradesh, India",10km,landslide,downpour,medium,above_road,0,0,,http://www.arunachaltimes.in/wp-content/uploads/2016/06/Landslide-blocks-Ziro-Tamen-road-300x206.jpg,,glc,9168,India,IN,Arunachal Pradesh,13893,Ziro,6.29222,07/25/2016 05:45:00 PM,11/20/2017 03:17:00 PM,02/15/2018 03:51:00 PM,93.871,27.6438
kanglaonline.com,http://kanglaonline.com/2011/06/two-children-claimed-by-landslide-at-tamenglong/,3560,05/31/2011 02:30:00 PM,,"Gaoilung(Gadailong) village(?), Ward 4(?), Tamenglong, Manipur","June 1, 2011  A major landslide at Tamenglong has reportedly claimed two lives yesterday. According to a source, two members of a family, a brother and a sister were killed in a massive landslide at the Gaoilung village, Tamenlong ward No. 4 yesterday afternoon at around 2:30 pm.  The deceased brother and sisters were identified as one Masamdingliu, 13 and Mathemsonang, 8 children of Dr. Kiulang originally hailing from Dilong village.  According to the source, the siblings were killed while there house was dragged along by the land slide, triggered by torrential rain yesterday.","Gaoilung(Gadailong) village(?), Ward 4(?), Tamenglong, Manipur",50km,landslide,downpour,medium,unknown,2,,,,,glc,3560,India,IN,Manipur,223523,Imphal,35.52835,04/01/2014 12:00:00 AM,11/20/2017 03:17:00 PM,02/15/2018 03:51:00 PM,93.5935,24.8286
Telegraph India,http://www.telegraphindia.com/1080616/jsp/northeast/story_9416169.jsp,587,06/15/2008 12:00:00 AM,,"Lakhimpur district, Bihpuria, Assam","heavy flooding and landslides in Assam and Arunachal Pradesh, difficult to determine if casualties were from flooding or landslides","Lakhimpur district, Bihpuria, Assam",25km,landslide,downpour,medium,unknown,17,,,,,glc,587,India,IN,Assam,59841,North Lakhimpur,0.75347,04/01/2014 12:00:00 AM,11/20/2017 03:17:00 PM,02/15/2018 03:51:00 PM,94.0989,27.2298
The Assam Tribune,http://www.assamtribune.com/scripts/detailsnew.asp?id=sep0815/oth058,8012,09/06/2015 03:00:00 PM,,"Umling, Meghalaya 793102, India","SHILLONG, Sept 7 - Traffic movement was disrupted on National Highway 40 (Guwahati-Shillong Road) on Sunday afternoon due to a massive landslide at Umling, Ri-Bhoi district. However, one lane has been cleared for traffic movement today. Vehicles were stranded for several hours at the Highway. Superintendent of Police, Ri-Bhoi district, GD Kharwanlang rushed to the spot and diverted light vehicles through a different route.  Light vehicles were directed from Byrnihat to Umden and onward towards Nongpoh and Shillong. Similarly, vehicles from Shillong were diverted to Umling-Sohkhwai route and then to 20 Mile. But heavy vehicles were stranded on the highway yesterday.  “Weather permitting we would be able to clear the other lane this evening or tomorrow,” Kharwanlang said over the phone from Nongpoh today.  It is also being advised that those travelling between Guwahati and Shillong can take the Shillong-Mairang- Patharkhmah-Rani route.","Umling, Meghalaya 793102, India",1km,landslide,unknown,medium,above_road,0,0,,,,glc,8012,India,IN,Meghalaya,14387,Nongpoh,7.75972,06/30/2016 05:24:00 PM,11/20/2017 03:17:00 PM,02/15/2018 03:51:00 PM,91.8584,25.9703
Shillong Times,http://www.theshillongtimes.com/2015/08/20/child-washed-away-in-tura/,7335,08/18/2015 09:00:00 AM,,Tura Civil Hospital,A landslip on Tuesday also damaged shops in the Tura Civil Hospital vicinity.,Tura Civil Hospital,1km,landslide,continuous_rain,medium,urban,0,0,,,,glc,7335,India,IN,Meghalaya,63645,Tura,0.03796,05/26/2016 11:10:00 PM,11/20/2017 03:17:00 PM,02/15/2018 03:51:00 PM,90.2023,25.5145
thestatesman.net,http://www.thestatesman.net/page.news.php?clid=10&theme=&usrsess=1&id=164069,141,07/26/2007 12:00:00 AM,,Singtam,closest to predicted location of Shillong (397.72 km),Singtam,50km,landslide,rain,medium,unknown,,,,,,glc,141,India,IN,Meghālaya,11090,Cherrapunji,19.36242,04/01/2014 12:00:00 AM,11/20/2017 03:17:00 PM,02/15/2018 03:51:00 PM,91.88,25.38
nbtvlive,,3983,09/23/2011 12:00:00 AM,,"Maighuli, Guwahati, Meghalaya","Four persons today got buried alive and 10 others were injured in a landslide at Maighuli, along the Assam-Meghalaya border, police said. Incessant rains triggered the landslip along the hills of Maighuli on the Meghalaya side of the border, Kamrup (metro) SSP Deepak Choudhury said. The victims were sheltered in a cluster of houses along the foothills in the area when a large chunk of earth fell on them.Both the Assam and Meghalaya governments launched rescue operation during which four were found dead, officials said. Ten others were brought out of the debris and admitted to Beltola Army Hospital with injuries, they said.","Maighuli, Guwahati, Meghalaya",unknown,landslide,downpour,large,unknown,4,,,,,glc,3983,India,IN,Assam,899094,Guwahati,3.44946,04/01/2014 12:00:00 AM,11/20/2017 03:17:00 PM,02/15/2018 03:51:00 PM,91.7351,26.1548
Red Cross - Field reports,https://www-secure.ifrc.org/dmis/prepare/view_report.asp?ReportID=2987,148,07/30/2007 12:00:00 AM,,Saiha,road networks disrupted,Saiha,25km,landslide,downpour,medium,unknown,,,,,,glc,148,India,IN,Mizoram,22654,Saiha,2.05477,04/01/2014 12:00:00 AM,11/20/2017 03:17:00 PM,02/15/2018 03:51:00 PM,92.967,22.479
gsi.gov,"http://www.portal.gsi.gov.in/portal/page?_pageid=127,875814&_dad=portal&_schema=PORTAL",1775,04/21/2010 12:00:00 AM,,Arunachal Pradesh ,"As per PTI report at least 12 people have died in Arunachal Pradesh due to landslides triggered by heavy rains on 21st April 2010. Landslides have cut off road links at Lohit, Upper Siang, Dibang Valley, Anjan and East Kameng districts. ",Arunachal Pradesh ,unknown,landslide,downpour,medium,unknown,12,,,,,glc,1775,India,IN,Arunāchal Pradesh,14927,Tezu,5.14944,04/01/2014 12:00:00 AM,11/20/2017 03:17:00 PM,02/15/2018 03:51:00 PM,96.1779,27.8965
morungexpress,http://www.morungexpress.com/local/67492.html,3663,06/28/2011 12:00:00 AM,,"Ruzapfu valley, Kikruma Village, Phek District, Nagaland","Kikruma | June 28 : Following the heavy down-pour of incessant monsoon rain for the last few weeks, paddy fields belonging to six families at Ruzapfu valley, Kikruma Village under Phek District have submerged under overflowing streams. The relentless rain has caused massive landslides and mudslides damaging paddy and also partially affecting the NH-129. Kikruma Village is located some 50 Kms away from Kohima Talking to The Morung Express, Kasahi Vero one of the affected paddy field owner stated, “The water in the streams and rivulets at the adjoining areas has carried downstream the mud and wrought havoc and calamity by destroying major portion of already planted paddy fields at Ruzapfu valley.” Earlier, it was reported that on June 21 last, the threat caused by the rainfall was beyond human control and the farmers suffered heavy loses, approximately estimated to be worth more than five lakh rupees. It is to be noted that the annual yield of paddy was roughly measured around 200 head l","Ruzapfu valley, Kikruma Village, Phek District, Nagaland",50km,landslide,downpour,medium,unknown,0,,,,,glc,3663,India,IN,Nāgāland,92113,Kohima,0.72537,04/01/2014 12:00:00 AM,11/20/2017 03:17:00 PM,02/15/2018 03:51:00 PM,94.1099,25.6682
India Today,http://indiatoday.intoday.in/story/landslide-in-manipur-near-myanmar-border-kills-21/1/455645.html,7385,08/01/2015 12:00:00 AM,,"Holenjang, Chandel district","Another village Holenjang, which is 15km away from Joumol is also hit by landslide but due to non-motorable road rescue teams were yet to reach this area till late Saturday evening.","Holenjang, Chandel district",10km,landslide,continuous_rain,medium,unknown,0,0,,http://www.e-pao.org/galleries/images/News_Related/2015/08/Hollenjang_20150813.jpg,,glc,7385,India,IN,Manipur,47774,Churāchāndpur,48.31354,05/06/2016 12:51:00 AM,11/20/2017 03:17:00 PM,02/15/2018 03:51:00 PM,93.9815,24.004
dnaindia,http://www.dnaindia.com/india/report_one-dead-road-and-rail-communication-disrupted-due-to-rains-in-assam_1450237,2575,10/09/2010 12:00:00 AM,,"road between Haflong and Lanka, Assam","Road communication, too, has been disrupted in the district with the road connecting Haflong and Lanka severely damaged, sources said.","road between Haflong and Lanka, Assam",50km,landslide,downpour,medium,unknown,0,,,,,glc,2575,India,IN,Assam,8364,Maibong,28.77268,04/01/2014 12:00:00 AM,11/20/2017 03:17:00 PM,02/15/2018 03:51:00 PM,92.9914,25.5242
assamtribune,http://www.assamtribune.com/scripts/detailsnew.asp?id=jul3011/oth05,3840,07/25/2011 12:00:00 AM,,Manipur,"Manipur road links restored Sobhapati Samom  IMPHAL, July 29 – Road links to Manipur, which remained cut off from the rest of the country since the last three days following heavy landslides on the National Highways, has been re-opened on Thursday.  However, repairs of the road at the landslide prone Maram bazaar stretch of Imphal-Dimapur sector of the National Highway 2 (formerly known as NH 39) in Senapati district would take some time.  With the opening of the State’s life line, the 300 stranded goods laden trucks have resumed their journey for their destinations in the afternoon today.  But the more than 4,000 residents of Maram bazaar, a small hill town located on the highway are facing scarcity of potable water after the landslide buried the water supply pipelines.  “We have been buying water at the rate of Rs 20 per 40 litre tin since the last three weeks”, Kunjeshwori, a fish vendor at Maram Bazar said.  Economic blockade: An economic blockade on the two national highways – NH ",Manipur,50km,landslide,downpour,medium,unknown,0,,,,,glc,3840,India,IN,Manipur,22159,Mayāng Imphāl,8.94757,04/01/2014 12:00:00 AM,11/20/2017 03:17:00 PM,02/15/2018 03:51:00 PM,93.9157,24.6869
Business Standard,http://www.business-standard.com/article/pti-stories/communication-to-tezu-snapped-due-to-landslide-114051000401_1.html,6015,05/08/2014 12:00:00 AM,,Lohit District of Arunachal Pradesh,"Landslides triggered by the first monsoon spell have snapped surface communication to Tezu in Lohit district of Arunachal Pradesh. The headquarters town of Tezu was cut off from rest of the state following massive landslides due to incessant rain in the past few days. According to official sources, heavy landslides beyond 5 km point from Tohangam (O Point) have brought vehicular movement to a standstill. ""Due to sinking of the steep hill and continuous mudslide, it is foiling our rigorous efforts. For few hours the mud was cleared and the road was made thorough but the continuous rain is creating hurdles in restoration works,"" BRO official P K Gupta informed. The Alubari Ghat connecting Tezu with Namsai had also been closed owing to surging waters of the Lohit river and its tributaries, sources said. ",Lohit District of Arunachal Pradesh,1km,mudslide,rain,medium,above_road,0,0,,,,glc,6015,India,IN,Arunachal Pradesh,14927,Tezu,4.5707,08/24/2014 12:00:00 AM,11/20/2017 03:17:00 PM,02/15/2018 03:51:00 PM,96.174,27.9032
e-pao,http://www.e-pao.net/GP.asp?src=8..080711.jul11,3741,07/07/2011 12:00:00 AM,,Maram (80 km north of Imphal),"Imphal, July 07 2011: More than 100 stranded loaded trucks are waiting their turn to drive down towards Imphal at the landslide hit Maram bazar, 80km north of Imphal, while an equal number of empty trucks lining up on the other side of the NH 39, to move towards Dimapur (Nagaland) .  The movement of the trucks has been severely affected to landslide at Maram since the last few days.  Maram Students Union had already sought help and cooperation from the concerned authorities to properly make the route motorable.  This picture was taken by Karaiba,a resident of Maram Bazar at around 6.10pm today, saying that the trucks started lining up at Maram since morning (7am) onwards.  Presently one JCV has been reportedly put into service to clear the route.  A large portion of NH-39 has sunk between Maram Bazar and Maram Centre beneath the 5 Assam Rifles camp. ",Maram (80 km north of Imphal),5km,landslide,rain,medium,unknown,0,,,,,glc,3741,India,IN,Nāgāland,92113,Kohima,28.31436,04/01/2014 12:00:00 AM,11/20/2017 03:17:00 PM,02/15/2018 03:51:00 PM,94.1079,25.4191
nagalandpost,http://www.nagalandpost.com/ShowStory.aspx?npoststoryiden=UzEwMjg5OTY%3D-LvoR7D2GhjI%3D,2106,07/20/2010 12:00:00 AM,,"road to Oting near Longlam village, 13 km from Tizit subdivision, Mon district, Nagaland","With the landslide washing away the only life line of Oting and Longlam villages under Mon district, the villagers are facing acute shortage of essential commodities for livelihood.  The landslide which affected about 200 meters long, occurred near Longlam village on July 20 about 13 kms away from Tizit sub-division of Mon district.  The damage of the road is such that not only two wheeler but even human beings cannot walk or carry any load as the valley is very steep.  The only alternative road would have been via Naginimora- Tiru, but the road is in such a deplorable condition that no vehicles can ply. ","road to Oting near Longlam village, 13 km from Tizit subdivision, Mon district, Nagaland",25km,landslide,downpour,medium,unknown,0,,,,,glc,2106,India,IN,Nāgāland,18742,Mon,16.42483,04/01/2014 12:00:00 AM,11/20/2017 03:17:00 PM,02/15/2018 03:51:00 PM,94.9921,26.8716
NELIVE (North East Live),http://www.nelive.in/assam/news/woman-injured-landslide,9051,07/19/2016 09:00:00 AM,,"12th Mile area at Jorabat, Meghalaya, India","A family in 12th Mile area at Jorabat had a miraculous escape after a portion of a hillock located behind their compound fell on the house. The lady of the house, Nuni Sangma, received minor injuries in the incident.","12th Mile area at Jorabat, Meghalaya, India",25km,landslide,unknown,medium,natural_slope,0,1,,http://www.nelive.in/sites/default/files/city054%20%281%29.jpg,,glc,9051,India,IN,Meghalaya,2000,Dispur,6.97192,07/19/2016 07:03:00 PM,11/20/2017 03:17:00 PM,02/15/2018 03:51:00 PM,91.8744337,26.09748244
sindhtoday,http://www.sindhtoday.net/south-asia/32058.htm,870,10/29/2008 12:00:00 AM,,"West Kameng, Arunachal Pradesh",So far about 12 people have died in separate incidents. Most victims died after hillocks caved in on their houses or they were washed away in flash floods caused by unseasonal heavy rains for the past four days,"West Kameng, Arunachal Pradesh",50km,mudslide,downpour,medium,unknown,12,,,,,glc,870,India,IN,Arunāchal Pradesh,7121,Bomdila,16.71177,04/01/2014 12:00:00 AM,11/20/2017 03:17:00 PM,02/15/2018 03:51:00 PM,92.35,27.4
e-pao.net,http://e-pao.net/GP.asp?src=6..270711.jul11,3830,07/22/2011 12:00:00 AM,,Manipur,"PWD officials reject Moreh office collapse report Source: The Sangai Express  Moreh, July 26 2011: There is no question of caving in of the main building of Mini-Secretariat at Moreh and preparations are on for inauguration of the office building at the soonest possible, AE M Birla Singh and SO Senminthang of PWD, Moreh have clarified.  Following heavy rainfall, landslides occurred along some portion of the road running in between the Transit Hostel and the main building of the Mini Secretariat recently leading to debris falling against the western wall of the main office building of the Mini Secretariat.  Efforts are currently underway to remove the debris with deployment of excavators.  AE M Birla and SO Senminthang, who came to inspect the work, clarified that there is no damage caused to the main building of the Mini Secretariat in the recent landslide contrary to what had been reported in some section of the media.",Manipur,10km,landslide,downpour,small,unknown,0,,,,,glc,3830,India,IN,Manipur,7528,Wāngjing,38.5554,04/01/2014 12:00:00 AM,11/20/2017 03:17:00 PM,02/15/2018 03:51:00 PM,94.3429,24.3527
www.nagalandpost.com,http://www.nagalandpost.com/channelnews/state/StateNews.aspx?news=TkVXUzEwMDA0NjAwNw%3D%3D-%2FtfIAOw1uMk%3D,4906,06/07/2013 12:00:00 AM,,"Helipong-Chessore Road, Nagaland","Chessore Area GBÕs Union (CAGBU) has expressed gratitude to parliamentary secretary CAWD R. Tohanba for deploying his own excavator and men for clearing up the landslide along Helipong-Chessore road. The road was blockade due to heavy landslide since early June 2013. Following the clearance of landslide, vehicles can now pass through this road. In a press release, CAGBU general secretary R. Ramji and vice president S. Neoji also appealed to the department  of PWD (R& B) to look after the road condition of Helipong- Chessore for the welfare of the general public","Helipong-Chessore Road, Nagaland",10km,landslide,unknown,medium,unknown,,,,,,glc,4906,India,IN,Nāgāland,33748,Tuensang,20.17679,04/01/2014 12:00:00 AM,11/20/2017 03:17:00 PM,02/15/2018 03:51:00 PM,94.7499,26.0977
articles.timesofindia,http://articles.timesofindia.indiatimes.com/2011-03-23/guwahati/29178165_1_road-links-rainfall-source,3269,03/22/2011 12:00:00 AM,,"road from other districts to Hawai(Tawai?) which is  on Lojit river, near Hayuliang,  Anjaw district, Arunachal Pradesh","Mar 23, 2011, 11.15pm IST  ITANAGAR: Floods triggered by incessant rainfall for the last couple of days have snapped road links in several districts of Arunachal Pradesh. The water-level of Lohit and Dehing river have increased by two meters, posing threats to habitations in the catchments areas, a source said here on Wednesday.  Landslides triggered by flashfloods de-linked Hawai, the headquarters of Anjaw district, from the rest of the state on Monday, besides washing away a primary school building and a few houses near Hayuliang.","road from other districts to Hawai(Tawai?) which is  on Lojit river, near Hayuliang,  Anjaw district, Arunachal Pradesh",10km,landslide,downpour,medium,unknown,0,,,,,glc,3269,India,IN,Arunāchal Pradesh,14927,Tezu,43.03855,08/03/2016 08:40:00 PM,11/20/2017 03:17:00 PM,02/15/2018 03:51:00 PM,96.5242,28.0791
Nagaland Post,http://www.nagalandpost.com/channelnews/state/StateNews.aspx?news=TkVXUzEwMDA4MjI0OA%3D%3D,6990,06/24/2015 12:00:00 AM,,"New Land (""""New Colony"""")","Incessant rain and heavy downpour took its toll, in the form of huge landslide which destroyed several houses, properties and road connectivity affecting the normal and regular life of the residents here in New Colony, Zunheboto.","New Land (""""New Colony"""")",5km,landslide,continuous_rain,medium,above_road,0,0,,,,glc,6990,India,IN,Nagaland,29499,Zunheboto,7.81915,06/26/2015 05:57:00 PM,11/20/2017 03:17:00 PM,02/15/2018 03:51:00 PM,94.5466,26.0319
The Assam Tribune,http://www.assamtribune.com/scripts/detailsnew.asp?id=oct0214/oth052,6222,10/01/2014 11:00:00 AM,,Karsingsa block point,"The incident occurred around 11 am when a group of commuters were crossing the Karsingsa block point on foot towards Banderdewa, the gateway of Arunachal capital, Itanagar, when a massive landslide hit the victims and buried them alive after dragging them for about 100 metres.  The killed have been identified as 22-year-old Gichik Yake (Tagru) and her husband Tagru Tassa (27) of Tali in Kurung Kumey district, Kamgouthang Kipgen (29) and Jhon Kipgen (16) – both hailing from Manipur, and eight-year-old boy Hriky Dekam (Tamin) from Daporijo, Upper Subansiri district. The police later brought the bodies to the Arunachal State Hospital morgue for identification and later handed them over to their relatives after completing all formalities.",Karsingsa block point,5km,landslide,unknown,small,above_road,5,0,,,,glc,6222,India,IN,Arunachal Pradesh,26912,Naharlagun,7.80995,10/08/2014 09:31:00 PM,11/20/2017 03:17:00 PM,02/15/2018 03:51:00 PM,93.7706,27.1249
Nagaland Post,http://www.nagalandpost.com/channelnews/state/StateNews.aspx?news=TkVXUzEwMDA5ODM0Mg%3D%3D,9169,06/12/2016 12:00:00 AM,,"on road between Mon and Tobu near Telangsao Hydro project , Nagaland, India","Location estimated. Due to incessant rain for the last two days multiple landslide and mudslides near Telangsao Hydro project has once again caused blockage to vehicular movement from Mon to Tobu area. According to sources, Hongpi, DPRO Mon, two culverts have been completely washed away by the landslide while multiple mudslides occurred along the roads. He also informed that since the occurance of landslide, the BRO have been engaged to clear the road blockage.  It may be mentioned that there was a major mudslide in this particular area in the month of April. The situation is likely to deteriorate if it continues to rain in the days to come. This particular route is the life line of the Tobu subdivision of Mon district.","on road between Mon and Tobu near Telangsao Hydro project , Nagaland, India",100km,landslide,continuous_rain,unknown,above_road,0,0,,http://www.nagalandpost.com/cms/newsimages/MWGYGXNTVMJXULIEUCSP_resize.jpg,,glc,9169,India,IN,Nagaland,54010,Wokha,7.94213,07/25/2016 06:09:00 PM,11/20/2017 03:17:00 PM,02/15/2018 03:51:00 PM,94.2442,26.1677
articles.timesofindia,http://articles.timesofindia.indiatimes.com/2012-07-04/guwahati/32536229_1_massive-landslides-landslide-hit-road-blockade,4435,06/25/2012 12:00:00 AM,,"Tirap , Arunachal Pradesh",Landslides triggered by torrential rain have snapped road communication in Tirap district of Arunachal Pradesh for the past several days.,"Tirap , Arunachal Pradesh",10km,landslide,downpour,large,unknown,,,,,,glc,4435,India,IN,Arunāchal Pradesh,24428,Margherita,18.01926,04/01/2014 12:00:00 AM,11/20/2017 03:17:00 PM,02/15/2018 03:51:00 PM,95.8011,27.174
timesofindia.indiatimes,http://timesofindia.indiatimes.com/Landslides-snap-road-links-in-Dibang-Valley/articleshow/12601499.cms,4313,04/08/2012 12:00:00 AM,,"Endulin Nallah, Mayodia, 17-camp, 83-camp","ITANAGAR: Surface communication to Dibang Valley district in Arunachal Pradesh is cut off for the past few days following landslides at various locations of the Anini-Roing Road. Heavy landsides occurred at many locations, including Endulin Nallah, Mayodia, 17-camp, 83-camp. The whole 120-km stretch of road between Mayudia and Endulin has been hit by landslides and it is feared that the situation may aggravate further if the downpour continues for a few more days. The BRO has pressed its men and machineries into service. However, considering massive landslides in many locations, the restoration of road link may take some more time, a source said. The event occured over the past few days, date uncertain.","Endulin Nallah, Mayodia, 17-camp, 83-camp",50km,landslide,downpour,medium,unknown,0,,,,,glc,4313,India,IN,Arunāchal Pradesh,14927,Tezu,66.76148,04/01/2014 12:00:00 AM,11/20/2017 03:17:00 PM,02/15/2018 03:51:00 PM,95.86,28.4659
e-pao,http://www.e-pao.net/GP.asp?src=27..280810.aug10,2344,08/27/2010 04:30:00 PM,,"NH-53 at Nungba police station, Kambirong(?), Manipur","Imphal, August 27 2010: The state was cut off from the rest of the country as landslides triggered by torrential rains blocked both NH-39 and 53.The disturbances on the highways are amidst the extended 25-day economic blockade imposed by UNC which entered the third day today.  The landslide blocking NH-39 occurred at Ekai village, two kilometer away from Tadubi at about 4.30 pm today while the traffic on NH-53 was blocked by a heavy landslide at Kambirong only 10 metres away from Nungba police station, official reports said.  The report said that due to the landslide at Ekai village, highway traffic has been totally blocked.  A portion of around 10 metres of the hill face has slid due to torrential rains in the last few days, it added.  The road has been totally blocked by rocks and mud forcing freight trucks and other vehicles stranded on both sides of the landslide area.","NH-53 at Nungba police station, Kambirong(?), Manipur",5km,landslide,downpour,medium,unknown,0,,,,,glc,2344,India,IN,Assam,12871,Lakhipur,42.03089,04/01/2014 12:00:00 AM,11/20/2017 03:17:00 PM,02/15/2018 03:51:00 PM,93.4221,24.7505
The Sangai Express,http://www.thesangaiexpress.com/page/items/54212/massive-landslide-along-maram-peren-road-downpour-creates-havoc-in-different-parts,7263,07/22/2015 12:00:00 AM,,"15 kms from Maram, National Highway-102/A (Maram Peren road)",Reports collected from different areas of the district said that massive landslide along the newly christened National Highway-102/A (Maram Peren road) has totally cut off villages in Willong and Yangkhullen circle. Sources specified of major landslides in different locations including 15 kms from Maram,"15 kms from Maram, National Highway-102/A (Maram Peren road)",1km,landslide,continuous_rain,medium,above_road,0,0,,,,glc,7263,India,IN,Manipur,92113,Kohima,25.91151,07/23/2015 04:27:00 PM,11/20/2017 03:17:00 PM,02/15/2018 03:51:00 PM,94.0489,25.4477
www.nagalandpost.com,http://www.nagalandpost.com/ChannelNews/State/StateNews.aspx?news=TkVXUzEwMDA0MjY4Nw%3D%3D-bSp8jh3okxw%3D,5271,08/04/2013 12:00:00 AM,,"Nanga, Nagaland","Incessant torrential rain, which began Sunday at around 11.30 p.m. has completely cut off Suruhuto town from the rest of the state. In a press release, NGZPMC joint secretary Hotoshe Sema said all three links connecting Zunheboto, Mokokchung and Tuensang have been cut off. Road to Zunheboto has been  blocked in 5-6 places and Mokokchung road has been blocked in two places near Zhekuto and Longsa. The valleys of Nanga (Dikhu), Phizo and Tizu, known as rice bowls of Suruhuto Area has been damaged by floods and landslides. Many terrace fields and canals have been washed away by flood. A team of Nanga (Dikhu) Greener Zone Project Management Committee (NGZPMC) who were on GPS mapping of Community Conserved Area (CCA) has been stranded at Nanga valley owing to flood. Log bridges connecting Phuye New/Old and Suruhuto/Surumi/Aichi Saghemi villages have been washed away. Travelers from Tuensang to Kohima/Dimapur via Suruhuto-Coco shortcut road have been requested to take the via Mokokchung rout","Nanga, Nagaland",5km,landslide,continuous_rain,medium,unknown,,,,,,glc,5271,India,IN,Nāgāland,34021,Mokokchūng,7.70289,04/01/2014 12:00:00 AM,11/20/2017 03:17:00 PM,02/15/2018 03:51:00 PM,94.5808,26.284
twocircles.net,http://twocircles.net/2012jun22/landslide_kills_three_assam.html,4424,06/20/2012 12:00:00 AM,,"Lalunggaon, Guwahati,  Assam","A man and his two minor sons were killed after their house here collapsed following a landslide Friday, police said. The accident took place in Lalunggaon area.Police said that incessant rains in the area since Thursday evening led to the landslide. ","Lalunggaon, Guwahati,  Assam",1km,landslide,downpour,medium,unknown,,,,,,glc,4424,India,IN,Assam,899094,Guwahati,4.06526,04/01/2014 12:00:00 AM,11/20/2017 03:17:00 PM,02/15/2018 03:51:00 PM,91.7351,26.149
e-pao,http://www.e-pao.net/GP.asp?src=15..240511.may11,3525,05/22/2011 12:00:00 AM,,"Kaiphundai(?)-Tousem(in Assam) road, Tamenglong district, Manipur","May 23 2011: Heavy rainfall caused landslides at three different places along Kaiphundai-Tousem road, the only lifeline of the villagers of restive Tousem Sub-Division of Tamenglong district.  The landslides occurred between New Mandeu and Mandeu village and at Tamenglong-Tousem-Haflong road, said a press release issued by Executive Member of Tamenglong ADC, MP Guang.","Kaiphundai(?)-Tousem(in Assam) road, Tamenglong district, Manipur",25km,landslide,downpour,medium,unknown,0,,,,,glc,3525,India,IN,Assam,7176,Mahur,32.48182,04/01/2014 12:00:00 AM,11/20/2017 03:17:00 PM,02/15/2018 03:51:00 PM,93.4093,25.0672
E-PAO,http://e-pao.net/GP.asp?src=21..020815.aug15,7369,08/01/2015 12:00:00 AM,,between Chalong and Paraolon,Two landslides between Chalong to Paraolon,between Chalong and Paraolon,10km,landslide,continuous_rain,medium,above_road,0,0,,,,glc,7369,India,IN,Manipur,30418,Kakching,28.99355,12/14/2015 08:47:00 PM,11/20/2017 03:17:00 PM,02/15/2018 03:51:00 PM,94.1016,24.1988
articles.timesofindia.indiatimes.com,http://articles.timesofindia.indiatimes.com/2013-07-28/guwahati/40848148_1_daporijo-upper-subansiri-landslides,4892,06/01/2013 12:00:00 AM,,Upper Subansiri,"The Daporijo district headquarters is cut off from other circle headquarters of UpperSubansiri for the last two months due to landslides. Massive landslides triggered by heavy rainfall have blocked roads at numerous points, cutting off more than 60 villages under Gusar and Giba circles. There is acute shortage of essential items in the two circles, a source said here on Saturday. A samiti member of Tator Tani-V under Gusar Anchal block said about 3,000 people of the entire Tator Bango area have been affected by the choking of the lone PWD road. The authorities could not clear the road due to shortage of men and machinery, he said.",Upper Subansiri,50km,landslide,downpour,large,unknown,,,,,,glc,4892,India,IN,Arunāchal Pradesh,4157,Bāsār,45.49031,04/01/2014 12:00:00 AM,11/20/2017 03:17:00 PM,02/15/2018 03:51:00 PM,94.25,27.8776
ibnlive.in,http://ibnlive.in.com/generalnewsfeed/news/barrak-valley-cut-off-due-to-heavy-landslides/1007155.html,4377,06/02/2012 12:00:00 AM,,"Guwahati, Assam","South Assam's Barrak valley has been cut off from the rest of the country due to heavy landslides. Northeast Frontier Railway sources said heavy rain have caused landslide in five places between Haranjao and Mailongdifa railway stations. A ""small"" track will be cleared within a couple of hours but the bigger one will take time but the work is on full swing, officials said. Due to this normal train services between Silchar, Lumding and Guwahati will be suspended.","Guwahati, Assam",5km,landslide,downpour,large,unknown,,,,,,glc,4377,India,IN,Assam,899094,Guwahati,4.21344,04/01/2014 12:00:00 AM,11/20/2017 03:17:00 PM,02/15/2018 03:51:00 PM,91.7356,26.1475
e-pao.net,http://e-pao.net/GP.asp?src=24..050913.sep13,5430,09/01/2013 12:00:00 AM,,"Tamenglong- Khongsang Road, Manipur",Mudslides also occurred along Tamenglong- Khongsang road at many spots.,"Tamenglong- Khongsang Road, Manipur",25km,mudslide,continuous_rain,medium,unknown,0,,,,,glc,5430,India,IN,Manipur,223523,Imphal,47.40742,04/01/2014 12:00:00 AM,11/20/2017 03:17:00 PM,02/15/2018 03:51:00 PM,93.487,24.9037
The Sangai Express,http://www.thesangaiexpress.com/page/items/54212/massive-landslide-along-maram-peren-road-downpour-creates-havoc-in-different-parts,7264,07/22/2015 12:00:00 AM,,22 kms to 30 kms between Sangkungmai and Willong,"Torrential rain in the last many days has created havoc in many places of Senapati district. According to sources, vehicular and human movements have been completely halted. Removal of trees and loose soil are expected to take many weeks before normal movement along the road can begin. Sources specified of major landslides in different locations including 15 kms from Maram, 22 kms to 30 kms between Sangkhumai and Willong, Willong-Yangkhullen stretch and Yangkhullen-Tamphung road till Nagaland border.",22 kms to 30 kms between Sangkungmai and Willong,5km,landslide,continuous_rain,medium,above_road,0,0,,,,glc,7264,India,IN,Manipur,92113,Kohima,27.6588,07/23/2015 04:32:00 PM,11/20/2017 03:17:00 PM,02/15/2018 03:51:00 PM,93.9827,25.4538
www.nagalandpost.com,http://www.nagalandpost.com/ChannelNews/State/StateNews.aspx?news=TkVXUzEwMDA0MDQ4MQ%3D%3D-gEvw8J4DIOI%3D,5006,07/01/2013 12:00:00 AM,,"Thillong Village, Doyang Along State Highway 1, Wokha To Merapani Road","Meanwhile, a massive landslide occurred at Thillong Village, Doyang along the state highway 1, Wokha to Merapani road. Chairman, Thillong Village Council, Wokha, Samuel, Y. Patton in a press release stated five residential buildings have been destroyed and human lives are put at stake if immediate steps are not initiated to clear this landslide.","Thillong Village, Doyang Along State Highway 1, Wokha To Merapani Road",1km,landslide,downpour,medium,unknown,0,,,,,glc,5006,India,IN,Nāgāland,54010,Wokha,12.97304,04/01/2014 12:00:00 AM,11/20/2017 03:17:00 PM,02/15/2018 03:51:00 PM,94.3864,26.1147
Indian Express,http://indianexpress.com/article/india/india-news-india/at-least-10-killed-in-landslides-in-assam-rescue-operations-underway-2806810/,9335,05/18/2016 08:00:00 AM,,"Bilaipur, Hailakandi district, Assam, India","One of two landslides in Bilaipur triggered by the same rainfall event. Ten people were killed in landslides in Karimganj and Hailakandi districts in Barak Valley in Assam on Wednesday following incessant rains. In neighbouring Hailakandi district, two incidents of landslide killed four persons at Bilaipur and a six-year old boy at Ramchandi area, police officials said. The debris fell on two houses where the victims were sleeping early in the morning, they said. NDRF and police have been engaged in rescue and relief operations.","Bilaipur, Hailakandi district, Assam, India",1km,landslide,continuous_rain,unknown,unknown,2,0,,,,glc,9335,India,IN,Assam,10942,Lāla,11.569,08/03/2016 01:38:00 PM,11/20/2017 03:17:00 PM,02/15/2018 03:51:00 PM,92.7239,24.5202
E-PAO,http://e-pao.net/GP.asp?src=Snipp16..250715.jul15,7279,07/24/2015 12:00:00 AM,,Tamenglong Ward No-IV,"Due to incessant rainfalls in the last few days, a huge mudslide occurred on Friday which destroyed a garage along with a Bolero jeep and other belongings of one Namthiurai Daimei of Tamenglong Ward No-IV.",Tamenglong Ward No-IV,50km,mudslide,monsoon,medium,other,0,0,,,,glc,7279,India,IN,Manipur,7176,Mahur,46.17661,08/12/2015 07:17:00 PM,11/20/2017 03:17:00 PM,02/15/2018 03:51:00 PM,93.5142,24.9818
Assam Tribune,http://www.assamtribune.com/scripts/detailsnew.asp?id=sep2414/at051,6288,09/22/2014 12:00:00 AM,,Noonmati,"On the other hand, several incidents of landslides were reported from Dhirenpara, Koinadhara, Gorhchuk, Noonmati and Pamohi.",Noonmati,5km,landslide,rain,small,unknown,0,0,,,,glc,6288,India,IN,Assam,899094,Guwahati,5.61963,10/21/2014 03:40:00 PM,11/20/2017 03:17:00 PM,02/15/2018 03:51:00 PM,91.7998,26.1985
www.thehindubusinessline.com,http://www.thehindubusinessline.com/news/states/landslides-disrupt-vehicular-movement-on-nh29/article4912110.ece,5087,07/12/2013 12:00:00 AM,,"National Highway 29 Near Phesama Village, Nagaland","A large number of vehicles were stranded on National Highway-29 near Phesama village in Nagaland following landslides triggered by rain, official sources said on Saturday. The highway connecting Nagaland and Manipur was badly damaged along a 200m stretch in rains last night, Commanding Officer of Border Roads Organisation, Kohima, Col Tejpal Singh, said. The 15 Border Road Task Force worked hard to clear the road for passage of only light vehicles this afternoon. The landslide also affected around 40-50 paddy fields situated below the road, President of Southern Angami Youth Organisation (SAYO), Kekhruhol Mekro, said.","National Highway 29 Near Phesama Village, Nagaland",10km,landslide,downpour,medium,unknown,0,,,,,glc,5087,India,IN,Nāgāland,92113,Kohima,5.30049,04/01/2014 12:00:00 AM,11/20/2017 03:17:00 PM,02/15/2018 03:51:00 PM,94.1139,25.6269
kanglaonline.com,http://www.kanglaonline.com/index.php?template=headline&newsid=39255&typeid=1,258,09/11/2007 12:00:00 AM,,"NH-39 at Imphal-Moreh section, Lokchao largest event","multiple landslides (6 locations) along NH 39, blocked traffic","NH-39 at Imphal-Moreh section, Lokchao largest event",50km,landslide,rain,medium,unknown,3,,,,,glc,258,India,IN,Manipur,30418,Kakching,10.89373,04/01/2014 12:00:00 AM,11/20/2017 03:17:00 PM,02/15/2018 03:51:00 PM,94.0564,24.4279
www.nagalandpost.com,http://www.nagalandpost.com/channelnews/state/StateNews.aspx?news=TkVXUzEwMDA0NDE4MQ%3D%3D-6hneqQH1frg%3D,5338,08/16/2013 12:00:00 AM,,"Longlem, Nagaland","Two villages- Oting and Longlem under 41 Tizit A/C remained  cut-off from the rest of the district due to heavy mudslide that occurred on August 16 last. The mudslide covered about 60-70 metre stretch of road near Longlem village. It has been reported that the residents of both the villages were facing shortage of essential commodities as their life-line has been blocked by the mudslide for more than 10 days. It may be mentioned that a JCB had reached the major mudslide site on August 20 to clear the road. However, according to a villager, the JCB which had gone for refueling on August 22, before clearing even 1/3 (one third) of the affected road, never returned.","Longlem, Nagaland",25km,landslide,rain,medium,unknown,,,,,,glc,5338,India,IN,Assam,19672,Sonāri,19.00178,04/01/2014 12:00:00 AM,11/20/2017 03:17:00 PM,02/15/2018 03:51:00 PM,94.9275,26.8727
timesofindia.indiatimes,http://timesofindia.indiatimes.com/india/13-killed-as-rains-wrack-havoc-in-north-and-eastern-India-/articleshow/6532367.cms,2411,09/10/2010 12:00:00 AM,,"districts Lakhimpur, Dhemaji, Golaghat, and Sonitpur, Assam province","Sep 10, 2010, 09.40pm IST  NEW DELHI: Thirteen people were killed as heavy monsoon rains wracked havoc in north and east India, triggering landslides and inundating lakhs of acres of farmland on Friday.  At least eight people were buried alive under the debris following massive landslides triggered by incessant rains in Arunachal Pradesh.  One person was drowned and around 1.5 lakh people were affected in the flash floods which hit the northern Assam districts of Lakhimpur, Dhemaji, Golaghat and Sonitpur following incessant rains in the upper reaches.","districts Lakhimpur, Dhemaji, Golaghat, and Sonitpur, Assam province",unknown,landslide,downpour,medium,unknown,0,,,,,glc,2411,India,IN,Arunāchal Pradesh,26912,Naharlagun,11.91035,04/01/2014 12:00:00 AM,11/20/2017 03:17:00 PM,02/15/2018 03:51:00 PM,93.7273,27.0011
Business Standard,http://www.business-standard.com/article/pti-stories/rescue-operations-for-woman-swept-away-by-landslide-continue-114071500831_1.html,6143,07/14/2014 06:00:00 PM,,"Zembabawk, Aizawl","The State Disaster Response Force and volunteers from Falkland locality and other places continued their operation to search the body of a 30-year-old woman, swept away by a massive landslide last evening near Aizawl, despite inclement weather. Six persons, including Munna Begum, were inside a house at Falkland area of Zemabawk when the landslide swept it away, Aizawl district Additional SP Remsanga told PTI. A building construction worker Amar Hussein, from Duttapur in neighbouring Cachar district of Assam, had rented the house and was living there with two of his helpers while his wife Begum and two children recently joined them, he said. The landslide, during a heavy downpour, swept away the house and Begum was still missing while the two children sustained minor injuries, Remsanga added. Except her sarees, Begum was yet to be found and the volunteers suspected that the flash flood has swept her body to river Chite, he said.","Zembabawk, Aizawl",5km,landslide,downpour,medium,unknown,1,2,,,,glc,6143,India,IN,Mizoram,265331,Aizawl,2.92778,08/24/2014 12:00:00 AM,11/20/2017 03:17:00 PM,02/15/2018 03:51:00 PM,92.7463,23.7327
Business Standard,http://www.business-standard.com/article/news-ani/over-hundred-homes-displaced-due-to-landslide-in-meghalaya-116072100406_1.html,9124,07/19/2016 12:00:00 AM,,"Rongthragittim Songittal village, near Sibbari, South Garo Hills District, Meghalaya, India",At least three houses were destroyed and over a hundred others displaced by a massive landslide near Sibbari in Meghalaya's South Garo Hills District. A large portion of a hill came sliding down on Tuesday at Rongthragittim Songittal village due to incessant rains in the region for over six days. Such was the force with which the portion of the hill came down that some of the displaced houses were pushed as far away as hundred meters from their original position. No causalities have been reported due to the incident.,"Rongthragittim Songittal village, near Sibbari, South Garo Hills District, Meghalaya, India",5km,translational_slide,continuous_rain,large,natural_slope,0,0,,,,glc,9124,India,IN,Meghalaya,79016,Netrakona,39.40241,07/22/2016 01:49:00 PM,11/20/2017 03:17:00 PM,02/15/2018 03:51:00 PM,90.5573,25.203
indiablooms,http://www.indiablooms.com/EnvironmentDetailsPage/environmentDetails190810a.php,2282,08/19/2010 06:30:00 AM,,"Tuensang-Kohima rd, 3 km outside Tuensang, Nagaland","Even in Tuensang town, a couple of roads have to be cleared daily due to mudslides. On Thursday morning, the Kohima-bound NST bus left Tuensang station around 9.30 am, three hours behind schedule due to mudslides near GREF camp, some 3km from the station.   People cross a portion of the landslide area, along the National Highway 39, below Kohima, on Saturday, August 21, 2010. The calamities which affect the National Highway 39 started from August 7 after continuous heavy rainfall in the hilly state of Nagaland.  ","Tuensang-Kohima rd, 3 km outside Tuensang, Nagaland",1km,landslide,downpour,medium,unknown,0,,,,,glc,2282,India,IN,Nāgāland,33748,Tuensang,7.65096,04/01/2014 12:00:00 AM,11/20/2017 03:17:00 PM,02/15/2018 03:51:00 PM,94.8158,26.1984
Indian Express,http://indianexpress.com/article/india/india-news-india/at-least-10-killed-in-landslides-in-assam-rescue-operations-underway-2806810/,9338,05/18/2016 08:00:00 AM,,"Sonachirra, Karimganj district, Assam, India","Estimated location. Ten people were killed in landslides in Karimganj and Hailakandi districts in Barak Valley in Assam on Wednesday following incessant rains. Five members of a family were killed in a landslide at Sonachirra in Karimganj district in the wee hours, a police official said. The landslip, triggered by incessant rains, buried a house on the edge of a hill killing the five people. Among the victims are a man, his wife and their daughter and two sons. The area has been hit by continuous rains for the past three days.","Sonachirra, Karimganj district, Assam, India",10km,landslide,continuous_rain,medium,natural_slope,5,0,,,,glc,9338,India,IN,Assam,10942,Lāla,15.88512,08/03/2016 01:59:00 PM,11/20/2017 03:17:00 PM,02/15/2018 03:51:00 PM,92.4943,24.4638
Mizoram Express,http://mizoramexpress.com/index.php/2010/09/mizoram-landslides-kill-one-woman/,2421,09/13/2010 09:00:00 AM,,"road to Muanna Godown, Zuangtui, Mizoram",The heavy rain also caused landslides in several places blocking the road. The approach road to Muanna Godown in Zuangtui was blocked by a landslide since this morning.  It is expected to be restored this evening. ,"road to Muanna Godown, Zuangtui, Mizoram",1km,landslide,downpour,medium,above_road,,,,,,glc,2421,India,IN,Mizoram,20244,Serchhīp,8.59507,04/01/2014 12:00:00 AM,11/20/2017 03:17:00 PM,02/15/2018 03:51:00 PM,92.74128531,23.75406693
morungexpress,http://www.morungexpress.com/frontpage/53726.html,2249,08/14/2010 12:00:00 AM,,"Kiphire-Tuensang rd, Nagaland","People cross a portion of the landslide area, along the National Highway 39, below Kohima, on Saturday, August 21, 2010. The calamities which affect the National Highway 39 started from August 7 after continuous heavy rainfall in the hilly state of Nagaland.   Almost all roads in Tuensang district including those connecting the district headquarters have become unpliable for both the Nagaland State Transport (NST) buses and private vehicles. Some of the roads worst hit by landslides and land-sinking are Tuensang-Shamatore road, Noklak-Tuensang road, Kiphire-Tuensang road and Tuensang-Mokokchung road. (Very unclear about the date, anytime between August 7th and August 21st)","Kiphire-Tuensang rd, Nagaland",25km,landslide,downpour,medium,unknown,0,,,,,glc,2249,India,IN,Nāgāland,33748,Tuensang,20.67617,04/01/2014 12:00:00 AM,11/20/2017 03:17:00 PM,02/15/2018 03:51:00 PM,94.803,26.0814
Business Standard,http://www.business-standard.com/article/news-ians/landslide-blocks-nh2-disrupting-traffic-to-and-from-manipur-116071000262_1.html,8901,07/10/2016 12:00:00 AM,,"National Highway 2, near Kohima, Nagaland, India","Manipur's road-link with the rest of the country was severely disrupted on Sunday as a landslide blocked National Highway 2 near the Nagaland capital Kohima. ""All available personnel and machinery are being used to remove the debris from the road,"" an official told IANS over phone from Kohima. NH 2 and NH 37 are the two main road links between the state and the rest of the country. However, it is feared that there may be fresh landlsides as heavy downpour continued to lash most of the northeastern states.","National Highway 2, near Kohima, Nagaland, India",25km,landslide,downpour,medium,above_road,0,0,,,,glc,8901,India,IN,Nagaland,92113,Kohima,12.96831,07/11/2016 08:08:00 PM,11/20/2017 03:17:00 PM,02/15/2018 03:51:00 PM,94.1318,25.7902
e-pao.net,http://e-pao.net/GP.asp?src=21..210810.aug10,2283,08/19/2010 12:00:00 AM,,"2 km from Khongsang village(?), road between Tamenglong and Imphal or Nungba, Manipur","Imphal, August 20 2010:   At the same time, another landslide had occurred yesterday near Kisima between Mao Gate and Kohima which virtually cut off the Nagaland capital from the rest of the country.  Meanwhile, our Tamenglong correspondent, Daniel Kamei reported that following heavy rains during the past week, a massive mud slide has occurred at Khongsang village which completely cut off the road between Tamenglong and Imphal.  The mudslide occurred 2 km from Khongsang.  Many vehicles bound for Imphal or Nungba have returned to Tamenglong. Uncertain date: 13 - 19th.","2 km from Khongsang village(?), road between Tamenglong and Imphal or Nungba, Manipur",5km,mudslide,downpour,medium,unknown,0,,,,,glc,2283,India,IN,Manipur,223523,Imphal,46.36778,04/01/2014 12:00:00 AM,11/20/2017 03:17:00 PM,02/15/2018 03:51:00 PM,93.4957,24.8961
Sciency Thoughts,http://sciencythoughts.blogspot.com/2014/05/seven-members-of-one-family-killed-by.html,6016,05/09/2014 11:00:00 PM,,"Satgarakul Village, Karimganj, Assam State","Seven members of a single family have been killed by a landslide that struck their home in the village of Satkoragool in the Karimganj District of Assam State, India, overnight between Friday 9 May and Saturday 10 May/2014. Nobody witnessed the incident, which occurred during heavy rain, but neighbours found that part of a hillside had collapsed onto the home, burying it under a debris heap of mud rocks and trees. The bodies of Lubub Uddin (45), his wife Saina Begam (35). and their five children, aged between two and eleven were all recovered from the site.","Satgarakul Village, Karimganj, Assam State",1km,landslide,rain,small,unknown,7,0,,,,glc,6016,India,IN,Assam,55290,Karīmganj,0.3326,08/24/2014 12:00:00 AM,11/20/2017 03:17:00 PM,02/15/2018 03:51:00 PM,92.3576,24.8669
Newkerala,http://www.newkerala.com/july.php?action=fullnews&id=56364,215,08/28/2007 12:00:00 AM,,Phesema area at National Highway 39,multiple landslides in  the area causing road closures,Phesema area at National Highway 39,50km,landslide,rain,medium,unknown,1,,,,,glc,215,India,IN,Nāgāland,92113,Kohima,21.1995,04/01/2014 12:00:00 AM,11/20/2017 03:17:00 PM,02/15/2018 03:51:00 PM,93.9136,25.7428
Indian Express,http://indianexpress.com/article/india/india-others/several-houses-swept-away-in-mudslide-in-the-mizoram-town-of-phullen/,7780,08/26/2015 12:00:00 AM,,Sailam village,"A few casualties have been reported, including a driver in his 20s who later died in a hospital after the vehicle he was driving was buried by a landslide near Sailam village, about 75 kms south of Aizawl, this past weekend.",Sailam village,5km,landslide,continuous_rain,medium,above_road,1,0,,,,glc,7780,India,IN,Mizoram,5963,Thenzawl,5.91871,06/20/2016 05:45:00 PM,11/20/2017 03:17:00 PM,02/15/2018 03:51:00 PM,92.7878,23.3572
E-PAO,http://www.indiablooms.com/EnvironmentDetailsPage/environmentDetails190810a.php,2281,08/19/2010 06:00:00 PM,,"Kisima, Nagaland","At the same time, another landslide had occurred yesterday near Kisima between Mao Gate and Kohima which virtually cut off the Nagaland capital from the rest of the country.","Kisima, Nagaland",5km,landslide,downpour,medium,above_road,,,,,,glc,2281,India,IN,Nāgāland,92113,Kohima,11.44167,04/01/2014 12:00:00 AM,11/20/2017 03:17:00 PM,02/15/2018 03:51:00 PM,94.11603493,25.61560252
morungexpress,http://www.morungexpress.com/local/50546.html,1996,06/17/2010 07:30:00 PM,,"Shayoung Ward(?), Longleng, Nagaland","Longleng, June 18 (MExN): Property worth lakh of rupees was destroyed when a thatched house belonging to one Hemshi Phiom was washed away by landslide at Longleng district. The incident occurred at Shayoung Ward around 7.30 pm last night due to monsoon rain. None of the household goods could be saved as it was washed away completely by the landslide. There was no report of human causality.","Shayoung Ward(?), Longleng, Nagaland",25km,landslide,downpour,medium,unknown,0,,,,,glc,1996,India,IN,Nāgāland,33748,Tuensang,19.34297,04/01/2014 12:00:00 AM,11/20/2017 03:17:00 PM,02/15/2018 03:51:00 PM,94.8833,26.4333
Assam Tribune,http://www.assamtribune.com/scripts/detailsnew.asp?id=sep2414/at051,6283,09/22/2014 12:00:00 AM,,Dakhingaon,"Flash flood and landslides continued to cause devastation in Guwahati for the second day today with the death toll due to landslip rising to four. Two persons died in two separate incidents of landslides in Lalmati and Dakhingaon, whereas a woman was injured in another landslide incident at Batahghuli.",Dakhingaon,1km,landslide,rain,small,unknown,0,0,,,,glc,6283,India,IN,Assam,2000,Dispur,4.61338,10/21/2014 02:27:00 PM,11/20/2017 03:17:00 PM,02/15/2018 03:51:00 PM,91.7548,26.1314
Nagaland Post,https://issuu.com/nagalandpost90/docs/july_13__2016,8930,07/11/2016 11:00:00 PM,,"North Point Colony, Akuluto, Nagaland, India","A massive landslide occurred at North Point Colony, Akuluto on July 11 at around 11p.m. According an official bulletin, SDO (civil) Akuluto, Kikumsangla Jamir, who visited the affected area, said five houses were damaged badly and the road leading to colony was also blocked.  Local residents and personnel of 8th NAP, B Coy helped in clearing the road and also the affected families.","North Point Colony, Akuluto, Nagaland, India",1km,landslide,unknown,large,unknown,0,0,,,,glc,8930,India,IN,Nagaland,34021,Mokokchūng,17.35373,07/13/2016 04:47:00 PM,11/20/2017 03:17:00 PM,02/15/2018 03:51:00 PM,94.4922,26.1699
rttnews,http://www.rttnews.com/ArticleView.aspx?Id=758386&SMap=1,869,10/29/2008 12:00:00 AM,,North Lakhimpur ,"flooding and landslides, Floods and landslides caused by heavy rains over the last three days have killed at least seven people and displaced thousands more in the northeastern states of India",North Lakhimpur ,50km,landslide,downpour,medium,unknown,,,,,,glc,869,India,IN,Assam,59841,North Lakhimpur,1.31739,04/01/2014 12:00:00 AM,11/20/2017 03:17:00 PM,02/15/2018 03:51:00 PM,94.1167,27.2333
Newkerala,http://www.newkerala.com/oct.php?action=fullnews&id=7498,285,09/29/2007 12:00:00 AM,,"National Highway, 45 Aizwal (Mizoram)","unsure of exact day, landslides blocked road somewhere in province","National Highway, 45 Aizwal (Mizoram)",50km,landslide,rain,medium,unknown,,,,,,glc,285,India,IN,Mizoram,25000,Kolasib,10.56357,04/01/2014 12:00:00 AM,11/20/2017 03:17:00 PM,02/15/2018 03:51:00 PM,92.6921,24.1293
E-PAO,http://e-pao.net/GP.asp?src=7..290611.jun11,3662,06/28/2011 12:00:00 AM,,"Ikou-Gangpijang road, near: Ikou, Saikul, and Gangpijang; Imphal India","June 28 2011: Ikou-Gangpijang road, development work of which was left incomplete following some disputes in awarding the contract, has been disconnected following landslide.  Consequent upon the landslide, passenger buses travelling from Imphal could not proceed beyond Ikou.  The passengers travelling to Saikul have to cross the landslide area on foot, and then travel forward till Saikul from Gangpijang in passenger jeeps.  In case passenger jeeps are not available, people have to walk all the way to Saikul which is about 2.5 Kms away.  Development work on Sagolmang-Saikul road which passes through Ikou and Gangpijang was abandoned after completing around 80 per cent of the following disputes in the contract deals.  The development work of the road was abandoned after the work order was given to a second contractor.  Notably, taking serious note of the abandonment of the road development work, KSO Saikul and Kuki Inpi Saikul appealed to the Chief Minister to finish the work before ons","Ikou-Gangpijang road, near: Ikou, Saikul, and Gangpijang; Imphal India",25km,landslide,rain,medium,below_road,,,,,,glc,3662,India,IN,Manipur,223523,Imphal,0.44836,04/01/2014 12:00:00 AM,11/20/2017 03:17:00 PM,02/15/2018 03:51:00 PM,94.0144205,25.03561729
e-pao.net,http://e-pao.net/GP.asp?src=Snipp8..230813.aug13,5427,08/15/2013 12:00:00 AM,,"Koide Government High School, Senapati, Manipur","The heavy downpour in Senapati during the past weeks has caused landslides and flood like situation in low land areas in many parts of the district. Besides the National Highway, State highway and Inter Village Roads were badly affected by the downpour. Meanwhile, a press note issued by the Headmaster of Koide Government High School stated that vast portion of school compound in its Southern side has been washed away due to heavy downpour in recent past. It stated that approximately 118 ft in length and 20 ft in height portion of land was washed away. The villagers sought the immediate action of the concerned department to save the lone school building in the village from further collapse and damage, maintained the press note.","Koide Government High School, Senapati, Manipur",5km,landslide,downpour,medium,unknown,,,,,,glc,5427,India,IN,Nāgāland,92113,Kohima,33.20312,04/01/2014 12:00:00 AM,11/20/2017 03:17:00 PM,02/15/2018 03:51:00 PM,94.1884,25.3833
Assam Times,http://www.assamtimes.org/node/15150,8339,09/23/2015 12:00:00 AM,,Kamakhya Temple,Surface communication remains heavily disrupted atop the Nilachal Hill when a huge rock collapsed on the road leading to the historic Kamakhya temple on Wednesday.It took several hours for PWD and forest officials to clear the road after the rock along with uprooted trees blocked a portion of the hillside road in the morning. There is no report of casualty. Local residents fear the repeat of more landslide in view of the non stopped rains during the last 48 hours. The authority have asked the residents in the hillock to come down to the safe places to avoid further disaster.Tourists from the far flung areas have been remaining stranded on way to the historic Kamakhya temple from early in the morning.,Kamakhya Temple,1km,landslide,continuous_rain,medium,above_road,0,0,,,,glc,8339,India,IN,Assam,17516,North Guwāhāti,3.77975,07/06/2016 12:43:00 PM,11/20/2017 03:17:00 PM,02/15/2018 03:51:00 PM,91.7042,26.1666
www.nagalandpost.com,http://www.nagalandpost.com/channelnews/state/StateNews.aspx?news=TkVXUzEwMDA0NjAwNw%3D%3D-%2FtfIAOw1uMk%3D,4905,06/07/2013 12:00:00 AM,,"Kuthur – Huker Road Via Y Anner, Chessore, Nagaland","Chessore  Area  Village  Councils  and VDBs comprising  of five villages _ Chessore, Huker, Aiponger, Y. Anner and  Kuthur villages _ after thoroughly deliberating on the issue of road blockade caused by heavy landslide from Kuthur to Huker road via Y/ Anner and  Chessore village, have resolved to clear the blockade road. S. Neoji and R. Ramji said a joint meeting of Chessore area village councils and VDBs held meeting August 31 at Chessore village wherein it was resolved to deploy bulldozer to clear landslide along the road. They also stated that expenditure would be contributed from each VDB of five villages under MGNRES scheme under 2013- 14, as the road was the lifeline of the people of the area.","Kuthur – Huker Road Via Y Anner, Chessore, Nagaland",25km,landslide,unknown,medium,unknown,,,,,,glc,4905,India,IN,Nāgāland,33748,Tuensang,22.32574,04/01/2014 12:00:00 AM,11/20/2017 03:17:00 PM,02/15/2018 03:51:00 PM,94.7031,26.0977
E-Pao,http://www.e-pao.net/GP.asp?src=Snipp1..260716.jul16,9186,07/25/2016 12:30:00 PM,,"Imphal-Dimapur road  in Tadubi, Senapati district, Manipur, India","Continuous downpour in the past three days led to a massive mudslide along Imphal-Dimapur road (NH-2) and destroyed 6 stalls constructed at the heart of Tadubi town at around 12.30pm today, reports NNN.  An 81 year old woman identified as S Koshuni, who was in one of the shops miraculously escaped with minor injuries.","Imphal-Dimapur road  in Tadubi, Senapati district, Manipur, India",1km,landslide,continuous_rain,medium,above_road,0,1,,,,glc,9186,India,IN,Manipur,92113,Kohima,21.74404,07/26/2016 04:05:00 PM,11/20/2017 03:17:00 PM,02/15/2018 03:51:00 PM,94.1383,25.48
articles.timesofindia.indiatimes.com,http://articles.timesofindia.indiatimes.com/2013-07-15/guwahati/40589516_1_southern-angami-youth-organization-jessami-tadubi,5107,07/15/2013 12:00:00 AM,,"National Highway 29 Near Phesama Village, Nagaland","Heavy landslide caused by incessant rain for the last couple of weeks has blocked National Highway 29 along Phesama village, about 12 km from here. This has affected Manipur as it is one of the main highways connecting the state with the rest of the country. A stretch of about 200 feet of the highway has been swept down to a distance of 500 to 600 feet into the valley. The landslide has completely cut off movement of vehicles, secluding the southern Angami areas and neighbouring state of Manipur.","National Highway 29 Near Phesama Village, Nagaland",10km,landslide,rain,medium,unknown,0,,,,,glc,5107,India,IN,Nāgāland,92113,Kohima,5.30049,04/01/2014 12:00:00 AM,11/20/2017 03:17:00 PM,02/15/2018 03:51:00 PM,94.1139,25.6269
Assam Times,http://www.assamtimes.org/node/14309,7253,07/22/2015 12:00:00 AM,,Lakhipur,"Five persons of a family were buried alive when a huge hillock collapsed on their house in Cachar district on Wednesday. The incident took place in the wee hours at Lakhipur are when a huge hillock slipped into the house where Zubeda Khatun along with her four children lived in.  “It came to light at around 10 in the morning as the local residents had to keep themselves confined to their homes because of the incessant rains,” a local resident told Assam Times over telephone.",Lakhipur,5km,landslide,continuous_rain,medium,urban,5,0,,,,glc,7253,India,IN,Assam,12871,Lakhipur,1.31262,07/22/2015 03:44:00 PM,11/20/2017 03:17:00 PM,02/15/2018 03:51:00 PM,92.9974,24.7979
Assam Tribune,http://www.assamtribune.com/scripts/detailsnew.asp?id=sep2414/at051,6286,09/22/2014 12:00:00 AM,,Garchuk,another road in Garchuk was also blocked due to landslide.,Garchuk,5km,landslide,rain,small,unknown,0,0,,,,glc,6286,India,IN,Assam,899094,Guwahati,9.63258,10/21/2014 03:30:00 PM,11/20/2017 03:17:00 PM,02/15/2018 03:51:00 PM,91.7082,26.1044
kanglaonline,http://www.kanglaonline.com/index.php?template=headline&newsid=42473&typeid=2,594,06/19/2008 12:00:00 AM,,"Namkaoluang village, Tamenglong-Sangrung (Khongsang) road, NH-53, Manipur",mudslide 30-40 feet long,"Namkaoluang village, Tamenglong-Sangrung (Khongsang) road, NH-53, Manipur",25km,mudslide,monsoon,medium,unknown,,,,,,glc,594,India,IN,Manipur,223523,Imphal,18.23429,04/01/2014 12:00:00 AM,11/20/2017 03:17:00 PM,02/15/2018 03:51:00 PM,93.8275,24.9336
www.morungexpress.com,http://www.morungexpress.com/local/103875.html,5337,08/16/2013 12:00:00 AM,,"Yakshu, Nagaland","The Deputy Commissioner Mon, Angau I Thou, IAS accompanied by ADC Tobu, SDO Civil Mon, DPRO and DBs visited the major landslide area near Yakshu field, which occurred on August 16 last and cut off the Tobu area from the district Hq. The mudslide had damaged the Telangso Hydro Project Channel, resulting in non-functioning of the hydro project. The DC Mon interacted with the leaders of Tobu at Telangso Hydro Project rest house. She expressed her appreciation to the people of the area for taking the initiatives in bringing essential commodities through alternative route via Longleng district without any complaint. She also urged upon the people of the area to continue to extend their cooperation in maintaining peace and tranquility in the area for development. She also informed that road to Monyakshu headquarter is via Chen area and trucks carrying essential commodity are plying normally. On the inquiry of the DC, it was learnt that the road would be cleared only after retrieving the JCB ","Yakshu, Nagaland",5km,landslide,rain,medium,unknown,,,,,,glc,5337,India,IN,Nāgāland,33748,Tuensang,22.58609,04/01/2014 12:00:00 AM,11/20/2017 03:17:00 PM,02/15/2018 03:51:00 PM,94.9731,26.4205
articles.timesofindia,http://articles.timesofindia.indiatimes.com/2011-08-06/guwahati/29861700_1_water-supply-drinking-water-landslides,3881,08/05/2011 12:00:00 AM,,Itanagar,"ITANAGAR: Heavy rainfall in the past 12 hours wrecked havoc in the Arunachal Pradesh capital with almost all major roads leading to the town being snapped off in many areas on the NH 52-A.  Rain induced landslides have cut off several places from the rest of the state, while many places within the capital complex near Karsingsa sinking zone, Lekhi village, A-sector Naharlagun and the Papunallah area have been severely affected by the calamity.  A bridge at Abotani Colony in Itanagar has been rendered unusable as siltation on the banks of the stream gave away. The onus for maintaining the bridge, which is frequented by VIPs, has fallen on the PWD as the urban department has expressed its inability to maintain the structure, official sources informed.",Itanagar,5km,landslide,downpour,medium,unknown,0,,,,,glc,3881,India,IN,Arunāchal Pradesh,26912,Naharlagun,0.67751,04/01/2014 12:00:00 AM,11/20/2017 03:17:00 PM,02/15/2018 03:51:00 PM,93.6885,27.1034
indianexpress,http://www.indianexpress.com/news/landslides-cut-off-arunachal-districts-iaf-to-the-rescue/833599/,3925,08/15/2011 12:00:00 AM,,"East Kameng, Arunachal Pradesh","landslides triggered off by heavy rain cutting off road communication in several districts of Arunachal Pradesh The situation has been particularly cut off in the East Kameng district in western Arunachal Pradesh, where incessant rains have played havoc with people's lives, washing away roads and disrupting power supply","East Kameng, Arunachal Pradesh",50km,landslide,downpour,medium,unknown,0,,,,,glc,3925,India,IN,Arunāchal Pradesh,7121,Bomdila,63.47818,04/01/2014 12:00:00 AM,11/20/2017 03:17:00 PM,02/15/2018 03:51:00 PM,93.0153,27.4888
Hindustan Times,http://www.hindustantimes.com/india/20-dead-several-houses-swept-away-in-manipur-landslide/story-KoP6OouFBWhqxSdcnLrXJN.html,7383,08/01/2015 12:00:00 AM,,"Tuitung village, Khengjoi","Several houses of Hollenjang, Wayang and Tuitung village under Khengjoi were also swept away by the landslide. The total number of casualties from these areas, if any, are not known so far.","Tuitung village, Khengjoi",5km,landslide,rain,medium,unknown,0,0,,,,glc,7383,India,IN,Manipur,44540,Mawlaik,38.95051,12/14/2015 08:53:00 PM,11/20/2017 03:17:00 PM,02/15/2018 03:51:00 PM,94.1434,23.899
Eastern Mirror,http://www.easternmirrornagaland.com/landslide-hampers-nh-102-traffic-restored/,8900,07/07/2016 12:00:00 AM,,"Imphal-Ukhrul sector of National Highway 102, Manipur, India","Estimated Date. Heavy landslide along the busy Imphal-Ukhrul sector of the National Highway 102 hampered vehicular traffic along the route forcing passenger buses to stop normal services since the last four days.  However smaller-sized vehicles such as cars, vans and gypsies managed to cross the landslide-hit Finch Corner area, 65 km north of Imphal only after the Border Road Task Force (BRTF) machinery cleared the area this afternoon, reports from Ukhrul said.  Earlier in the morning, most of the residents of Ukhrul district who usually takes 2-3 hours, took 6 hours to reach Imphal town by exchanging their vehicles at the two ends of the landslide-hit Finch corner area, according to a resident.  The picturesque Finch Corner areas witnessed heavy landslide measuring around 150 metres following continuous rain in the areas since the last few days.  Sources reaching here said that the BRTF personnel were currently taking all out efforts to restore normal traffic along the highway.","Imphal-Ukhrul sector of National Highway 102, Manipur, India",25km,landslide,monsoon,large,above_road,0,0,,,,glc,8900,India,IN,Manipur,223523,Imphal,43.61406,07/11/2016 07:51:00 PM,11/20/2017 03:17:00 PM,02/15/2018 03:51:00 PM,94.3136,25.0118
articles.timesofindia.indiatimes.com,http://articles.timesofindia.indiatimes.com/2013-02-20/guwahati/37199432_1_fire-mishap-east-siang-massive-landslide,4757,02/18/2013 12:00:00 AM,,"East Siang, Arunachal Pradesh","At least three persons died on the spot while two were seriously injured in a massive landslide that occurred in East Siang district.The accident occurred at 20 mile, which is 38 km from Pasighat town in East Siang district on Monday, sources said here on Tuesday.","East Siang, Arunachal Pradesh",5km,landslide,rain,medium,unknown,3,2,,,,glc,4757,India,IN,Arunāchal Pradesh,25581,Pāsighāt,16.99553,04/01/2014 12:00:00 AM,11/20/2017 03:17:00 PM,02/15/2018 03:51:00 PM,95.1645,28.1193
E-PAO,http://e-pao.net/GP.asp?src=26..120815.aug15,7666,08/11/2015 12:00:00 AM,,Tousem,"In a press statement, ZB-AMN General Secretary Dr Gairiangmei Maringmei said due to recent incessant rain, several areas of the Zeliangrong region have experienced landslides.",Tousem,5km,landslide,continuous_rain,medium,unknown,0,0,,,,glc,7666,India,IN,Manipur,7176,Mahur,27.66664,04/28/2016 09:01:00 PM,11/20/2017 03:17:00 PM,02/15/2018 03:51:00 PM,93.3729,25.1019
morungexpress,http://www.morungexpress.com/local/51540.html,2045,07/06/2010 12:00:00 AM,,"Tuensang, Nagaland","Dimapur| July 12  : Yet another monsoon season in Nagaland and one has to batter bad roads.    This year’s monsoon has been the worse by far.  Most interior villagers of Mon, Tuensang and Kiphire are cut out from the rest of the state. With good roads beyond their dreams even on dry days, rainy days are a nightmare for the people. Journey to places like Mimi in Kiphire, Pangsha in Tuensang and parts of Mon and Peren can be made only on four wheel drive vehicles or on foot. Mud slides are common in almost all the highways leading to district headquarters. Exploitation of natural resources like boulders and deforestation is causing more landslides than before. The use of roads by all size vehicles has spoilt most of the soiled roads making it difficult for smaller vehicles to ply. ","Tuensang, Nagaland",5km,mudslide,monsoon,medium,unknown,0,,,,,glc,2045,India,IN,Nāgāland,33748,Tuensang,3.57473,04/01/2014 12:00:00 AM,11/20/2017 03:17:00 PM,02/15/2018 03:51:00 PM,94.8133,26.2363
Nagaland Post,http://nagalandpost.com/ChannelNews/State/StateNews.aspx?news=TkVXUzEwMDA4NTE4Nw%3D%3D,7701,08/19/2015 03:00:00 PM,,Phesama,Over 200 vehicles were stranded along NH-29 Phesama landslide area for almost four hours on Wednesday.,Phesama,5km,landslide,continuous_rain,medium,above_road,0,0,,http://morungexpress.com/wp-content/uploads/2015/08/119.jpg,,glc,7701,India,IN,Nagaland,92113,Kohima,5.22778,05/27/2016 02:48:00 PM,11/20/2017 03:17:00 PM,02/15/2018 03:51:00 PM,94.1051,25.6278
Mizoram Express,http://mizoramexpress.com/index.php/2010/09/mizoram-landslides-kill-one-woman/,2422,09/13/2010 12:00:00 AM,,"Hunthar Veng, Mizoram","In Hunthar Veng, the kitchen side of H. Lalchhanhima’s house was damaged by a landslide while the road to Kanan Veng was blocked by a landslide. ","Hunthar Veng, Mizoram",1km,landslide,downpour,medium,urban,,,,,,glc,2422,India,IN,Mizoram,20244,Serchhīp,8.59507,04/01/2014 12:00:00 AM,11/20/2017 03:17:00 PM,02/15/2018 03:51:00 PM,92.7141905,23.74182634
New Indian Express,http://www.newindianexpress.com/nation/Landslide-Kills-Three-in-Tripura/2014/08/15/article2381042.ece,6513,08/14/2014 11:00:00 PM,,Sabroom,"A woman and her two children were killed when a landslide buried their house in Tripura, police said here Friday.",Sabroom,5km,mudslide,downpour,medium,unknown,3,0,,,,glc,6513,India,IN,Tripura,6205,Sabrūm,1.52162,12/15/2014 10:50:00 PM,11/20/2017 03:17:00 PM,02/15/2018 03:51:00 PM,91.7174,23.0137
morungexpress,http://www.morungexpress.com/frontpage/53726.html,2248,08/14/2010 12:00:00 AM,,"Noklak-Tuensang road, Nagaland","People cross a portion of the landslide area, along the National Highway 39, below Kohima, on Saturday, August 21, 2010. The calamities which affect the National Highway 39 started from August 7 after continuous heavy rainfall in the hilly state of Nagaland.   Almost all roads in Tuensang district including those connecting the district headquarters have become unpliable for both the Nagaland State Transport (NST) buses and private vehicles. Some of the roads worst hit by landslides and land-sinking are Tuensang-Shamatore road, Noklak-Tuensang road, Kiphire-Tuensang road and Tuensang-Mokokchung road. (Very unclear about the date, anytime between August 7th and August 21st)","Noklak-Tuensang road, Nagaland",25km,landslide,downpour,medium,unknown,0,,,,,glc,2248,India,IN,Nāgāland,33748,Tuensang,10.37545,04/01/2014 12:00:00 AM,11/20/2017 03:17:00 PM,02/15/2018 03:51:00 PM,94.9152,26.222
www.morungexpress.com,http://www.morungexpress.com/local/101605.html,5268,08/04/2013 12:00:00 AM,,"Zunheboto, Nagaland","The Chief Engineer, PHED Er Kevisekho Kruse along with Superintending Engineer, Er Moa Longchar and a host of field officers and staff on August 22 conducted a physical verification of the huge damages of the main pipeline for water supply to Zunheboto town caused by natureÕs fury on August 4. It stated in a press release that the site visit took stock of the whole situation and made a detailed assessment of the materials that can be salvaged and the additional pipes etc that would be required for restoration of the disrupted water supply.  The Chief Engineer observed the damage caused to be most unexpected and first occurrence of such fierce landslides and flood in the area since the commissioning of the water supply scheme in the year 2000. He added that a total of 790 metres of 150 mm dia main pipelines have either being totally damaged or carried downhill, resulting in complete stoppage of water supply to the town. He also stated that steps have been already initiated to restore th","Zunheboto, Nagaland",25km,landslide,continuous_rain,medium,unknown,,,,,,glc,5268,India,IN,Nāgāland,29499,Zunheboto,5.21085,04/01/2014 12:00:00 AM,11/20/2017 03:17:00 PM,02/15/2018 03:51:00 PM,94.5163,26.0137
Two Circles,http://twocircles.net/2014jun27/8_killed_assam_landslides_electrocution.html#.U70ydPldU1L,6106,06/26/2014 11:00:00 PM,,Narakasur,"At least eight people, including three members of a family, were killed here due to landslides and flash floods triggered by incessant rain since Thursday night, officials said Friday. Four persons were killed due to landslides in two places while another four died due to electrocution in four different locations, the officials said. Another person remained missing after he was washed away by the surging waters of the Bharalu river. ""Three members of a family Kanak Barman (45), Pratima Barman (12) and Tulasi Barman (8) lost their lives in a landslide that took place Thursday night in Narakasur area,"" said Rajib Prakash Baruah, deputy commissioner in-charge of Kamrup (Metro) district. He said another woman died in Bamunimaidam area due to landslide. Baruah said Bhaskarjyoti Das (48), Dinesh Das (55), Prafulla Das (46) and Suren Bharali (57) died due to electrocution.",Narakasur,5km,landslide,continuous_rain,small,unknown,3,0,,,,glc,6106,India,IN,Assam,2000,Dispur,3.66283,08/24/2014 12:00:00 AM,11/20/2017 03:17:00 PM,02/15/2018 03:51:00 PM,91.7645,26.1407
e-pao.net,http://e-pao.net/GP.asp?src=Snipp8..080911.sep11,3965,09/06/2011 08:00:00 AM,,NH 37 at Awang Khul ,A massive landslide along the NH 37 at Awang Khul has cut off Imphal and Jiribam,NH 37 at Awang Khul ,1km,landslide,rain,medium,unknown,3,,,,,glc,3965,India,IN,Assam,12871,Lakhipur,11.03875,04/01/2014 12:00:00 AM,11/20/2017 03:17:00 PM,02/15/2018 03:51:00 PM,93.117,24.808
The Shillong Times,http://www.theshillongtimes.com/2015/06/17/entire-family-among-5-dead-in-tura-landslides/,6969,06/16/2015 06:15:00 AM,,"Nakham Bazaar, Tura, Meghalaya",Huge tons of mud and boulders came crashing down from the above cliffs completely destroying the home.,"Nakham Bazaar, Tura, Meghalaya",1km,landslide,downpour,medium,urban,4,0,,,,glc,6969,India,IN,Meghalaya,63645,Tura,1.30159,06/25/2015 08:11:00 PM,11/20/2017 03:17:00 PM,02/15/2018 03:51:00 PM,90.215,25.5114
morungexpress,http://www.morungexpress.com/local/51540.html,2044,07/06/2010 12:00:00 AM,,"Kiphire,  Nagaland","Dimapur| July 12  : Yet another monsoon season in Nagaland and one has to batter bad roads.    This year’s monsoon has been the worse by far.  Most interior villagers of Mon, Tuensang and Kiphire are cut out from the rest of the state. With good roads beyond their dreams even on dry days, rainy days are a nightmare for the people. Journey to places like Mimi in Kiphire, Pangsha in Tuensang and parts of Mon and Peren can be made only on four wheel drive vehicles or on foot. Mud slides are common in almost all the highways leading to district headquarters. Exploitation of natural resources like boulders and deforestation is causing more landslides than before. The use of roads by all size vehicles has spoilt most of the soiled roads making it difficult for smaller vehicles to ply. ","Kiphire,  Nagaland",5km,mudslide,monsoon,medium,unknown,0,,,,,glc,2044,India,IN,Nāgāland,29499,Zunheboto,28.37402,04/01/2014 12:00:00 AM,11/20/2017 03:17:00 PM,02/15/2018 03:51:00 PM,94.7861,25.8877
morungexpress,http://www.morungexpress.com/local/56264.html,2587,10/10/2010 06:00:00 AM,,"Lower Chandmari area, PWD department, Kohima, Manipur","Today, a government quarter belonging to PWD department and three private houses in Lower Chandmari area, Kohima started to sink around 6 am. Informing the media, a concerned citizen, Temjentiba, stated “I want to make the concerned authority aware of the damage and arrange necessary measures to help the effected victims who are like you and me. As a responsible citizen I’m sharing this with the rest of the people.” It was estimated that altogether, four houses were completely sunk and damages estimated to be worth 40 to 50 lakhs of rupees.","Lower Chandmari area, PWD department, Kohima, Manipur",1km,landslide,downpour,medium,unknown,0,,,,,glc,2587,India,IN,Nāgāland,92113,Kohima,1.4225,04/01/2014 12:00:00 AM,11/20/2017 03:17:00 PM,02/15/2018 03:51:00 PM,94.1072,25.6623
Hindustan Times,http://www.hindustantimes.com/india-news/two-killed-due-to-landslide-in-assam/story-iWPiQmWinCDc8gZotcTmFM.html,8684,07/07/2016 12:00:00 AM,,"Kamrup district, Assam, India","Two persons including a minor were killed and two others injured on Thursday due to a landslide in Assam’s Kamrup district.           Police said the incident took place at 11 Mile Area under Sonapur police station in the district. “A guard wall caved in on the house of Bishal Sharma due to landslide triggered by incessant rains since last night,” police said adding that while Bishal Sharma and his daughter Nanu Sharma (13) were killed on the spot, his wife Radha Sharma and another daughter Puja Sharma were injured during the incident.","Kamrup district, Assam, India",50km,landslide,continuous_rain,medium,retaining_wall,2,2,,,,glc,8684,India,IN,Assam,4713,Palāsbāri,24.91092,07/07/2016 08:34:00 PM,11/20/2017 03:17:00 PM,02/15/2018 03:51:00 PM,91.3681,25.9611
news.oneindia,http://news.oneindia.in/2010/03/29/rainsstorm-cause-havoc-inmanipur.html,1596,03/27/2010 08:00:00 PM,,"LangthAbal Khoupum, Imphal, Manipur","Pre-monsoon rains and a heavy storm  have created havoc in Manipur state.  Sudden sporadic downpours accompanied by heavy storm, which struck late on Saturday (March 27), left a trail of mass destruction in both the valley and hilly areas, as several rooftops were blown away and houses collapsed. Several houses along Mayai Lambi, in the vicinity of Loktak Lake, are reported to have been either blown away, or damaged.  One house at LangthAbal Khoupum in Imphal has been completely damaged due to landslide.  No loss of human lives has been reported from anywhere in the State.  Locals are helping rescuers to help restore the damaged buildings.  ""At that time, those who woke up early morning, including my mother, survived the landslide. But two persons who were sleeping at that time were buried. So, all the villagers joined hands and rescued the two from the debris. No loss of lives was there but some have sustained injuries,"" said Thawaijao Kamei, a local resident, on Monday (March 29). ","LangthAbal Khoupum, Imphal, Manipur",5km,mudslide,downpour,medium,unknown,0,,,,,glc,1596,India,IN,Manipur,223523,Imphal,8.69174,04/01/2014 12:00:00 AM,11/20/2017 03:17:00 PM,02/15/2018 03:51:00 PM,93.9161,24.7339
assamtribune,http://www.assamtribune.com/scripts/detailsnew.asp?id=apr2110/at06,1771,04/20/2010 12:00:00 AM,,"Raj Bhavan Guwahati, Assam","GUWAHATI, April 20 – Civic woes of Guwahatians is continuing to unfold its murkier side with incessant downpour today forcing district administration to engage National Disaster Response Force (NDRF) to facilitate movement of residents of low-lying areas at the heart of the capital city.   The incessant rains also led to landslide in the hilly areas of the city, including at Kharghuli hillside and the hills adjoining the Raj Bhavan. ","Raj Bhavan Guwahati, Assam",exact,landslide,downpour,medium,unknown,0,,,,,glc,1771,India,IN,Assam,899094,Guwahati,2.54658,04/01/2014 12:00:00 AM,11/20/2017 03:17:00 PM,02/15/2018 03:51:00 PM,91.7665,26.1978
E-PAO,http://e-pao.net/GP.asp?src=22..010815.aug15,7364,07/31/2015 09:00:00 AM,,Phungyar road,Massive landslide along the Phungyar road under Ukhrul District cut off Phungya Sub-Division from the rest the state on Friday.,Phungyar road,10km,landslide,continuous_rain,medium,below_road,0,0,,http://www.e-pao.org/galleries/images/News_Related/2015/08/Landslide_20150801.jpg,,glc,7364,India,IN,Manipur,8797,Yairipok,34.80209,11/03/2015 07:37:00 PM,11/20/2017 03:17:00 PM,02/15/2018 03:51:00 PM,94.3551,24.819
newKarala,http://www.newkerala.com/news/2015/fullnews-73439.html,6968,06/13/2015 12:00:00 AM,,"Ratacherra village along the NH-44 connecting to Barak Valley in Assam and Tripura, Meghalaya, Mizoramon",At least four people including three women were killed and two others injured in landslide following heavy rainfall…when a tea shop was buried,"Ratacherra village along the NH-44 connecting to Barak Valley in Assam and Tripura, Meghalaya, Mizoramon",5km,landslide,continuous_rain,medium,unknown,4,2,,,,glc,6968,India,IN,Meghalaya,132842,Shillong,35.09387,06/25/2015 08:05:00 PM,11/20/2017 03:17:00 PM,02/15/2018 03:51:00 PM,92.2121,25.463
E-PAO,http://e-pao.net/GP.asp?src=22..020815.aug15,7373,08/01/2015 12:00:00 AM,,between Maku village and Kamjong sub division,"Meanwhile, Kamjong- Ukhrul BRTF road connecting 30 villages under Kamjong block has remained cut off for the past three days following heavy landslides at various locations in between Maku village and Kamjong sub division spanning a stretch of abour 9 kilometres.",between Maku village and Kamjong sub division,10km,landslide,continuous_rain,medium,above_road,,,,,,glc,7373,India,IN,Manipur,8797,Yairipok,50.42405,11/21/2015 01:43:00 AM,11/20/2017 03:17:00 PM,02/15/2018 03:51:00 PM,94.4759,24.9111
articles.timesofindia,http://articles.timesofindia.indiatimes.com/2012-09-19/guwahati/33951873_1_landslides-road-communication-water-tank,4570,09/19/2012 12:00:00 AM,, Arunachal Pradesh ,"Landslides blocked the main road culvert (PWD) near the beat office causing soil erosion from lower portion of the compound. Beat officer Bapak Koyu said if such rain continues, government quarters and office buildings may get washed away. He added that the staff, along with office files and documents, have been shifted to a safe place for the time being. Stating that the matter has been intimated to the higher authorities, Koyu urged for hiring one JCB immediately to divert the nullah passing through the forest compound.", Arunachal Pradesh ,1km,landslide,downpour,medium,unknown,,,,,,glc,4570,India,IN,Arunāchal Pradesh,25581,Pāsighāt,26.39832,04/01/2014 12:00:00 AM,11/20/2017 03:17:00 PM,02/15/2018 03:51:00 PM,95.2253,27.8458
Telegraph India,http://www.telegraphindia.com/1100605/jsp/northeast/story_12529386.jsp,1935,06/03/2010 12:00:00 AM,,"atharamura hills, Highway 44, Tripura","Heavy rainfall across Tripura with the onset of monsoon has created serious transportation problems, intensified by landslides along National Highway 44, and disruption of power supply.  The monsoon hit the state on Wednesday, nearly a week early, and till today 69mm rainfall has been recorded by the Met office. The road connectivity has also been adversely affected by frequent landslides caused by rain along NH44 and other important link roads within the state. Yesterday, massive landslides in the Atharomura hill range on the national highway held up traffic for more than six hours. ","atharamura hills, Highway 44, Tripura",5km,landslide,downpour,medium,unknown,0,,,,,glc,1935,India,IN,Tripura,6373,Āmbāsa,10.47164,04/01/2014 12:00:00 AM,11/20/2017 03:17:00 PM,02/15/2018 03:51:00 PM,91.7599,23.8986
e-pao,http://www.e-pao.net/GP.asp?src=5..101010.oct10,2577,10/09/2010 12:00:00 AM,,"NH-39 near Khongnem(?) village, between Imphal and Dimapur, Manipur",Landslide has also been reported at a spot near Khongnem village while there are at least three landslides at Karong area.,"NH-39 near Khongnem(?) village, between Imphal and Dimapur, Manipur",50km,landslide,downpour,medium,unknown,0,,,,,glc,2577,India,IN,Nāgāland,92113,Kohima,29.47352,04/01/2014 12:00:00 AM,11/20/2017 03:17:00 PM,02/15/2018 03:51:00 PM,93.8673,25.5265
ASSAM Talks,http://www.assamtalks.com/2-killed-in-jorabat-landslide.html,7276,07/25/2015 09:00:00 AM,,"Dispur : According to report, a huge hillock slipped into the house after heavy rain where Dinesh Bodo along with his wife and daughter lived in. Thi*","According to report, a huge hillock slipped into the house after heavy rain where Dinesh Bodo along with his wife and daughter lived in. This incident occurred at Tamulkuchi village of Jorabat.  Bodo’s wife Bharati Bodo and his daughter were died and other more houses got damaged",,5km,landslide,continuous_rain,medium,natural_slope,2,0,,,,glc,7276,India,IN,Assam,2000,Dispur,7.81437,07/27/2015 02:01:00 PM,11/20/2017 03:17:00 PM,02/15/2018 03:51:00 PM,91.8717,26.1062
e-pao,http://www.e-pao.net/GP.asp?src=5..101010.oct10,2576,10/09/2010 12:00:00 AM,,"NH-39 at Tobio village(?), 7 km form Tadubi, Manipur","Owing to landslides, triggered by incessant rainfall, at various points along the National highway vehicular movement on the ImphalDimapur section has come to a grinding halt today.  An informed source said that a massive landslide had washed away substantial portion of the highway at Tobio village, which is about 7 kilometres from Tadubi.  Even though there are reports about clearance of the debris and repairing of the road link at about 4.30 pm today heavy vehicle ceased plying on the route for the day.","NH-39 at Tobio village(?), 7 km form Tadubi, Manipur",10km,landslide,downpour,medium,unknown,0,,,,,glc,2576,India,IN,Nāgāland,92113,Kohima,21.89269,04/01/2014 12:00:00 AM,11/20/2017 03:17:00 PM,02/15/2018 03:51:00 PM,94.1399,25.4788
TIMES OF INDIA,http://timesofindia.indiatimes.com/city/guwahati/Landslide-deluge-kill-7-in-Meghalayas-Garo-Hills/articleshow/43174646.cms,6293,10/20/2014 12:00:00 AM,,South West Garo Hills,Deputy commissioner of South West Garo Hills district Ram Singh said six people were killed by a landslide and one was swept away by floodwaters.,South West Garo Hills,50km,landslide,rain,medium,unknown,6,0,,,,glc,6293,India,IN,Meghalaya,63645,Tura,11.43798,10/21/2014 08:00:00 PM,11/20/2017 03:17:00 PM,02/15/2018 03:51:00 PM,90.0896,25.5006
articles.timesofindia.indiatimes.com,http://articles.timesofindia.indiatimes.com/2013-05-12/guwahati/39203561_1_artificial-floods-guwahati-municipal-corporation-gs-road,4858,05/11/2013 09:00:00 AM,,"Nursery, North Guwahati, Guwahati, Assam,","Landslides occurred in the Nursery area and Maligaon in Nilachal Hills, Sarania Hills and Boragaon on Saturday, alarming hill residents, whose number has crossed two lakh in Guwahati, said sources. Junu Chakraborty (50) was injured in the Nursery area after a wall of her house collapsed on Saturday morning. However, she is out of danger. There are no reports of injury from other parts of the city. A family miraculously escaped unhurt when earth fell on their house in the Sarania Hills.","Nursery, North Guwahati, Guwahati, Assam,",50km,landslide,rain,medium,unknown,,,,,,glc,4858,India,IN,Assam,17516,North Guwāhāti,3.52578,04/01/2014 12:00:00 AM,11/20/2017 03:17:00 PM,02/15/2018 03:51:00 PM,91.7138,26.1662
www.nagalandpost.com,http://www.nagalandpost.com/ChannelNews/State/StateNews.aspx?news=TkVXUzEwMDA0MjY4Nw%3D%3D-bSp8jh3okxw%3D,5269,08/04/2013 12:00:00 AM,,"Tizu, Nagaland","Incessant torrential rain, which began Sunday at around 11.30 p.m. has completely cut off Suruhuto town from the rest of the state. In a press release, NGZPMC joint secretary Hotoshe Sema said all three links connecting Zunheboto, Mokokchung and Tuensang have been cut off. Road to Zunheboto has been  blocked in 5-6 places and Mokokchung road has been blocked in two places near Zhekuto and Longsa. The valleys of Nanga (Dikhu), Phizo and Tizu, known as rice bowls of Suruhuto Area has been damaged by floods and landslides. Many terrace fields and canals have been washed away by flood. A team of Nanga (Dikhu) Greener Zone Project Management Committee (NGZPMC) who were on GPS mapping of Community Conserved Area (CCA) has been stranded at Nanga valley owing to flood. Log bridges connecting Phuye New/Old and Suruhuto/Surumi/Aichi Saghemi villages have been washed away. Travelers from Tuensang to Kohima/Dimapur via Suruhuto-Coco shortcut road have been requested to take the via Mokokchung rout","Tizu, Nagaland",unknown,landslide,continuous_rain,medium,unknown,,,,,,glc,5269,India,IN,Nāgāland,29499,Zunheboto,14.31476,04/01/2014 12:00:00 AM,11/20/2017 03:17:00 PM,02/15/2018 03:51:00 PM,94.5234,25.8376
www.nagalandpost.com,http://www.nagalandpost.com/ChannelNews/State/StateNews.aspx?news=TkVXUzEwMDA0MjY4Nw%3D%3D-bSp8jh3okxw%3D,5270,08/04/2013 12:00:00 AM,,"Phizo, Nagaland","Incessant torrential rain, which began Sunday at around 11.30 p.m. has completely cut off Suruhuto town from the rest of the state. In a press release, NGZPMC joint secretary Hotoshe Sema said all three links connecting Zunheboto, Mokokchung and Tuensang have been cut off. Road to Zunheboto has been  blocked in 5-6 places and Mokokchung road has been blocked in two places near Zhekuto and Longsa. The valleys of Nanga (Dikhu), Phizo and Tizu, known as rice bowls of Suruhuto Area has been damaged by floods and landslides. Many terrace fields and canals have been washed away by flood. A team of Nanga (Dikhu) Greener Zone Project Management Committee (NGZPMC) who were on GPS mapping of Community Conserved Area (CCA) has been stranded at Nanga valley owing to flood. Log bridges connecting Phuye New/Old and Suruhuto/Surumi/Aichi Saghemi villages have been washed away. Travelers from Tuensang to Kohima/Dimapur via Suruhuto-Coco shortcut road have been requested to take the via Mokokchung rout","Phizo, Nagaland",unknown,landslide,continuous_rain,medium,unknown,,,,,,glc,5270,India,IN,Nāgāland,29499,Zunheboto,10.5572,04/01/2014 12:00:00 AM,11/20/2017 03:17:00 PM,02/15/2018 03:51:00 PM,94.4619,26.0481
Assam Tribune,http://www.assamtribune.com/scripts/detailsnew.asp?id=sep2414/at051,6284,09/22/2014 12:00:00 AM,,Batahghuli,"Flash flood and landslides continued to cause devastation in Guwahati for the second day today with the death toll due to landslip rising to four. Two persons died in two separate incidents of landslides in Lalmati and Dakhingaon, whereas a woman was injured in another landslide incident at Batahghuli.",Batahghuli,5km,landslide,rain,small,unknown,0,1,,,,glc,6284,India,IN,Assam,2000,Dispur,3.3724,10/21/2014 03:22:00 PM,11/20/2017 03:17:00 PM,02/15/2018 03:51:00 PM,91.8342,26.1324
Nagaland Post,http://nagalandpost.com/ChannelNews/State/StateNews.aspx?news=TkVXUzEwMDEwMDI0Mw%3D%3D,9251,07/28/2016 11:00:00 PM,,"Government Middle School (GMS) Kiphire station “B”, Kiphire, Nagaland, India","Owing to heavy downpour in Kiphire, a retaining wall and water tank collapsed and destroyed the classrooms of Government Middle School (GMS) Kiphire station “B” on the night of July 28. According to the head teacher GMS Kiphire station “B” Lisecho Sangtam, class 6 and 7 classrooms have been completely damaged for which classes could not be held.  Sangtam has also informed that until the building was renovated classes would not resume. He also appealed the school education department to urgently look into the matter as students cannot attend schools if necessary action was not taken. Meanwhile, district administration and School education department Kiphire visited the school.","Government Middle School (GMS) Kiphire station “B”, Kiphire, Nagaland, India",1km,landslide,downpour,medium,retaining_wall,0,0,,http://www.nagalandpost.com/cms/newsimages/EJPFZHFCZPOBDIMBOOTY_resize.jpg,,glc,9251,India,IN,Nagaland,29499,Zunheboto,28.86795,08/01/2016 02:44:00 PM,11/20/2017 03:17:00 PM,02/15/2018 03:51:00 PM,94.7844,25.8702
Web India 123,http://news.webindia123.com/news/Articles/India/20150819/2663754.html,7699,08/19/2015 12:00:00 AM,,Zunheboto district,"Sources said in Zunheboto district the rainfall had caused several landslides damaging scores of houses, roads, bridges, cultivation areas and paddy/terrace fields.",Zunheboto district,50km,landslide,continuous_rain,medium,unknown,0,0,,,,glc,7699,India,IN,Nagaland,29499,Zunheboto,2.73624,05/10/2016 07:57:00 PM,11/20/2017 03:17:00 PM,02/15/2018 03:51:00 PM,94.5224,26.0214
E-PAO,http://e-pao.net/GP.asp?src=26..120815.aug15,7664,08/11/2015 12:00:00 AM,,Nungba,"In a press statement, ZB-AMN General Secretary Dr Gairiangmei Maringmei said due to recent incessant rain, several areas of the Zeliangrong region have experienced landslides.",Nungba,10km,landslide,continuous_rain,medium,unknown,0,0,,,,glc,7664,India,IN,Manipur,0,Bishnupur,36.47706,04/28/2016 08:48:00 PM,11/20/2017 03:17:00 PM,02/15/2018 03:51:00 PM,93.4251,24.7459
International Business Times,http://www.ibtimes.co.in/meghalaya-massive-landslide-east-jaintia-hills-flash-floods-shillong-hit-normal-life-643439,7589,08/19/2015 12:00:00 AM,,National Highway 44,"The landslide disrupted traffic on National Highway 44, which connects Assam, Mizoram and Tripura.",National Highway 44,25km,landslide,rain,medium,above_road,0,0,,,,glc,7589,India,IN,Meghalaya,55290,Karīmganj,43.02536,03/24/2016 12:48:00 AM,11/20/2017 03:17:00 PM,02/15/2018 03:51:00 PM,92.3825,25.2568
The Times of India,http://timesofindia.indiatimes.com/city/guwahati/Landslide-cuts-off-Anjaw-district-food-prices-rise/articleshow/48715682.cms,7887,08/16/2015 12:00:00 AM,,Hawai,"The state's Anjaw district remains cut off from the rest of the state after a heavy landslide at Tiding Point, 88 km away from the district headquarters, blocked the road on August 16.",Hawai,50km,landslide,continuous_rain,medium,above_road,0,0,,,,glc,7887,India,IN,Arunachal Pradesh,0,Hawai,12.26381,06/28/2016 08:17:00 PM,11/20/2017 03:17:00 PM,02/15/2018 03:51:00 PM,96.9262,27.8835
Business Standard,http://www.business-standard.com/article/pti-stories/landslides-in-arunachal-district-no-loss-of-life-116050200846_1.html,9404,05/01/2016 12:00:00 AM,,"Hayuliang, Anjaw district,Arunachal Pradesh, India",Landslide triggered by heavy rains have cut off road communication to Hayuliang in remote Anjaw district of Arunachal Pradesh but there was no report of any loss of life.   Heavy rains have lashed Anjaw for the past 26 days and official sources said Hayuliang has remained cut off since yesterday.,"Hayuliang, Anjaw district,Arunachal Pradesh, India",1km,landslide,downpour,medium,above_road,0,0,,,,glc,9404,India,IN,Arunachal Pradesh,1834,Hayuliang,1.5198,08/03/2016 08:34:00 PM,11/20/2017 03:17:00 PM,02/15/2018 03:51:00 PM,96.5316,28.0822
Assam Tribune,http://www.assamtribune.com/scripts/detailsnew.asp?id=sep2414/at051,6287,09/22/2014 12:00:00 AM,,Dhirenpara,"On the other hand, several incidents of landslides were reported from Dhirenpara, Koinadhara, Gorhchuk, Noonmati and Pamohi.",Dhirenpara,5km,landslide,rain,small,unknown,0,0,,,,glc,6287,India,IN,Assam,899094,Guwahati,7.29559,10/21/2014 03:33:00 PM,11/20/2017 03:17:00 PM,02/15/2018 03:51:00 PM,91.7056,26.1295
e-pao,http://www.e-pao.net/GP.asp?src=21..210810.aug10,2304,08/21/2010 06:00:00 PM,,"NH 39 at Kigwema(?), between Mao Gate and Kohima, Nagaland","Kohima, August 22 2010: Fresh landslide has occurred between Mao Gate and Kohima on Saturday evening.  The landslide occurred near Kigwema but the authorities are clearing it on war-footing.","NH 39 at Kigwema(?), between Mao Gate and Kohima, Nagaland",10km,landslide,downpour,medium,unknown,0,,,,,glc,2304,India,IN,Nāgāland,92113,Kohima,11.44167,04/01/2014 12:00:00 AM,11/20/2017 03:17:00 PM,02/15/2018 03:51:00 PM,94.1211,25.5718
www.nagalandpost.com,http://www.nagalandpost.com/ChannelNews/State/StateNews.aspx?news=TkVXUzEwMDA0MjY4Nw%3D%3D-bSp8jh3okxw%3D,5273,08/04/2013 12:00:00 AM,,"Zhekuto, Nagaland","Incessant torrential rain, which began Sunday at around 11.30 p.m. has completely cut off Suruhuto town from the rest of the state. In a press release, NGZPMC joint secretary Hotoshe Sema said all three links connecting Zunheboto, Mokokchung and Tuensang have been cut off. Road to Zunheboto has been  blocked in 5-6 places and Mokokchung road has been blocked in two places near Zhekuto and Longsa. The valleys of Nanga (Dikhu), Phizo and Tizu, known as rice bowls of Suruhuto Area has been damaged by floods and landslides. Many terrace fields and canals have been washed away by flood. A team of Nanga (Dikhu) Greener Zone Project Management Committee (NGZPMC) who were on GPS mapping of Community Conserved Area (CCA) has been stranded at Nanga valley owing to flood. Log bridges connecting Phuye New/Old and Suruhuto/Surumi/Aichi Saghemi villages have been washed away. Travelers from Tuensang to Kohima/Dimapur via Suruhuto-Coco shortcut road have been requested to take the via Mokokchung rout","Zhekuto, Nagaland",5km,landslide,monsoon,medium,unknown,,,,,,glc,5273,India,IN,Nāgāland,34021,Mokokchūng,16.2695,04/01/2014 12:00:00 AM,11/20/2017 03:17:00 PM,02/15/2018 03:51:00 PM,94.5497,26.1807
Indian Express,http://indianexpress.com/article/india/india-news-india/separate-landslides-kill-two-in-assam-2913748/,8995,07/14/2016 12:00:00 AM,,"Noonmati Nijarapar area of the city, Guwahati, Assam, India","Trigger is most likely monsoon since this incident occurred during monsoon season.Two persons, including a girl, were killed in landslides in Assam on Thursday. In Noonmati Nijarapar area of the city, a class IV girl student was buried in another landslide which came crashing on her house.","Noonmati Nijarapar area of the city, Guwahati, Assam, India",5km,landslide,monsoon,small,unknown,1,0,,,,glc,8995,India,IN,Assam,899094,Guwahati,6.2948,07/18/2016 01:24:00 PM,11/20/2017 03:17:00 PM,02/15/2018 03:51:00 PM,91.8074,26.1963
morungexpress,http://www.morungexpress.com/local/56264.html,2567,10/08/2010 12:00:00 AM,,"Phek, Manipur","Also in Phek, due to incessant rains over the last few weeks apart from the paddy fields, landslides/mudslides occurred at different places of the district head quarter town leading to the damage of houses and properties of the denizens. Several parts of the town face dangerous apprehensions if the rains continue in the same manner. The natural calamity scheme which prove futile to the genuine applicants for the last few years reminds the public leaders of the aggrieved farmers. ","Phek, Manipur",5km,complex,downpour,medium,unknown,0,,,,,glc,2567,India,IN,Manipur,15118,Phek,3.00511,04/01/2014 12:00:00 AM,11/20/2017 03:17:00 PM,02/15/2018 03:51:00 PM,94.4703,25.6633
Assam Tribune,http://www.assamtribune.com/scripts/detailsnew.asp?id=sep2414/at051,6285,09/22/2014 12:00:00 AM,,VIP Road,A portion of VIP Road was blocked due to landslide,VIP Road,5km,landslide,rain,small,above_road,0,0,,,,glc,6285,India,IN,Assam,2000,Dispur,3.10164,10/21/2014 03:25:00 PM,11/20/2017 03:17:00 PM,02/15/2018 03:51:00 PM,91.8178,26.159
in.reuters,http://in.reuters.com/article/topNews/idINIndia-36198420081029,868,10/29/2008 12:00:00 AM,,"Kamrup, and Sonitpur, Assam","flooding and landslides, Floods and landslides caused by heavy rains over the last three days have killed at least seven people and displaced thousands more in the northeastern states of India","Kamrup, and Sonitpur, Assam",50km,landslide,downpour,medium,unknown,7,,,,,glc,868,India,IN,Assam,48824,Barpeta,24.35615,04/01/2014 12:00:00 AM,11/20/2017 03:17:00 PM,02/15/2018 03:51:00 PM,91.25,26.3333
www.nagalandpost.com,http://www.nagalandpost.com/ChannelNews/State/StateNews.aspx?news=TkVXUzEwMDA0MDQ4MQ%3D%3D-gEvw8J4DIOI%3D,5005,07/01/2013 12:00:00 AM,,"Walo Ward, Mon Town, Wokha District, Nagaland","Six houses have been damaged by landslide at Walo ward of Mon town. According to an official bulletin, the incident took place on July 1. In order to take note of the situation, the district administration led by deputy commissioner, Mon, Angau I Thou, SDO Civil Mon Sadar, Keyirangding Hgui and DBs visited the affected side and inspected the damaged area on July 2. After interacting with the people, the deputy commissioner announced to release Rs. 5000/- each as an immediate relief to the affected families. ÒIf heavy rain continues, more landslides are likely to occur in the area because there are many cracks in the earth due to unstable soilÓ, added the official bulletin. ","Walo Ward, Mon Town, Wokha District, Nagaland",5km,landslide,downpour,medium,unknown,0,,,,,glc,5005,India,IN,Nāgāland,18742,Mon,3.41152,04/01/2014 12:00:00 AM,11/20/2017 03:17:00 PM,02/15/2018 03:51:00 PM,95.029,26.72
kanglaonline.com,http://kanglaonline.com/2011/07/works-minister-visits-landslide-hit-maram-stretch-of-nh2/,3860,07/29/2011 12:00:00 AM,,"Maram, Manipur","IMPHAL July 29: Several external factors are severely hindering the progress of road repair works being undertaken at the landslide affected area of Maram in Senapati and other developmental works being undertaken along the National Highway, stated works minister K Ranjit after a personal inspection tour of landslide affected area of Maram in Senapati.  Deliberating on the issue faced by the officials and personnel working at the sites, he told media persons accompanying hin that there have been several reported incidents of monetary demands on the officials made by anti-social individuals besides threatening and afflicting physical harms to the labourers working at the Maram landslide area.  Further elaborating, minister K Ranjit stated that the Border Road Organization has been controlling the renovation and repairing of the 27 kms long stretch from Mao to Maram in Senapati for the past 40 years, however considering the failure of the BRO to maintained the highway which is also the m","Maram, Manipur",10km,landslide,rain,medium,unknown,0,,,,,glc,3860,India,IN,Nāgāland,92113,Kohima,28.30317,04/01/2014 12:00:00 AM,11/20/2017 03:17:00 PM,02/15/2018 03:51:00 PM,94.108,25.4192
prokerala,http://www.prokerala.com/news/articles/a75292.html,1127,08/27/2009 12:00:00 AM,,between Mahur and Phaiding railway stations on Barail hills (Mahur and Barail hills located),"The landslides, triggered by torrential rains, took place between Mahur and Phaiding railway stations. The landslides and rock slips damaged the tracks extensively. A 100-metre stretch of track between Mahur and Phaiding had gone under the mud and soil that came down the Barail hills.",between Mahur and Phaiding railway stations on Barail hills (Mahur and Barail hills located),10km,landslide,downpour,medium,unknown,,,,,,glc,1127,India,IN,Assam,7176,Mahur,1.57696,04/01/2014 12:00:00 AM,11/20/2017 03:17:00 PM,02/15/2018 03:51:00 PM,93.123,25.1718
www.indiatvnews.com,http://www.indiatvnews.com/news/india/people-in-manipur-evacuate-due-to-landslides-volcanic-eruption-fear-baseless-29544.html,5603,10/13/2013 07:30:00 PM,,"Tusom, Manipur",Heavy rains have been lashing Tusom village of Ukhrul in Manipur for the past three days which resulted in a massive landslide here. Ukhrul district of Manipur lies close to the Indo-Myanmar border. Villagers immediately evacuated the area fearing volcanic eruptions after the massive landslide here. The mudslide was followed by eruption of black soil from a village hill by which the road linked between the districts headquarter and Tusom have been badly affected. Though this disaster took place on October 13 but it took several days for the villagers to inform the officials. A media team took two days to reach the spot due to disturbed connectivity between local areas. Some local media even wrongly reported the mudslide as volcanic eruptions.,"Tusom, Manipur",5km,mudslide,downpour,medium,unknown,0,,,,,glc,5603,India,IN,Manipur,15118,Phek,28.57853,04/01/2014 12:00:00 AM,11/20/2017 03:17:00 PM,02/15/2018 03:51:00 PM,94.6024,25.426
morungexpress,http://www.morungexpress.com/local/51540.html,2042,07/06/2010 12:00:00 AM,,"Zunheboto, Nagaland","Dimapur| July 12  : Yet another monsoon season in Nagaland and one has to batter bad roads.    This year’s monsoon has been the worse by far.  The scenario is no different inside the towns. A glimpse is all you need to notice the neglected state of roads in Zunheboto town. A fast growing town with increasing migration, the condition of roads in Zunheboto town is in total despair. The town wears the look of potholes, poor drainage system and shabby road repairs. With monsoon, the roads are a mess and there is not a patch of good road to spare in the main town. ","Zunheboto, Nagaland",5km,mudslide,monsoon,medium,unknown,0,,,,,glc,2042,India,IN,Nāgāland,29499,Zunheboto,4.77695,04/01/2014 12:00:00 AM,11/20/2017 03:17:00 PM,02/15/2018 03:51:00 PM,94.5238,26.0093
ibnlive.in.com,http://ibnlive.in.com/news/massive-landslide-in-arunachal-due-to-rainfall-2-districts-remain-cut-off/420409-3-229.html,5442,09/02/2013 12:00:00 AM,,Arunachal Pradesh,"With improvement in the weather, the water level of major rivers in Eastern Arunachal showed a receding trend even as West and Upper Siang districts in the state remained cut off due to massive landslides triggered by torrential rain. Chief Minister Nabam Tuki on Saturday undertook an aerial survey of the affected areas accompanied by Chief Secretary Hari Krishna and Secretary, Disaster Management, Kapa Kholie, officials said on Sunday. Reports had poured in of the Noa Dihing River rising over danger level and inundating portions of Dumpani and four other villages under Diyun circle in Changlang district. At least 13,246 people of eleven villages have been affected by the current wave of flood. Landing at Diyun, Tuki took first hand report of the situation from local Legislator C C Singpho and officials of the district administration, sources said. The swollen river has triggered landslides in at least seven villages while about 85 hectares have been submerged in five villages, they sa",Arunachal Pradesh,unknown,landslide,downpour,large,unknown,,,,,,glc,5442,India,IN,Arunāchal Pradesh,26912,Naharlagun,8.47346,04/01/2014 12:00:00 AM,11/20/2017 03:17:00 PM,02/15/2018 03:51:00 PM,93.7525,27.1614
Assam Times,http://www.assamtimes.org/node/14780,7933,09/01/2015 12:00:00 AM,,Maligaon,"The incessant rains that lashed Guwahati and its adjoining areas are likely to result in landslide soon. Local residents in Amingaon, Thirteenth Mile, Nineth Mile, Maligaon areas fear the tragic rerun of landslide incidents in near future. The district administration has yet to keep the denizens on alert in view of the incessant rains to be followed by massive landslide. Notably, a woman and her 2 year old daughter died a tragic death when a huge rock slipped into the hut where they were sleeping in Amingaon area on Tuesday wee hours.",Maligaon,1km,rock_fall,rain,medium,unknown,2,0,,,,glc,7933,India,IN,Assam,17516,North Guwāhāti,4.7809,06/30/2016 01:12:00 PM,11/20/2017 03:17:00 PM,02/15/2018 03:51:00 PM,91.6739,26.1868
Morung Express,https://web.archive.org/web/20110627132314/http://www.morungexpress.com/regional/67365.html,3637,06/21/2011 12:00:00 AM,,"Lasumi village in Phek district, Kohima","June 24 : A major landslide damaged a residential building including paddy fields at Lasumi village in Phek district on June 21 last, destroying properties and crops worth nearly Rs. 16 lakhs. The landslide carried away the whole residential building of Dipelo, G.B, Lasumi village, costing an estimated amount of Rs 4,07,000.   Besides damaging the residential building, about 30 households rice paddy fields where paddy transplantation already been done, also badly affected worth Rs 10,70,000. Meanwhile, the Zuketsa Area Public Organization (ZAPO) expressed its appreciation to the EAC Zuketsa, Police OC Khezhak committee, BDO Pfutsero, entire Lasumi villagers, neighbouring villages for coming forward to extend helping hand to retrieve the properties though it was not possible to rescue or take out anything.  ","Lasumi village in Phek district, Kohima",1km,landslide,rain,medium,deforested_slope,,,,,,glc,3637,India,IN,Nāgāland,92113,Kohima,0.50696,04/01/2014 12:00:00 AM,11/20/2017 03:17:00 PM,02/15/2018 03:51:00 PM,94.2341227,25.51614662
e-pao.net,http://e-pao.net/GP.asp?src=17..250711.jul11,3837,07/24/2011 12:30:00 PM,,NH 37,"Mudslide blocks Imphal-Jiri Road Source: Hueiyen News Service  Imphal, July 24 2011: Apart from vast land agricultural areas of the state submerged under water, the incessant rain in the past few days has began to take its toll to the people of the state which in the most recent has blocked the Imphal-Jiri Highway near Barak River.  The mudslide which block the NH 37 between Barak River and Santi Khunou was occurred today afternoon at around 12.30 pm.  The huge mudslide which covered an area of more than 200 feet has totally blocked the NH 37 from Imphal to Jiri make it impossible for vehicles to ply along the highway.  According to BRTF officials, the clearing works of the mudslide will take at least two or three days depending on the weather condition.  Adding the woe of the BRTF officials in clearing the mudslide area is the incessant rain which still keeps pouring in the area.  In order to avoid any disturbances in the clearing work, BRTF officials appealed to the transporters and ",NH 37,50km,landslide,downpour,medium,unknown,0,,,,,glc,3837,India,IN,Assam,58851,Tezpur,21.03239,04/01/2014 12:00:00 AM,11/20/2017 03:17:00 PM,02/15/2018 03:51:00 PM,93.0038,26.5836
kanglaonline.com,http://www.kanglaonline.com/index.php?template=headline&newsid=39138&typeid=2,220,08/31/2007 12:00:00 AM,,"Velnal village, Tamei sub-division and Toribari village (3 kilometer toward Tamei from Kangpokpi)","multiple events occurring over 3 days, isolated 70 villages along IT roadway","Velnal village, Tamei sub-division and Toribari village (3 kilometer toward Tamei from Kangpokpi)",25km,landslide,rain,medium,unknown,,,,,,glc,220,India,IN,Manipur,223523,Imphal,36.09995,04/01/2014 12:00:00 AM,11/20/2017 03:17:00 PM,02/15/2018 03:51:00 PM,93.9667,25.1333
Newspost India.com,http://newspostindia.com/report-12963,212,08/26/2007 12:00:00 AM,,National Highway No 44 at Sonarpur in Meghalaya,"blocked road for several days, 2 days continuous rain, event occurred at 3:30pm",National Highway No 44 at Sonarpur in Meghalaya,unknown,complex,rain,medium,unknown,,,,,,glc,212,India,IN,Meghālaya,132842,Shillong,3.50078,04/01/2014 12:00:00 AM,11/20/2017 03:17:00 PM,02/15/2018 03:51:00 PM,91.8506,25.5576
E-PAO,http://e-pao.net/GP.asp?src=22..020815.aug15,7372,07/31/2015 11:00:00 PM,,Naga Gate along the Ukhrul-Imphal route,"Reports reaching here have said that massive landslides that occurred last night at several points like New Haven, Finch Corner, Nungshang Kong and Naga Gate along the Ukhrul-Imphal route have brought vehicular movements to a standstill since early morning on Saturday.",Naga Gate along the Ukhrul-Imphal route,10km,mudslide,continuous_rain,medium,above_road,0,0,,http://www.e-pao.org/galleries/images/News_Related/2015/08/Ukhrul_20150802.jpg,,glc,7372,India,IN,Manipur,223523,Imphal,49.09866,11/21/2015 01:34:00 AM,11/20/2017 03:17:00 PM,02/15/2018 03:51:00 PM,94.3415,25.0634
e-pao.net,http://e-pao.net/GP.asp?src=6..111010.oct10,2570,10/08/2010 12:00:00 AM,,"Tharon(?) and Langol Tarung villages, Thangmeiband constituency, Imphal, Manipur","On the other hand, landslides that occurred along the Langol foothill range following incessant rainfall during the last few days had affected residents of Tharon and Langol Tarung villages.  A team of Thangmeiband Assembly Constituency Development Forum (TACDF) Tribal Committee visited the affected sites to collect first hand report of the devastation and interacted with the affected families today.  Under the initiative of social worker Jyotin Waikhom, the Committee chairman Ajit Panmei handed over Rs 5000 to Amuba Golmei of Tharon village whose house was damaged by the landslide.  The team also visited the houses of Guanbilung Golmei, Dr Athui Gangmei and Chongpu Kom at Langol Tarung village, which have been partially damaged.","Tharon(?) and Langol Tarung villages, Thangmeiband constituency, Imphal, Manipur",5km,landslide,downpour,medium,unknown,0,,,,,glc,2570,India,IN,Manipur,223523,Imphal,4.5122,04/01/2014 12:00:00 AM,11/20/2017 03:17:00 PM,02/15/2018 03:51:00 PM,93.9128,24.837
ibnlive.in,http://ibnlive.in.com/generalnewsfeed/news/three-killed-in-landslides/758753.html,3806,07/19/2011 12:00:00 AM,,"Itanagar (one near Pachali power house, one near Heema Hospital, and one nearRomik Colony at P Sector)","Three killed in landslides PTI | 02:07 PM,Jul 19,2011  Itanagar, July 19 (PTI) Three persons including two minors were buried alive, while several others were seriously injured this morning when massive landslides triggered by torrential rain washed away several dwellings in and around the state capital, police sources said. A three-year-old girl died when landslide hit her house near Pachali power house while a 4 year boy died when his house caved in near Heema Hospital and one person was buried alive at Romik Colony at P Sector here this morning, city Superintendent of Police Chuku Appa said. Several injured people were admitted to hospitals here while conditions of a few are stated to be critical, the SP added. Incessant rain during the past couple of days triggered massive landslips today in several points along the NH 52 (A) disrupting surface communication between Itanagar to Banderdewa and Itanagar to Hollongi. The state PWD along with Border Road Task Force (BRTF) cleared all t","Itanagar (one near Pachali power house, one near Heema Hospital, and one nearRomik Colony at P Sector)",10km,landslide,downpour,medium,unknown,3,,,,,glc,3806,India,IN,Arunāchal Pradesh,26912,Naharlagun,0.6921,04/01/2014 12:00:00 AM,11/20/2017 03:17:00 PM,02/15/2018 03:51:00 PM,93.6884,27.1032
neinews,http://www.neinews.com/girl-dies-5-injured-in-city-l2-missing-trucks-trapped-in-borsora.html,2026,06/28/2010 12:00:00 AM,,"Borsorsa(?), West Khasi Hills, Meghalaya","Two missing, trucks under mud: The heavy downpour on Monday also caused heavy landslides at Borsorsa, West Khasi Hills, our Nongstoin Correspondent reports. 12 trucks and ten houses were swallowed by the mud and two persons were found missing. Some of the trucks have been recovered while some others are still trapped in the hill of mud. Authorities said the rescue operation was still on and actual report of the casualties is not yet clear.","Borsorsa(?), West Khasi Hills, Meghalaya",50km,landslide,downpour,medium,unknown,0,,,,,glc,2026,India,IN,Meghālaya,25758,Nongstoin,2.70765,04/01/2014 12:00:00 AM,11/20/2017 03:17:00 PM,02/15/2018 03:51:00 PM,91.2698,25.4916
morungexpress,http://www.morungexpress.com/regional/1615.html,714,08/14/2008 12:00:00 AM,,"Kimin-Ziro road in Papum Pare district, road between Doimukh and Sagalee, Doimukh-Hoj road; Arunachal Pradesh",landslides triggered in various parts of Arunachal Pradesh,"Kimin-Ziro road in Papum Pare district, road between Doimukh and Sagalee, Doimukh-Hoj road; Arunachal Pradesh",50km,landslide,rain,medium,unknown,,,,,,glc,714,India,IN,Assam,59841,North Lakhimpur,13.00939,04/01/2014 12:00:00 AM,11/20/2017 03:17:00 PM,02/15/2018 03:51:00 PM,94,27.163
Assam Times,http://www.assamtimes.org/node/11181,6110,06/27/2014 12:00:00 AM,,"Bhangagarh, Assam","Over 50 people had a narrow escape in Guwahati when 13 houses collapsed in landslide on Saturday. The incident took place in the morning at Kharghuli hilltop where 13 houses were damaged in landslide. The people inside the houses, who were remaining alert, however, managed to escape the tragedy. The incident took place 24 hours after three persons of a family died in landslide in Bhangagarh area.","Bhangagarh, Assam",exact,landslide,rain,small,unknown,3,0,,,,glc,6110,India,IN,Assam,899094,Guwahati,3.44859,08/24/2014 12:00:00 AM,11/20/2017 03:17:00 PM,02/15/2018 03:51:00 PM,91.7697,26.1619
kanglaonline.com,http://www.kanglaonline.com/index.php?template=headline&newsid=39218&typeid=2,247,09/08/2007 12:00:00 AM,,"Lower Shajouba village near Tadubi along NH 39, Manipur ","occurred along NH 39, unsure of exact location","Lower Shajouba village near Tadubi along NH 39, Manipur ",50km,landslide,rain,medium,unknown,,,,,,glc,247,India,IN,Manipur,223523,Imphal,28.2961,04/01/2014 12:00:00 AM,11/20/2017 03:17:00 PM,02/15/2018 03:51:00 PM,93.9877,25.0604
zeenews.india,http://zeenews.india.com/news/assam/road-between-silchar-guwahati-disrupted_781633.html,4407,06/13/2012 12:00:00 AM,,"NH44, Malidhor area,  Baleswar","Road communication between Guwahati and Silchar has been disrupted following landslides due to heavy rainfall at five places, official sources said here on Wednesday.  Landslides occurred at five places between Malidhor and Kuliang area at Baleswar near Meghalaya on NH 44 since last evening due to which vehicles, including night buses, were stranded. ","NH44, Malidhor area,  Baleswar",50km,landslide,downpour,medium,unknown,,,,,,glc,4407,India,IN,Assam,55290,Karīmganj,25.02475,04/01/2014 12:00:00 AM,11/20/2017 03:17:00 PM,02/15/2018 03:51:00 PM,92.3567,25.0951
english.samaylive,http://english.samaylive.com/regional-news/others-news/676490549/flash-floods-in-arunachal-pradesh.html,3789,07/16/2011 12:00:00 AM,,Mebua (8 km from Seppa),"Landslides triggered by torrential rain during the past couple of days have thrown life out of gear in many parts of Arunachal Pradesh disrupting surface communication and water supply.    The Bameng-Chayang Tajo road in East Kameng district has been snapped by flash-floods cutting off both the circles from the rest of the district.        Due to landslides, blockages have been reported at Mebua, some 8 kms off Seppa, the district headquarters.Official sources said today that many small streams in the area have swelled and are dangerously flowing above danger levels and have swept away many culverts along the Bameng -Chayang Tajo road.     Many vehicles from Bameng to Seppa were left stranded at Pachi following the situation.Movement of vehicles on the Seppa- Bameng-Chayang Tajo circuit had to be suspended temporarily, the sources said. ",Mebua (8 km from Seppa),10km,landslide,downpour,medium,unknown,0,,,,,glc,3789,India,IN,Arunāchal Pradesh,7121,Bomdila,47.70679,04/01/2014 12:00:00 AM,11/20/2017 03:17:00 PM,02/15/2018 03:51:00 PM,92.9064,27.2743
Deccan Herald,http://www.deccanherald.com/content/432481/landslide-guwahati-shillong-highway.html,6292,09/23/2014 12:00:00 AM,,Hatsingimari,"A child was killed in a landslide in Dhubri district’s Hatsingimari, while one person was electrocuted in Guwahati where a body floating on river Bharalu was also recovered, state government officials said.",Hatsingimari,5km,landslide,continuous_rain,small,unknown,1,0,,,,glc,6292,India,IN,Assam,31091,Mankāchar,21.45798,10/21/2014 06:01:00 PM,11/20/2017 03:17:00 PM,02/15/2018 03:51:00 PM,89.9032,25.7238
Telegraph India,http://www.telegraphindia.com/1080521/jsp/northeast/story_9297276.jsp,545,05/20/2008 12:00:00 AM,,"A Cachar District village, near village of Srinager, Assam",villagers were cutting soil/earth for a road,"A Cachar District village, near village of Srinager, Assam",50km,mudslide,mining,medium,unknown,5,,,,,glc,545,India,IN,Assam,152393,Silchar,17.99274,09/15/2014 03:47:00 PM,11/20/2017 03:17:00 PM,02/15/2018 03:51:00 PM,92.8411,24.9849
The Sangai Express,http://www.thesangaiexpress.com/page/items/54212/massive-landslide-along-maram-peren-road-downpour-creates-havoc-in-different-parts,7265,07/22/2015 12:00:00 AM,,Willong-Yangkhullen stretch,Torrential rain in the last many days has created havoc in many places of Senapati district.  Reports collected from different areas of the district said that massive landslide along the newly christened National Highway-102/A (Maram Peren road) has totally cut off villages in Willong and Yangkhullen circle.,Willong-Yangkhullen stretch,5km,landslide,continuous_rain,medium,above_road,0,0,,,,glc,7265,India,IN,Manipur,92113,Kohima,23.04185,07/23/2015 04:33:00 PM,11/20/2017 03:17:00 PM,02/15/2018 03:51:00 PM,93.9854,25.5007
mizoramexpress.com,http://mizoramexpress.com/index.php/2010/09/landslide-hits-taithu-village-22-people-escape-death/,2436,09/16/2010 03:00:00 AM,,"Taithu village, Churanchandpur district, Mizoram, Manipur","Sep 16, 2010  Rengkai: Landslide struck Taithu village in Churachandpur district of Manipur at around 3.00 AM on Thursday morning and sources said at least 22 people were inside the two houses that were completely destroyed. The village lies in a landslide-prone area and has witnessed several land slips in the past.  Earlier, sources said that at least 22 people were missing in the disaster. However, by 4.15 AM village elders who took a roll call said: “Luckily, no one was hurt in the incident. But the houses of Pu Remvel and Pu Rama were completely destroyed.”  Later, it was learnt that some of the youths were still awake when the landslide struck and they managed to alert their friends. “All of them somehow jumped out safely…some through the windows…some through the doors,” the source said.","Taithu village, Churanchandpur district, Mizoram, Manipur",5km,landslide,downpour,medium,unknown,0,,,,,glc,2436,India,IN,Mizoram,3962,Darlawn,38.37584,04/01/2014 12:00:00 AM,11/20/2017 03:17:00 PM,02/15/2018 03:51:00 PM,93.125,24.3069
E-PAO,http://e-pao.net/GP.asp?src=11..220815.aug15,7727,08/20/2015 06:00:00 PM,,between Phesama and Kuima in Nagaland,The situation has been worsened as another huge landslide occurred at the same place on Thursday at around 6 pm.,between Phesama and Kuima in Nagaland,5km,landslide,continuous_rain,medium,below_road,0,0,,http://www.nagalandpost.com/cms/newsimages/LCUAQPGXOFWSSAQYOWYK_resize.jpg,,glc,7727,India,IN,Nagaland,92113,Kohima,5.14863,05/27/2016 09:31:00 PM,11/20/2017 03:17:00 PM,02/15/2018 03:51:00 PM,94.1057,25.6263
webindia123,http://news.webindia123.com/news/Articles/India/20150820/2664183.html,7334,08/18/2015 12:00:00 AM,,Arunachal Pradesh,"Tamil Nadu Chief Minister J Jayalalithaa today announced a solatium of Rs ten lakhs to the family of an armyman who died while involved in 'Operation Falcon' in Arunachal Pradesh on August 18. In a statement here, she said she was grieved to hear that armyman Subedar G Annamalai, hailing from Periyapalambakkam village in Vellore district, slipped and fell after evacuating his colleagues during a landslip. She said Annamalal, who was involved in wiring operations when the landslip occurred, rescued all his colleagues, but slipped and fell and suffered head injuries. He died on the spot. Expressing her heartfelt condolences to the bereaved family, Ms Jayalalithaa announced a solatium of Rs ten lakhs to the family.",Arunachal Pradesh,unknown,landslide,unknown,medium,unknown,1,0,,,,glc,7334,India,IN,Arunachal Pradesh,18425,Along,4.04762,08/21/2015 09:58:00 PM,11/20/2017 03:17:00 PM,02/15/2018 03:51:00 PM,94.7596,28.1737
One India News,http://news.oneindia.in/india/flood-landslides-in-arunachal-pradesh-1504142.html,6200,08/17/2014 12:00:00 AM,,Arunachal Pradesh/Itanagar,lat/long  27.086901	93.60861,Arunachal Pradesh/Itanagar,10km,landslide,downpour,large,unknown,0,0,,,,test,6200,India,IN,Arunachal Pradesh,44971,Itānagar,0.12577,09/08/2014 12:58:00 AM,11/20/2017 03:17:00 PM,02/15/2018 03:51:00 PM,93.6086,27.0869
Indian Express,http://indianexpress.com/article/india/india-others/several-houses-swept-away-in-mudslide-in-the-mizoram-town-of-phullen/,7778,08/26/2015 12:00:00 AM,,Phullen’s main road,"At least three houses have been swept away by a mudslide and several others vacated in a north-eastern Mizoram town, an official said Wednesday, the latest in several weather-related incidents that have damaged property and caused hardship in the remote state over the past one week.",Phullen’s main road,10km,mudslide,continuous_rain,medium,above_road,0,0,,,,glc,7778,India,IN,Mizoram,3962,Darlawn,22.71629,06/20/2016 05:38:00 PM,11/20/2017 03:17:00 PM,02/15/2018 03:51:00 PM,93.0514,23.8447
Zee News,http://zeenews.india.com/news/north-east/eight-die-of-landslide-in-east-khasi-hills_1474744.html,6290,09/23/2014 03:00:00 AM,,Mawbah under Mawprem area,"Eight persons including a pregnant woman were buried alive under the debris after a massive landslide occurred in Mawbah under Mawprem area in Meghalaya's East Khasi Hills District, officials said.",Mawbah under Mawprem area,5km,landslide,continuous_rain,small,urban,8,1,,,,glc,6290,India,IN,Meghalaya,132842,Shillong,1.8982,10/21/2014 05:21:00 PM,11/20/2017 03:17:00 PM,02/15/2018 03:51:00 PM,91.8666,25.5772
zeenews.india,http://zeenews.india.com/news/assam/road-between-silchar-guwahati-disrupted_781633.html,4408,06/13/2012 12:00:00 AM,,"NH44, Kuliang","Road communication between Guwahati and Silchar has been disrupted following landslides due to heavy rainfall at five places, official sources said here on Wednesday.  Landslides occurred at five places between Malidhor and Kuliang area at Baleswar near Meghalaya on NH 44 since last evening due to which vehicles, including night buses, were stranded. ","NH44, Kuliang",unknown,landslide,downpour,medium,unknown,,,,,,glc,4408,India,IN,Meghālaya,132842,Shillong,19.46712,04/01/2014 12:00:00 AM,11/20/2017 03:17:00 PM,02/15/2018 03:51:00 PM,92.0757,25.5498
thehindu,http://www.thehindu.com/news/national/article3537166.ece,4403,06/10/2012 12:00:00 AM,,"Imphal-Jiribam section of NH-37 , Manipur","Normal vehicular movement along Imphal-Jiribam section of NH-37 (former NH-53) has been disturbed Friday due to landslides at various places along the stretch of the highway in Tamenglong district.  Heavy rains in Tamenglong district of the state in the last few days has caused landslides last night, authorities said, adding that BRTF have pressed their workers to open the highway at the earliest.","Imphal-Jiribam section of NH-37 , Manipur",50km,landslide,downpour,very_large,unknown,,,,,,glc,4403,India,IN,Manipur,223523,Imphal,40.42735,04/01/2014 12:00:00 AM,11/20/2017 03:17:00 PM,02/15/2018 03:51:00 PM,93.5444,24.8142
Telegraph India,http://www.telegraphindia.com/1100727/jsp/northeast/story_12728199.jsp,2140,07/25/2010 12:00:00 AM,,"road between Halfong and Redzol(?) or Silchar, Assam",Landslides coupled with lack of maintenance have cut off road link between Haflong and Silchar.  The situation became worse after a few spells of heavy rainfall during the past week.,"road between Halfong and Redzol(?) or Silchar, Assam",25km,landslide,downpour,medium,unknown,0,,,,,glc,2140,India,IN,Assam,152393,Silchar,24.4132,04/01/2014 12:00:00 AM,11/20/2017 03:17:00 PM,02/15/2018 03:51:00 PM,92.801,25.0477
E-PAO,http://www.e-pao.net/GP.asp?src=21..210810.aug10,2243,08/13/2010 12:00:00 AM,,"NH-39 near Kohima Municipality Council(KMC) dumping ground, between Zubza(Sechu) and Kohima, Nagaland","Kohima cut off in both directions on NH 39 ... Imphal, August 20 2010: Landslides have occurred near the Kohima Municipality Council (KMC) dumping ground and its vicinity since a week ago.  Fresh landslides occurred again today.  Over 400 Manipur bound trucks are still stranded in the area.","NH-39 near Kohima Municipality Council(KMC) dumping ground, between Zubza(Sechu) and Kohima, Nagaland",5km,landslide,downpour,medium,mine,0,,,,,glc,2243,India,IN,Nāgāland,92113,Kohima,5.6985,04/01/2014 12:00:00 AM,11/20/2017 03:17:00 PM,02/15/2018 03:51:00 PM,94.04619681,25.70223725
Nagaland Post,http://www.nagalandpost.com/channelnews/state/StateNews.aspx?news=TkVXUzEwMDA5ODM4NA%3D%3D,9142,06/14/2016 08:00:00 AM,,"lower Majakong Ward, Mokokchung, Nagaland, India","A landslide occurred early Tuesday morning due to incessant rain, at lower Majakong Ward, where, a 3 tier retaining wall had collapsed destroying the bathroom and damaging the building walls below. Hearing the news of the calamity, the personnel of the State Disater Response Force, Mokokchung, led by dist. comm, Civil Defence & Home Guards, Watilemba promptly responded and carried out safety measures and debris removal. According to dist. commandant, Civil Defence & Home Guards, Watilemba, said “in cases of natural calamities or manmade disasters, the district administration intimates the State Disaster Response Force and that the personnel are ever ready to respond”.  In such cases, one can also call the Toll Free Emergency Operation Center (EOC) No.913702291122, he added. Earlier, the district administration had verified the site of the slide.","lower Majakong Ward, Mokokchung, Nagaland, India",1km,landslide,continuous_rain,medium,retaining_wall,0,0,,http://www.nagalandpost.com/cms/newsimages/PGFCUAIPXTIQMMEWNGPI_resize.jpg,,glc,9142,India,IN,Nagaland,34021,Mokokchūng,0.94289,07/22/2016 08:56:00 PM,11/20/2017 03:17:00 PM,02/15/2018 03:51:00 PM,94.5247,26.3185
Two Circles,http://twocircles.net/2014jun27/8_killed_assam_landslides_electrocution.html#.U70ydPldU1L,6107,06/26/2014 11:00:00 PM,,Bamunimaidam,"At least eight people, including three members of a family, were killed here due to landslides and flash floods triggered by incessant rain since Thursday night, officials said Friday. Four persons were killed due to landslides in two places while another four died due to electrocution in four different locations, the officials said. Another person remained missing after he was washed away by the surging waters of the Bharalu river. ""Three members of a family Kanak Barman (45), Pratima Barman (12) and Tulasi Barman (8) lost their lives in a landslide that took place Thursday night in Narakasur area,"" said Rajib Prakash Baruah, deputy commissioner in-charge of Kamrup (Metro) district. He said another woman died in Bamunimaidam area due to landslide. Baruah said Bhaskarjyoti Das (48), Dinesh Das (55), Prafulla Das (46) and Suren Bharali (57) died due to electrocution.",Bamunimaidam,5km,landslide,continuous_rain,small,unknown,1,0,,,,glc,6107,India,IN,Assam,899094,Guwahati,4.37969,08/24/2014 12:00:00 AM,11/20/2017 03:17:00 PM,02/15/2018 03:51:00 PM,91.7896,26.1844
e-Pao.net,http://www.e-pao.net/GP.asp?src=Snipp7..120907.sep07,255,09/10/2007 12:00:00 AM,,Wamkhu village along the Tengnoupal-Joupi road in Chandel district,"50 meter stretch on road, timing is unknown but it blocked traffic",Wamkhu village along the Tengnoupal-Joupi road in Chandel district,25km,landslide,rain,medium,unknown,,,,,,glc,255,India,IN,Manipur,30418,Kakching,29.41705,04/01/2014 12:00:00 AM,11/20/2017 03:17:00 PM,02/15/2018 03:51:00 PM,94.0691,24.2451
Nagaland Post,http://www.nagalandpost.com/channelnews/State/StateNews.aspx?news=TkVXUzEwMDA4NDc2Mg%3D%3D,7660,08/12/2015 12:00:00 AM,,Phesama village,"Speaking to Nagaland Post after examining the soil at the mountain, senior geologist from Nagaland State Disaster Management Authority (NSDMA) home department, Kekhrie Zavi, said it was found that the soil contained a mixture of sand, clay and sticky mud type, which absorbed excess water and reduced soil’s grabbing capacity resulting in the continuous mudslide.",Phesama village,5km,mudslide,continuous_rain,medium,below_road,0,0,,http://www.nagalandpost.com/cms/newsimages/HKSYOEMCRGVHPPUGOTKX_resize.jpg,,glc,7660,India,IN,Nagaland,92113,Kohima,5.65674,04/28/2016 03:23:00 PM,11/20/2017 03:17:00 PM,02/15/2018 03:51:00 PM,94.1136,25.6237
E-PAO,http://e-pao.net/GP.asp?src=1..020815.aug15,7389,08/01/2015 12:00:00 AM,,between Bongyang and Lokchao along the Imphal-Moreh highway,"Meanwhile, landslides also wreaked havoc in between Bongyang and Lokchao along the Imphal-Moreh highway and Tengnoupal-Sangshak road in Chandel district.",between Bongyang and Lokchao along the Imphal-Moreh highway,5km,landslide,continuous_rain,medium,above_road,0,0,,,,glc,7389,India,IN,Manipur,30418,Kakching,13.14385,12/14/2015 09:52:00 PM,11/20/2017 03:17:00 PM,02/15/2018 03:51:00 PM,94.0644,24.4072
mizoramexpress.com,http://mizoramexpress.com/index.php/2010/09/landslide-hits-aizawl-1-house-destroyed/,2437,09/16/2010 12:00:00 AM,,"Aizawl-Lengpui rd 3km from Aizawl, Mizoram, Manipur","Sep 19, 2010  Meanwhile, Aizawl-Lengpui road remained blocked for the third day because of massive landslide about 3 km away from Lengpui. According to information received from the Engineer in charge, intermittent rainfall and falling of rocks hampered the work.  It is expected to be restored for all types of vehicles tomorrow. Meanwhile the National Highway No. 54 also is blocked by heavy landslide near Rangvamual.","Aizawl-Lengpui rd 3km from Aizawl, Mizoram, Manipur",5km,landslide,downpour,medium,unknown,0,,,,,glc,2437,India,IN,Mizoram,265331,Aizawl,3.58713,04/01/2014 12:00:00 AM,11/20/2017 03:17:00 PM,02/15/2018 03:51:00 PM,92.694,23.7527
morungexpress,http://www.morungexpress.com/frontpage/1984.html,731,08/19/2008 12:00:00 AM,,"Akuk village, Wokha District, Nagaland",mudslide occurred in afternoon when men were paving a road between Mekokla village and Sanis town,"Akuk village, Wokha District, Nagaland",50km,mudslide,downpour,medium,unknown,4,,,,,glc,731,India,IN,Nāgāland,54010,Wokha,4.59727,09/12/2014 06:28:00 PM,11/20/2017 03:17:00 PM,02/15/2018 03:51:00 PM,94.25,26.138
E-PAO,http://e-pao.net/GP.asp?src=21..020815.aug15,7371,08/01/2015 12:00:00 AM,,near S Lamphei Lamkhai and Sehlon village,landslide near S Lamphei Lamkhai and Sehlon village had taken place,near S Lamphei Lamkhai and Sehlon village,50km,landslide,continuous_rain,medium,unknown,0,0,,,,glc,7371,India,IN,Manipur,44540,Mawlaik,52.61612,11/21/2015 01:13:00 AM,11/20/2017 03:17:00 PM,02/15/2018 03:51:00 PM,94.0573,23.9939
The New Indian Express,http://www.newindianexpress.com/nation/Woman-Child-Killed-in-Assam-Landslide/2015/09/01/article3005012.ece,7923,09/01/2015 12:00:00 AM,,Amingaon,"A mother and her child were killed in a landslide at Amingaon area of Kamrup (Rural) district of Assam this morning, police said.  NDRF personnel from the nearby Changsari camp rushed to the spot and recovered their bodies from under a stone.  The woman has been identified as Sumita Khaklary and the child as Rashmi Khaklary.  The landslide occurred following heavy rainfall for the past few days.  A district official said that construction was banned in Kalipahar area but encroachment was continuing.  The matter would be investigated, he said.",Amingaon,10km,landslide,rain,medium,unknown,2,0,,,,glc,7923,India,IN,Assam,26388,Rangia,16.56364,06/29/2016 06:46:00 PM,11/20/2017 03:17:00 PM,02/15/2018 03:51:00 PM,91.72137514,26.49349035
kanglaonline,http://www.kanglaonline.com/index.php?template=headline&newsid=43189&typeid=1,760,08/29/2008 12:00:00 AM,,"Kohima, Nagaland","several colonies have been affected by the landslides, mudslides and sinking due to the incessant rains in the state capital Kohima","Kohima, Nagaland",25km,complex,downpour,medium,unknown,,,,,,glc,760,India,IN,Nāgāland,92113,Kohima,0.67975,04/01/2014 12:00:00 AM,11/20/2017 03:17:00 PM,02/15/2018 03:51:00 PM,94.1066,25.67
youtube,http://www.youtube.com/watch?v=jHTtW2WaJGw,2182,07/31/2010 09:00:00 AM,,Dimapur-Imphal highway (NH 39) near Manipur,Heavy rains triggered a landslide along NH 30 near Imphal. The landslide blocked a 100 ft stretch of road and trucks and cars were stranded on either side. The landslide occurred in the morning. There has been significant deforestation in the area.,Dimapur-Imphal highway (NH 39) near Manipur,25km,landslide,rain,medium,unknown,0,,,,,glc,2182,India,IN,Manipur,223523,Imphal,17.36482,04/01/2014 12:00:00 AM,11/20/2017 03:17:00 PM,02/15/2018 03:51:00 PM,93.8443,24.9356
e-pao.net,http://e-pao.net/GP.asp?src=3..100610.jun10,1954,06/07/2010 12:00:00 AM,,"Irang(?) and Barak(?) and Makru(?) on highway 53 between Imphal and Jiribam, Manipur","The Ministerial team led by Works Minister K Rajit, along with 450 loaded trucks carrying different commodities, arrived at Imphal after over-coming landslides in different parts of the National Highway 53 .  The team returned after inspecting the condition of National Highway 53.The team accompanied 850 loaded trucks which were stranded at different places on the highway due to landslides at Irang and different portions.  The Ministerial team left Jiribam in this morning on their return journey to Imphal with the loaded trucks stranded at Barak and Makru respectively. As per media report landslides triggered by heavy rains on 8th June 2010 along NH-53 at Irang, Awang Khul and at a spot located about 4 kms from Noney, near Irang, Manipur have suspended traffic along the highway. Around 50 mm rainfall was recorded at Imphal.","Irang(?) and Barak(?) and Makru(?) on highway 53 between Imphal and Jiribam, Manipur",50km,landslide,rain,medium,unknown,0,,,,,glc,1954,India,IN,Manipur,17103,Moirāng,39.73504,04/01/2014 12:00:00 AM,11/20/2017 03:17:00 PM,02/15/2018 03:51:00 PM,93.5039,24.7543
The Statesmen,http://www.thestatesman.com/news/northeast/27-graves-damaged-in-mizoram-landslide/70263.html,6963,06/19/2015 12:00:00 AM,,"Muanna locality, Mizoram",At least 27 graves of a cemetery were damaged in rain-triggered landslide,"Muanna locality, Mizoram",50km,landslide,rain,medium,natural_slope,0,0,,,,glc,6963,India,IN,Mizoram,265331,Aizawl,2.55543,06/25/2015 07:28:00 PM,11/20/2017 03:17:00 PM,02/15/2018 03:51:00 PM,92.7362,23.7131
www.morungexpress.com,http://www.morungexpress.com/local/103875.html,5336,08/16/2013 12:00:00 AM,,"Tobu, Nagaland","Besides massive mudslide near Yakshu field, multiple landslide/ mudslides along the Tobu road between 71 BRTF camp to Kimang river have occurred affecting the roads by washing away culverts and blocking the roads. All minor landslides/mudslides have been cleared by the BRTF. The landslide and mudslide have also affected many paddy fields of that area.","Tobu, Nagaland",10km,landslide,rain,medium,unknown,,,,,,glc,5336,India,IN,Nāgāland,33748,Tuensang,18.0996,04/01/2014 12:00:00 AM,11/20/2017 03:17:00 PM,02/15/2018 03:51:00 PM,94.9439,26.3897
International Business Times,http://www.ibtimes.co.in/meghalaya-massive-landslide-east-jaintia-hills-flash-floods-shillong-hit-normal-life-643439,7590,08/19/2015 12:00:00 AM,,Tongseng,"Minor landslides were also reported in Tongseng, Ratacherra and Dona areas.",Tongseng,5km,landslide,rain,small,unknown,0,0,,,,glc,7590,India,IN,Meghalaya,55290,Karīmganj,30.27913,03/24/2016 12:52:00 AM,11/20/2017 03:17:00 PM,02/15/2018 03:51:00 PM,92.3807,25.1416
ptinews,http://www.ptinews.com/news/316483_Three-killed--ten-injured-in-Mizoram-landslide,1222,10/05/2009 12:00:00 AM,,"Chhinga Veng, Aizawl","Three persons, including a five-year-old girl, were killed and ten others injured when a massive landslide triggered by rains swept away a building at Chhinga Veng locality here, police said. Besides a five-year-old girl, her grandmother and a 23-year-old woman were also killed when the building, occupied by four families, collapsed and swept away by the landslide, they said.","Chhinga Veng, Aizawl",5km,landslide,downpour,medium,urban,3,,,,,glc,1222,India,IN,Mizoram,265331,Aizawl,0.93904,04/01/2014 12:00:00 AM,11/20/2017 03:17:00 PM,02/15/2018 03:51:00 PM,92.72124394,23.73478778
NYOOOZ,http://www.nyoooz.com/guwahati/515423/woman-killed-in-wall-collapse-after-landslide-in-guwahati,8222,06/22/2016 12:00:00 PM,,"Piyali Phukan Nagar, Guwahati, India","A woman was buried alive in Piyali Phukan Nagar in the city when the guard wall of her house collapsed after a landslide. No one else from her family was injured.The rescue official said Rukia's house was located just on the edge of a hill. ""After almost three hours of wroking through the debris, Rukia's body was found,"" an official of the rescue team said. The victim was identified as Rukia Khatun.The incident occurred around noon on Wednesday.Though an operation to extricate her began soon, she could not be saved. Around 120 families have been relocated and more than 50 others have been asked to shift.","Piyali Phukan Nagar, Guwahati, India",5km,mudslide,downpour,medium,natural_slope,1,0,,http://timesofindia.indiatimes.com/photo/52879646.cms,,glc,8222,India,IN,Assam,899094,Guwahati,3.88766,07/05/2016 02:46:00 PM,11/20/2017 03:17:00 PM,02/15/2018 03:51:00 PM,91.7825,26.1961
Assam Times,http://www.assamtimes.org/node/14622,7706,08/19/2015 12:00:00 AM,,National Highway at Kuliang,"More landslide has complicated the surface communication in Ratachora, Tansen and Kuliang keeping a major portion of the National Highway blocked.",National Highway at Kuliang,5km,landslide,rain,medium,above_road,0,0,,,,glc,7706,India,IN,Meghalaya,55290,Karīmganj,22.56409,05/13/2016 01:41:00 AM,11/20/2017 03:17:00 PM,02/15/2018 03:51:00 PM,92.3636,25.0728
The Northeast Today,http://thenortheasttoday.com/landslides-damage-houses-graves-in-aizawl/,8224,09/14/2015 01:30:00 AM,,"Aizawl, Mizoram, India","Earlier around 1:30am, landslide damaged 39 graves at Republic Veng locality in the heart of the city. The landslide also blocked internal road of the locality. With this, landslides have damaged a total of 311 graves in four localities in Aizawl.","Aizawl, Mizoram, India",5km,landslide,downpour,medium,above_road,0,0,,http://thenortheasttoday.com/wp-content/uploads/2015/09/12033852_1012700228774617_1216798541_n.gif,,glc,8224,India,IN,Mizoram,265331,Aizawl,0.27245,07/05/2016 02:52:00 PM,11/20/2017 03:17:00 PM,02/15/2018 03:51:00 PM,92.7187,23.7313
articles.timesofindia,http://articles.timesofindia.indiatimes.com/2012-03-04/guwahati/31120923_1_booths-repoll-polling-stations,4241,03/04/2012 12:00:00 AM,,Tamei constituency in Tamenlong district,"Repolling in 63 booths under nine constituencies in the five hill districts of Senapati, Ukhrul, Churachandpur, Tamenglong and Chandel was held on Sunday amid heavy security with more than 60% turnout recorded. The exercise was supposed to be held in 67 booths but owing to heavy landslides triggered in the remote Tamei constituency in Tamenlong district, poll officials could not reach four booths forcing the Election Commission to defer the exercise till Monday.",Tamei constituency in Tamenlong district,25km,landslide,unknown,medium,unknown,0,,,,,glc,4241,India,IN,Manipur,223523,Imphal,47.30334,04/01/2014 12:00:00 AM,11/20/2017 03:17:00 PM,02/15/2018 03:51:00 PM,93.6795,25.1604
indianexpress,http://www.indianexpress.com/news/N-E-border-dist-cut-off-by-landslides--runs-out-of-supplies/627610,1930,05/31/2010 12:00:00 AM,,"Anini-Roing road,  Dibang Valley,  Arunachal Pradesh ","Its only link to the outside world, the Anini-Roing road, having been hit by landslides at several places, Dibang Valley district in eastern Arunachal Pradesh has remained cut off from the rest of the world for more than six weeks now. The district shares 200 km of international border with China.   Heavy rains and landslides have caused extensive damage to the two micro hydel projects in the district at Hawapani and Chini-Afra, both having an installed capacity of 50 KW each. “We are in total darkness as our stock of diesel to run generators have also exhausted,” Jempen informed. With roads to other parts of the district also cut off, there has been no link between Anini and other towns like Aruzo, Italin, Anelih, Mipi and Malini. Assam's flood-prone Lakhimpur district was on Monday hit by the third wave of floods following heavy rainfall in the foothills of the Himalayas in Arunachal Pradesh affecting more than 25,000 people. The rising waters of Ranganadi and Singora rivers, tributa","Anini-Roing road,  Dibang Valley,  Arunachal Pradesh ",50km,landslide,downpour,medium,unknown,0,,,,,glc,1930,India,IN,Arunāchal Pradesh,14927,Tezu,62.40501,04/01/2014 12:00:00 AM,11/20/2017 03:17:00 PM,02/15/2018 03:51:00 PM,95.8776,28.4298
Indian Express,http://indianexpress.com/article/india/india-news-india/at-least-10-killed-in-landslides-in-assam-rescue-operations-underway-2806810/,9334,05/18/2016 08:00:00 AM,,"Bilaipur, Hailakandi district, Assam, India","One of two landslides in Bilaipur triggered by the same rainfall event. Ten people were killed in landslides in Karimganj and Hailakandi districts in Barak Valley in Assam on Wednesday following incessant rains. In neighbouring Hailakandi district, two incidents of landslide killed four persons at Bilaipur and a six-year old boy at Ramchandi area, police officials said. The debris fell on two houses where the victims were sleeping early in the morning, they said. NDRF and police have been engaged in rescue and relief operations.","Bilaipur, Hailakandi district, Assam, India",1km,landslide,continuous_rain,unknown,unknown,2,0,,,,glc,9334,India,IN,Assam,10942,Lāla,11.80305,08/03/2016 01:38:00 PM,11/20/2017 03:17:00 PM,02/15/2018 03:51:00 PM,92.7264,24.5204
The Hindu,http://www.thehindu.com/news/national/many-killed-in-arunachal-landslip/article8798739.ece,8237,07/01/2016 12:00:00 AM,,"Old Inspection Bungalow, Bhalukpong town, West Kameng, Arunachal Pradesh, India","At least five persons, including two women, were killed on Friday, while five others remained missing in a landslip that buried several houses in Arunachal Pradesh’s West Kameng district, which is being lashed by torrential rain.  The landslip occurred when a small hillock near the Old Inspection Bungalow caved in and buried several houses in Bhalukpong town, West Kameng district Superintendent of Police A. Koan said. While five bodies were retrieved from the debris, five others were still missing as rescue operation had to be suspended due to darkness.  Three rescued  The SP, who is camping at Bhalukpong to supervise rescue operations, said torrential rain in the past couple of days have triggered flood-like situation in the town bordering Assam.         Three persons have been rescued from the debris, but they have sustained serious injuries, he said.","Old Inspection Bungalow, Bhalukpong town, West Kameng, Arunachal Pradesh, India",1km,landslide,downpour,large,unknown,5,3,,,,glc,8237,India,IN,Arunachal Pradesh,18739,Rangāpāra,19.7667,07/05/2016 04:56:00 PM,11/20/2017 03:17:00 PM,02/15/2018 03:51:00 PM,92.6351,27.0136
ukpress.google,http://ukpress.google.com/article/ALeqM5iM8gWKcS4OLf66hwzNMnaybAaZYA,585,06/14/2008 12:00:00 AM,,"Itanagar-Naharlagun, Arunachal Pradesh","bodies pulled from debris in and around Itnagar, 300 mud huts washed away at banks of Dikrong river","Itanagar-Naharlagun, Arunachal Pradesh",25km,landslide,rain,large,unknown,21,,,,,glc,585,India,IN,Arunāchal Pradesh,44971,Itānagar,2.34889,04/01/2014 12:00:00 AM,11/20/2017 03:17:00 PM,02/15/2018 03:51:00 PM,93.6287,27.0998
articles.timesofindia.indiatimes.com,http://articles.timesofindia.indiatimes.com/2013-05-12/guwahati/39203561_1_artificial-floods-guwahati-municipal-corporation-gs-road,4859,05/11/2013 12:00:00 AM,,"Sarania Hills, North Guwahati, Guwahati, Assam,","Landslides occurred in the Nursery area and Maligaon in Nilachal Hills, Sarania Hills and Boragaon on Saturday, alarming hill residents, whose number has crossed two lakh in Guwahati, said sources. Junu Chakraborty (50) was injured in the Nursery area after a wall of her house collapsed on Saturday morning. However, she is out of danger. There are no reports of injury from other parts of the city. A family miraculously escaped unhurt when earth fell on their house in the Sarania Hills.","Sarania Hills, North Guwahati, Guwahati, Assam,",5km,landslide,rain,medium,unknown,,1,,,,glc,4859,India,IN,Assam,899094,Guwahati,1.62505,04/01/2014 12:00:00 AM,11/20/2017 03:17:00 PM,02/15/2018 03:51:00 PM,91.7599,26.1771
articles.timesofindia,http://articles.timesofindia.indiatimes.com/2012-07-04/guwahati/32536229_1_massive-landslides-landslide-hit-road-blockade,4436,06/25/2012 12:00:00 AM,,"Khonsa, Arunachal Pradesh","Road communication between Khonsa, the district headquarters, and Lazu, an administrative post situated on the Myanmar border, about 40km from Khonsa, has remained cut off for the past three days following massive landslides triggered by rain at Pongkong village along the Khonsa-Lazu road.","Khonsa, Arunachal Pradesh",50km,landslide,downpour,medium,unknown,,,,,,glc,4436,India,IN,Arunāchal Pradesh,10187,Khonsa,6.97928,04/01/2014 12:00:00 AM,11/20/2017 03:17:00 PM,02/15/2018 03:51:00 PM,95.4993,26.9986
morungexpress,http://www.morungexpress.com/frontpage/69382.html,3916,08/13/2011 08:00:00 AM,,"Chumukedima, Dimapur","22 mudslides, 4 major slides. Road closed","Chumukedima, Dimapur",10km,mudslide,downpour,medium,unknown,0,,,,,glc,3916,India,IN,Assam,135860,Dimāpur,17.73969,04/01/2014 12:00:00 AM,11/20/2017 03:17:00 PM,02/15/2018 03:51:00 PM,93.8067,25.7713
www.thehindubusinessline.com,http://www.thehindubusinessline.com/news/states/landslide-blocks-polo-river-in-arunachal-pradesh/article4996075.ece,5250,08/01/2013 12:00:00 AM,,"Polo River At Polosang, Arunachal Pradesh","Arunachal Pradesh Government today sounded red alert following reports of a massive landslide which blocked the flow of Polo river at Polosang last week, reversing the flow of its water toward China. Disaster management Director Y. W. Ringu alerted Kurung Kumey Deputy Commissioner and SP to take steps to evacuate the people living in flood-prone lower belt along Kurung river, to safer places to avoid loss of life and property, official sources informed. Polo is a major tributary of Kurung River in Sarli circle of remote Kurung Kumey district in the State.","Polo River At Polosang, Arunachal Pradesh",10km,mudslide,rain,medium,unknown,,,,,,test,5250,India,IN,Arunachal Pradesh,0,Douyu,58.34526,04/01/2014 12:00:00 AM,11/20/2017 03:17:00 PM,02/15/2018 03:51:00 PM,93.0515,27.8837
e-pao.net,http://e-pao.net/GP.asp?src=16..070711.jul11,3738,07/06/2011 12:00:00 AM,,"National Highway 53, Sinam Khul (near Kotlen; ~25 km from Imphal)","Imphal, July 06 2011: In a tragic incident of nature taking toll on human, a massive landslides along NH 53 today killed six personnel of Indian Reserved Battalion (IRB) and Manipur Rifles even as seven personnel were critically injured.  According to police report, the convoy led by AC 2nd IRB S Ingo was heading to Jiribam district headquarters to escort loaded freight trucks and oil tankers.  They had just reach Sinam Khul near Kotlen about 25 km from Imphal when the landslide struck them hit the bus in which they were travelling.  The bus was travelling with five commando teams and some personnel on other vehicles as Road Opening Party (ROP) .  The six ill fated personnel who were killed in the tragic accident were Havildar Yaima of 5th IRB, rifleman Diamond of 5th MR, rifleman Surchandra of 5th MR, rifleman Maradona of 6th IRB, rifleman Lakshman of 8th MR and rifleman Nasir Khan of 2nd MR.The injured personnel were 1st MR rifleman T Sandang Maring (31), 3rd IRB personnel Takhellamb","National Highway 53, Sinam Khul (near Kotlen; ~25 km from Imphal)",50km,landslide,downpour,medium,unknown,6,,,,,glc,3738,India,IN,Manipur,223523,Imphal,0.44836,04/01/2014 12:00:00 AM,11/20/2017 03:17:00 PM,02/15/2018 03:51:00 PM,93.9482,24.8063
Mizoram Express,http://mizoramexpress.com/index.php/2010/09/mizoram-landslides-kill-one-woman/,2426,09/13/2010 12:00:00 AM,,"Hual(Hu) village(?), Lunglei-Lawngtlai rd, Mizoram","Sep 15, 2010  AIZAWL: Lunglei-Lawngtlai road was also blocked by a heavy landslide at =hual\hu village this afternoon. The landslide also washed away the house of Vanlallawma. Luckily all the family members managed to run out of the house before the house collapsed with the pressure. A number of vehicles were stranded on both sides of the road. Among the stranded passengers, the Rajya Sabha Member, Mr. Lalhmingliana and some MNF Party leaders were also there. The Additional DC, Mr. T. Lalduhawma visited the landslide victim and promised that the government will give assistance to the family as per rule.","Hual(Hu) village(?), Lunglei-Lawngtlai rd, Mizoram",25km,landslide,downpour,medium,unknown,0,,,,,glc,2426,India,IN,Mizoram,52728,Lunglei,21.89059,04/01/2014 12:00:00 AM,11/20/2017 03:17:00 PM,02/15/2018 03:51:00 PM,92.8416,22.7176
timesofindia.indiatimes,http://timesofindia.indiatimes.com/news/city/guwahati/Landslides-snap-road-links-in-Arunachal-district/articleshow/4916000.cms,1084,08/12/2009 12:00:00 AM,,"Upper Subansiri District, Arunanchal Pradesh",Torrential rain has triggered a series of landslides across Arunachal Pradesh. The worst affected by the deluge was the Upper Subansiri district which has been cut off from the rest of the country since August 12.,"Upper Subansiri District, Arunanchal Pradesh",5km,landslide,downpour,medium,unknown,0,,,,,glc,1084,India,IN,Arunāchal Pradesh,7121,Bomdila,60.8421,04/01/2014 12:00:00 AM,11/20/2017 03:17:00 PM,02/15/2018 03:51:00 PM,92.8,27.7
The Sangai Express,http://www.thesangaiexpress.com/page/items/54212/massive-landslide-along-maram-peren-road-downpour-creates-havoc-in-different-parts,7266,07/22/2015 12:00:00 AM,,Yangkhullen-Tamphung road till Nagaland border,"Torrential rain in the last many days has created havoc in many places of Senapati district. Sources specified of major landslides in different locations including 15 kms from Maram, 22 kms to 30 kms between Sangkhumai and Willong, Willong-Yangkhullen stretch and Yangkhullen-Tamphung road till Nagaland border.",Yangkhullen-Tamphung road till Nagaland border,10km,landslide,continuous_rain,medium,above_road,0,0,,,,glc,7266,India,IN,Manipur,92113,Kohima,29.57629,07/23/2015 04:36:00 PM,11/20/2017 03:17:00 PM,02/15/2018 03:51:00 PM,93.8794,25.5098
e-pao.net,http://e-pao.net/GP.asp?src=9..070909.sep09,1129,08/30/2009 12:00:00 AM,,"Road stretch from Gammom to Chamu village, under Kamjong block, Ukhrul district, Manipur","Following heavy landslide on the road stretch from Gammom to Chamu village, under Kamjong block, Ukhrul district, several villages have been cut off from the outside world for the last seven days. Eight villages are situated along the 8 km stretch of road between Gammom and Chamu, which is near the Indo-Myanmar border, around 123 kms from the district headquarters.","Road stretch from Gammom to Chamu village, under Kamjong block, Ukhrul district, Manipur",50km,landslide,downpour,medium,unknown,,,,,,glc,1129,India,IN,Manipur,8797,Yairipok,42.70454,04/01/2014 12:00:00 AM,11/20/2017 03:17:00 PM,02/15/2018 03:51:00 PM,94.4182,24.8628
gsi.gov,"http://www.portal.gsi.gov.in/portal/page?_pageid=127,875814&_dad=portal&_schema=PORTAL",2166,07/29/2010 12:00:00 AM,,"Highway 53 at Tupul, Tamenglong district","As per media report a landslide triggered by rains occurred on 29th July, 2010 on the National Highway 53 at Tupul area in Tamenglong district. The landslide disturbed the connection of Manipur with Silchar. ","Highway 53 at Tupul, Tamenglong district",10km,landslide,downpour,medium,unknown,0,,,,,glc,2166,India,IN,Assam,7176,Mahur,45.33486,04/01/2014 12:00:00 AM,11/20/2017 03:17:00 PM,02/15/2018 03:51:00 PM,93.5027,24.9786
Telegraph India,http://www.telegraphindia.com/1070830/asp/northeast/story_8253906.asp,213,08/26/2007 12:00:00 AM,,Shillong Road at Kuliang in the Jaintia Hills,Telegraph India,Shillong Road at Kuliang in the Jaintia Hills,unknown,landslide,rain,medium,unknown,,,,,,glc,213,India,IN,Assam,39982,Hāflong,23.42741,04/01/2014 12:00:00 AM,11/20/2017 03:17:00 PM,02/15/2018 03:51:00 PM,92.8339,25.2946
thesop.org,http://thesop.org/story/20120701/woman-killed-in-guwahati-by-landslide.html,4426,06/22/2012 12:00:00 AM,,Lalunggaon near Gorchuk area,"On June 22, three people including two children of a family were killed in a landslide incident at Lalunggaon near Gorchuk area in the city.Thousands of families live at the bottom of 18 hills in the city. These families have allegedly encroached on the land of the hilly area.",Lalunggaon near Gorchuk area,5km,landslide,downpour,medium,unknown,3,,,,,glc,4426,India,IN,Assam,899094,Guwahati,7.45913,04/01/2014 12:00:00 AM,11/20/2017 03:17:00 PM,02/15/2018 03:51:00 PM,91.7162,26.1226
The Northeast Today,http://www.northeasttoday.in/two-women-buried-alive-in-shillong-landslide/,8366,09/23/2015 03:00:00 PM,,"Shillong, Meghalaya, India","Two women were buried alive under a massive pile of debris following a landslide at Lamavilla area in Shillong, Meghalaya on Wednesday afternoon triggered by heavy rainfall over the past few days.  The incident occurred when a retaining wall collapsed onto the houses below. The deceased women have been identified as Meenu Thapa (40’s) and Karuna Shreshta (25). The deceased were tenants of one Bina Lama. A five-year-old child Aditya Shrestha sustained serious injuries and was rushed to the hospital.  Soon after the news of the landslide, a team from the State Disaster Response Force rushed to the spot and started relief works. Incidentally, Wednesday’s landslide comes exactly a year to the day when eight persons including a pregnant woman were buried alive following a massive landslide triggered by incessant rainfall in Mawbah locality in Shillong.  When contacted, East Khasi Hills Deputy Commissioner P.S. Dkhar said he has asked the Meghalaya Urban Development Authority to conduct an i","Shillong, Meghalaya, India",5km,landslide,downpour,medium,natural_slope,2,1,,,,glc,8366,India,IN,Meghalaya,132842,Shillong,1.85404,07/06/2016 02:37:00 PM,11/20/2017 03:17:00 PM,02/15/2018 03:51:00 PM,91.893,25.583
Telegraph India,http://www.telegraphindia.com/1100605/jsp/northeast/story_12529386.jsp,1934,06/03/2010 05:00:00 AM,,Rongpur village under Bhairabhnagar panchayat in Karimganj district,"Two died and five others were injured yesterday around 5am when their bamboo huts were crushed in a mudslide on the foothills at Rongpur village under Bhairabhnagar panchayat in Karimganj district.  Sources in Karimganj police station today said the dead have been identified as Dhalai Mia, a 50-year-old farmer, and his youngest son Fakrul Islam, 12. The injured, including Mia’s wife Lesa Bibi, 45, and their granddaughter Nurana Begum, 5, are being treated in the nearby Ramkrishnanagar hospital.  The site of this mishap is about 85km from this town.  This is the third major landslide in the Barak valley in the past two years. ",Rongpur village under Bhairabhnagar panchayat in Karimganj district,25km,landslide,downpour,medium,unknown,2,,,,,glc,1934,India,IN,Assam,31031,Hailākāndi,20.39416,04/01/2014 12:00:00 AM,11/20/2017 03:17:00 PM,02/15/2018 03:51:00 PM,92.3814,24.6005
Zee News,http://zeenews.india.com/news/north-east/landslide-in-tawang-area-of-arunachal-pradesh-watch-video_1878690.html,7655,04/22/2016 02:30:00 AM,,"Tawang, Arunachal Pradesh","TRMM shows no significant rainfall accumulation. Article: Continuous rain in the last couple of days led to a landslide at Famla village in Arunachal Pradesh's Tawang district early Friday, killing 17 people.","Tawang, Arunachal Pradesh",5km,landslide,continuous_rain,medium,above_road,17,0,,"http://timesofindia.indiatimes.com/thumb/msid-51950784,width-400,resizemode-4/51950784.jpg",,glc,7655,India,IN,Arunachal Pradesh,4831,Tawang,6.69648,04/23/2016 02:02:00 AM,11/20/2017 03:17:00 PM,02/15/2018 03:51:00 PM,91.8569,27.5799
Business Standard,http://www.business-standard.com/article/pti-stories/three-injured-houses-collapse-in-landslide-in-arunachal-116080700399_1.html,9464,08/05/2016 12:00:00 AM,,Babrang village under Jang circle in Tawang district,"Three persons were injured and eight houses collapsed following landslides triggered by torrential rain at Barbara in Tawang district of Arunachal Pradesh, an official said today.",Babrang village under Jang circle in Tawang district,5km,landslide,downpour,medium,unknown,0,3,,http://www.arunachaltimes.in/wp-content/uploads/2016/08/Landslide-washes-away-8-300x206.jpg,,glc,9464,India,IN,Arunachal Pradesh,4831,Tawang,5.03841,08/16/2016 09:47:00 PM,11/20/2017 03:17:00 PM,02/15/2018 03:51:00 PM,91.9754,27.5754
inewsone,http://www.inewsone.com/2011/08/12/iaf-airdrops-food-to-marooned-in-arunachal/68478,3912,08/12/2011 12:00:00 AM,,East Kameng district in Arunachal Pradesh bordering China,"Shillong, Aug 12 (IANS) Indian Air Force helicopters Friday airdropped food packets to thousands of marooned people in the East Kameng district in Arunachal Pradesh bordering China.  People residing in the East Kameng district were cut-off from the mainland due to disruption in road communication after landslides that followed incessant rains in the region.  ‘We have airdropped emergency rations in several areas where people were facing critical shortages of food supplies in the district,’ IAF spokesman Ranjeeb Sahoo said.  The Arunachal Pradesh government had requisitioned IAF helicopters to drop emergency rations at Seppa, Chyangtajo, Bameng and Khanewa where people faced critical shortage of food supplies.  Sahoo said IAF helicopters from units under the Eastern Air Command were activated from Tezpur, Guwahati, Kumbhigram and Mohanbari to undertake the mission.  Relief operations continue in full swing and about five tonnes of supplies have been air lifted to the affected areas so f",East Kameng district in Arunachal Pradesh bordering China,50km,landslide,rain,medium,unknown,0,,,,,glc,3912,India,IN,Arunāchal Pradesh,7121,Bomdila,23.93526,04/01/2014 12:00:00 AM,11/20/2017 03:17:00 PM,02/15/2018 03:51:00 PM,92.2833,27.44
www.nagalandpost.com,http://www.nagalandpost.com/ChannelNews/State/StateNews.aspx?news=TkVXUzEwMDA0MjY4Nw%3D%3D-bSp8jh3okxw%3D,5272,08/04/2013 12:00:00 AM,,"Longsa, Nagaland","Incessant torrential rain, which began Sunday at around 11.30 p.m. has completely cut off Suruhuto town from the rest of the state. In a press release, NGZPMC joint secretary Hotoshe Sema said all three links connecting Zunheboto, Mokokchung and Tuensang have been cut off. Road to Zunheboto has been  blocked in 5-6 places and Mokokchung road has been blocked in two places near Zhekuto and Longsa. The valleys of Nanga (Dikhu), Phizo and Tizu, known as rice bowls of Suruhuto Area has been damaged by floods and landslides. Many terrace fields and canals have been washed away by flood. A team of Nanga (Dikhu) Greener Zone Project Management Committee (NGZPMC) who were on GPS mapping of Community Conserved Area (CCA) has been stranded at Nanga valley owing to flood. Log bridges connecting Phuye New/Old and Suruhuto/Surumi/Aichi Saghemi villages have been washed away. Travelers from Tuensang to Kohima/Dimapur via Suruhuto-Coco shortcut road have been requested to take the via Mokokchung rout","Longsa, Nagaland",1km,landslide,monsoon,medium,unknown,,,,,,glc,5272,India,IN,Nāgāland,34021,Mokokchūng,13.15534,04/01/2014 12:00:00 AM,11/20/2017 03:17:00 PM,02/15/2018 03:51:00 PM,94.5438,26.2083
daijiworld,"http://www.daijiworld.com/news/news_disp.asp?n_id=47500&n_tit=Mangalore:+Monsoon+Continues+to+Strike;+Landslide,+Houses+Collapse",580,06/09/2008 12:00:00 AM,,"near Kuloor church, in Manipur along National Highway","difficult to determine location, heavy rains throughout Manipur state","near Kuloor church, in Manipur along National Highway",unknown,landslide,monsoon,medium,unknown,,,,,,glc,580,India,IN,Manipur,44493,Thoubāl,2.9361,04/01/2014 12:00:00 AM,11/20/2017 03:17:00 PM,02/15/2018 03:51:00 PM,93.9784,24.6596
www.business-standard.com,http://www.business-standard.com/article/current-affairs/mudslides-block-nh-2-in-nagaland-113100700032_1.html,5575,10/05/2013 11:00:00 PM,,"Chiechama, Nagaland","Continuous rainfall has caused massive mudslides blockingNH-2 between Kohima and Botsa in Nagaland, official sources said today. The mudslides on late last night has caused huge inconvenience, additional deputy commissioner Chiephobozou sub-division Bodeno Mero said. She said around 60 to 70 vehicles were stranded along the stretch since this morning. An electrical post was also damaged due to mudslide and power lines were cut off in and around Botsa area to avoid any mishap. Stating that all efforts are being made to see that the highway is cleared with PWD workers put to service, she however cautioned the public travelling on NH-2 of delayed journey. She expressed fear that the mudslides would continue till the rain stopped.","Chiechama, Nagaland",5km,mudslide,continuous_rain,medium,unknown,0,,,,,glc,5575,India,IN,Nāgāland,92113,Kohima,17.27342,04/01/2014 12:00:00 AM,11/20/2017 03:17:00 PM,02/15/2018 03:51:00 PM,94.1497,25.8266
Indian Express,http://indianexpress.com/article/india/india-news-india/separate-landslides-kill-two-in-assam-2913748/,8996,07/14/2016 12:00:00 AM,,"Pub Sarania hill, South Sarania, Guwahati, Assam, India","Trigger is likely monsoon rains because the incident occurred during monsoon season.  Two persons, including a girl, were killed in landslides in Assam on Thursday. An octogenarian was killed when a sudden landslide buried his house at Pub Sarania hill, district deputy commissioner M Angamathu said.","Pub Sarania hill, South Sarania, Guwahati, Assam, India",1km,landslide,monsoon,small,natural_slope,1,0,,http://images.indianexpress.com/2016/07/assam-landslide-759.jpg,,glc,8996,India,IN,Assam,899094,Guwahati,2.58336,07/18/2016 01:32:00 PM,11/20/2017 03:17:00 PM,02/15/2018 03:51:00 PM,91.7702,26.1768
english.peopledaily,http://english.peopledaily.com.cn/90001/90777/90852/6938742.html,1613,04/02/2010 11:00:00 PM,,"Koloriang, Kuring Kumey district, Arunachal Pradesh","At least seven persons, including four children, were buried alive after torrential rains triggered landslides caved in their dwelling house at Koloriang, the headquarters of remote Kurung Kumey district in Arunachal Pradesh, last night.  The disaster occurred at around 11 pm when all the victims were under sleep after having the night’s meal. The velocity of the landslide was so strong that it completely collapsed the occupants’ bamboo-made house within no time, killing all seven persons on the spot. Two other people, who were sleeping outside the ill-fated house, escaped unhurt, informed the Kurung Kumey district SP, A Tamut.  Kurung Kumey, along with other parts of Arunachal, has been experiencing heavy showers for the past one week, paralyzing the normal life  of the people of this air-fed hilly station.","Koloriang, Kuring Kumey district, Arunachal Pradesh",1km,mudslide,downpour,large,unknown,12,,,,,glc,1613,India,IN,Arunāchal Pradesh,13893,Ziro,58.84724,04/01/2014 12:00:00 AM,11/20/2017 03:17:00 PM,02/15/2018 03:51:00 PM,93.3497,27.8997
articles.timesofindia.indiatimes.com,http://articles.timesofindia.indiatimes.com/2013-05-12/guwahati/39203177_1_young-mizo-association-aizawl-rescue-work,4857,05/11/2013 09:00:00 AM,,"Laipuitland , Aizawl, Mizoram",Landslides triggered by a cyclonic storm and heavy pre-monsoon rain claimed at least 10 lives and swept away nine houses in the northern part of Aizawl on Saturday morning. Seven more people are missing.,"Laipuitland , Aizawl, Mizoram",25km,landslide,rain,large,unknown,15,,,,,glc,4857,India,IN,Mizoram,265331,Aizawl,0.10199,04/01/2014 12:00:00 AM,11/20/2017 03:17:00 PM,02/15/2018 03:51:00 PM,92.7175,23.7281
E-Pao,http://e-pao.net/GP.asp?src=34..200615.jun15,6945,06/19/2015 12:00:00 AM,,"amei to Kangpokpi via Imphal road, 0.5 km from Tamei, Tamenglang District",Tamei to Kangpokpi via Imphal road remained cut off for the last few days due to huge landslides near a diesel oil pump located some half a kilometer from Tamei Headquarters.  Contractor engaged under NEC road construction at Tamei has been clearing the site for two days,"amei to Kangpokpi via Imphal road, 0.5 km from Tamei, Tamenglang District",1km,landslide,monsoon,medium,above_road,0,0,,,,glc,6945,India,IN,Manipur,223523,Imphal,46.89414,06/25/2015 02:16:00 PM,11/20/2017 03:17:00 PM,02/15/2018 03:51:00 PM,93.686,25.16
prokerala,http://www.prokerala.com/news/articles/a135422.html,1857,05/11/2010 09:00:00 AM,,"National highway 44 at Sunapur and Tongseng in Jaintia Hills district, eastern Meghalaya","Road links to the northeastern states of Tripura, Mizoram and parts of Manipur and southern Assam remained cut off from the rest of India for the second day Wednesday following massive landslides at a major highway in Meghalaya.  The National Highway No 44 at Sunapur and Tongseng in Jaintia Hills district in eastern Meghalaya, bordering Assam, has been blocked since Tuesday morning after heavy rains triggered landslides with huge boulders and trees covering the road.  Sunapur and Tongseng, about 150 km from the Meghalaya capital Shillong, is a landslide prone area and is linked with National Highway No 40 connecting Shillong and Guwahati in Assam, the gateway to mainland India. ","National highway 44 at Sunapur and Tongseng in Jaintia Hills district, eastern Meghalaya",25km,landslide,downpour,medium,unknown,0,,,,,glc,1857,India,IN,Meghālaya,132842,Shillong,47.92484,04/01/2014 12:00:00 AM,11/20/2017 03:17:00 PM,02/15/2018 03:51:00 PM,92.2897,25.3433
Daily News and Analysis,http://www.dnaindia.com/india/report_tawang-monastery-faces-danger-due-to-landslides_1472890,2743,11/22/2010 12:00:00 AM,,"Tawang Monastery, Arunachal Pradesh","The famous Tawang Monastery in Arunachal Pradesh is under imminent threat of collapse following massive landslides around it.  The 330-year-old monastery, also known as Gaden Namgyal Lhatse, which stands on the spur of a hill about 10,000 feet above sea level, is witnessingmassive landslide around it since Monday, officials said.  The landslide had already damaged the plantation and some electric posts around the monastery located in Twang-chu valley of Tawang district, they said.","Tawang Monastery, Arunachal Pradesh",1km,landslide,unknown,medium,natural_slope,,,,http://blogs.agu.org/landslideblog/files/2010/11/10_11-Tawang-5.jpg,,glc,2743,India,IN,Arunāchal Pradesh,4831,Tawang,6.76172,01/08/2016 10:39:00 PM,11/20/2017 03:17:00 PM,02/15/2018 03:51:00 PM,91.85672387,27.5798729
articles.timesofindia.indiatimes.com,http://articles.timesofindia.indiatimes.com/2013-05-12/guwahati/39203561_1_artificial-floods-guwahati-municipal-corporation-gs-road,4860,05/11/2013 12:00:00 AM,,"Boragaon, North Guwahati, Guwahati, Assam,","Landslides occurred in the Nursery area and Maligaon in Nilachal Hills, Sarania Hills and Boragaon on Saturday, alarming hill residents, whose number has crossed two lakh in Guwahati, said sources. Junu Chakraborty (50) was injured in the Nursery area after a wall of her house collapsed on Saturday morning. However, she is out of danger. There are no reports of injury from other parts of the city. A family miraculously escaped unhurt when earth fell on their house in the Sarania Hills.","Boragaon, North Guwahati, Guwahati, Assam,",5km,landslide,rain,medium,unknown,,,,,,test,4860,India,IN,Assam,899094,Guwahati,10.70607,09/16/2014 07:21:00 PM,11/20/2017 03:17:00 PM,02/15/2018 03:51:00 PM,91.6906,26.1016
www.thehindu.com,http://www.thehindu.com/news/national/other-states/landslides-after-heavy-premonsoon-rain-in-mizoram/article4695784.ece,4845,05/07/2013 12:00:00 AM,,"Kolasib, Saiha, Mizoram,","A large number of villages in Mizoram have become inaccessible after landslides, triggered by heavy and incessant pre-monsoon rains that have been lashing the state since Saturday, have blocked the roads, official sources said on Wednesday. The landslides blocked the Champai road in Saiha district which connects the capital town with the Mizoram-Myanmar border.","Kolasib, Saiha, Mizoram,",50km,mudslide,rain,medium,unknown,,,,,,glc,4845,India,IN,Mizoram,25000,Kolasib,0.90447,04/01/2014 12:00:00 AM,11/20/2017 03:17:00 PM,02/15/2018 03:51:00 PM,92.6755,24.2315
assamtribune,http://www.assamtribune.com/scripts/detailsnew.asp?id=apr2110/at06,1770,04/20/2010 12:00:00 AM,,"Kharghuli, Guwahati, Assam","GUWAHATI, April 20 – Civic woes of Guwahatians is continuing to unfold its murkier side with incessant downpour today forcing district administration to engage National Disaster Response Force (NDRF) to facilitate movement of residents of low-lying areas at the heart of the capital city.   The incessant rains also led to landslide in the hilly areas of the city, including at Kharghuli hillside and the hills adjoining the Raj Bhavan. ","Kharghuli, Guwahati, Assam",1km,landslide,downpour,medium,unknown,0,,,,,glc,1770,India,IN,Assam,899094,Guwahati,2.18012,04/01/2014 12:00:00 AM,11/20/2017 03:17:00 PM,02/15/2018 03:51:00 PM,91.763,26.1965
Assam Times,http://www.assamtimes.org/node/14643,7728,08/22/2015 09:00:00 AM,,Natonal Highway in Jorabat area,Hundreds of vehicles have been remaining stranded on the Natonal Highway in Jorabat area where a huge hillock slipped on road the in the wee hours. It took several hours to clear the road. - See more at: http://www.assamtimes.org/node/14643#sthash.6wgmNZxM.dpuf,Natonal Highway in Jorabat area,5km,landslide,continuous_rain,medium,above_road,0,0,,,,glc,7728,India,IN,Assam,2000,Dispur,8.83912,05/27/2016 02:58:00 PM,11/20/2017 03:17:00 PM,02/15/2018 03:51:00 PM,91.8806,26.1028
www.nagalandpost.com,http://www.nagalandpost.com/ChannelNews/State/StateNews.aspx?news=TkVXUzEwMDA0MjY4Nw%3D%3D-bSp8jh3okxw%3D,5274,08/04/2013 12:00:00 AM,,"Suruhuto Town, Nagaland","Incessant torrential rain, which began Sunday at around 11.30 p.m. has completely cut off Suruhuto town from the rest of the state. In a press release, NGZPMC joint secretary Hotoshe Sema said all three links connecting Zunheboto, Mokokchung and Tuensang have been cut off. Road to Zunheboto has been  blocked in 5-6 places and Mokokchung road has been blocked in two places near Zhekuto and Longsa. The valleys of Nanga (Dikhu), Phizo and Tizu, known as rice bowls of Suruhuto Area has been damaged by floods and landslides. Many terrace fields and canals have been washed away by flood. A team of Nanga (Dikhu) Greener Zone Project Management Committee (NGZPMC) who were on GPS mapping of Community Conserved Area (CCA) has been stranded at Nanga valley owing to flood. Log bridges connecting Phuye New/Old and Suruhuto/Surumi/Aichi Saghemi villages have been washed away. Travelers from Tuensang to Kohima/Dimapur via Suruhuto-Coco shortcut road have been requested to take the via Mokokchung rout","Suruhuto Town, Nagaland",25km,landslide,rain,medium,unknown,,,,,,glc,5274,India,IN,Nāgāland,29499,Zunheboto,13.81486,04/01/2014 12:00:00 AM,11/20/2017 03:17:00 PM,02/15/2018 03:51:00 PM,94.564,26.0838
Indian Express,http://indianexpress.com/article/india/india-others/mizoram-aizawl-houses-swept-away-graves-damaged-by-rain-and-landslide/,7836,08/27/2015 12:00:00 AM,,"National Highway 54, at Kawnpui town","National Highway 54, the state’s lifeline, has also been blocked in several places, including at Kawnpui town","National Highway 54, at Kawnpui town",10km,landslide,downpour,medium,above_road,0,0,,,,glc,7836,India,IN,Mizoram,11043,Sāitlaw,12.62554,06/24/2016 07:33:00 PM,11/20/2017 03:17:00 PM,02/15/2018 03:51:00 PM,92.6724,24.042
ibnlive.in,http://ibnlive.in.com/generalnewsfeed/news/flash-floods-landslides-in-arunachal-pradesh/757817.html,3776,07/15/2011 06:00:00 PM,,Itanagar/Naharlagur/Nirjuli,"Meanwhile, massive rains have caused havoc in Seppa depositing boulders and loose sediments in various places in the township. The main thoroughfare Bazaarline and ALC line have been hit hard by the ravaging flood. Landslips also disrupted water supply in the twin capital cities of Itanagar and Naharlagun since yesterday. The 300 mm diameter ductile iron pipe carrying water from Nyroch river, one of the major sources that feeds about eight thousand population of Naharlagun and Nirjuli, was washed away at Tarajuli last evening. Flashflood cut off Seijosa in East Kameng district from rest of the state forcing people to abandon their homes and damaged colonies, mainly the medical, teacher and veterinary colonies, besides damaging the approach road to the government higher secondary school boys hostel, the sources added.",Itanagar/Naharlagur/Nirjuli,5km,landslide,downpour,small,unknown,0,,,,,glc,3776,India,IN,Arunāchal Pradesh,26912,Naharlagun,2.95672,04/01/2014 12:00:00 AM,11/20/2017 03:17:00 PM,02/15/2018 03:51:00 PM,93.7145,27.125
www.ndtv.com,http://www.ndtv.com/article/cities/landslide-triggered-by-heavy-rains-in-arunachal-pradesh-351219,4798,04/07/2013 12:00:00 AM,,"Dibang Valley, Arunachal Pradesh","A monsoon-like situation, with heavy showers triggering landslides, has been prevailing in Dibang Valley district in Arunachal Pradesh, which is prone to natural calamities like flood. Due to intermittent downpour in the district for the last several days, Anini-Roing road -- the thoroughfare linking the district -- has suffered massive blockade at numerous points bringing surface communication along the route to a grinding halt.The affected areas are Erone, Endulin, Ranli, Hunli and Deopani, official sources said on Sunday.Deputy Commissioner (DC) Tamune Miso, who, along with a team of officials, was on an inspection of various ongoing projects at Etalin, Anelih and Arzoo circles, was stranded at Etalin on Saturday due to snapping of road from both ends following the landslides, the sources said.The DC met the Border Roads Organisation (BRO) officials at wayside camp offices and sought cooperation from the road construction agency for clearing the road blockades.","Dibang Valley, Arunachal Pradesh",unknown,landslide,rain,medium,unknown,,,,,,test,4798,India,IN,Arunachal Pradesh,0,Motuo,98.33608,04/01/2014 12:00:00 AM,11/20/2017 03:17:00 PM,02/15/2018 03:51:00 PM,96.1509,28.8254
E-PAO,http://e-pao.net/GP.asp?src=1..020815.aug15,7388,08/01/2015 12:00:00 AM,,Senam,"At Senam and Tengnoupal, Some people of the two villages vacated their respective houses and shifted their belongings to a safer place as crack has been developed due to landslide in the village.",Senam,5km,landslide,continuous_rain,medium,unknown,0,0,,,,glc,7388,India,IN,Manipur,30418,Kakching,14.9647,12/14/2015 09:45:00 PM,11/20/2017 03:17:00 PM,02/15/2018 03:51:00 PM,94.0984,24.416
www.nagalandpost.com,http://www.nagalandpost.com/ChannelNews/State/StateNews.aspx?news=TkVXUzEwMDA0NDY0Nw%3D%3D-jp8K0A7ZhsM%3D,5421,08/30/2013 12:00:00 AM,,"Yakshu, Nagaland","It was also learnt that last week, a road excavator of the BRTF, which was at the site, clearing the landslide, was carried away about 20 feet below the road by heavy mudslide. ","Yakshu, Nagaland",5km,mudslide,unknown,medium,unknown,,,,,,glc,5421,India,IN,Nāgāland,33748,Tuensang,22.58609,04/01/2014 12:00:00 AM,11/20/2017 03:17:00 PM,02/15/2018 03:51:00 PM,94.9731,26.4205
e-pao,http://www.e-pao.net/GP.asp?src=27..280810.aug10,2343,08/27/2010 04:30:00 PM,,"NH-39 at Ekai village(?), 2 km for Tadubi, Manipur","Imphal, August 27 2010: The state was cut off from the rest of the country as landslides triggered by torrential rains blocked both NH-39 and 53.The disturbances on the highways are amidst the extended 25-day economic blockade imposed by UNC which entered the third day today.  The landslide blocking NH-39 occurred at Ekai village, two kilometer away from Tadubi at about 4.30 pm today while the traffic on NH-53 was blocked by a heavy landslide at Kambirong only 10 metres away from Nungba police station, official reports said.  The report said that due to the landslide at Ekai village, highway traffic has been totally blocked.  A portion of around 10 metres of the hill face has slid due to torrential rains in the last few days, it added.  The road has been totally blocked by rocks and mud forcing freight trucks and other vehicles stranded on both sides of the landslide area.","NH-39 at Ekai village(?), 2 km for Tadubi, Manipur",5km,landslide,downpour,medium,unknown,0,,,,,glc,2343,India,IN,Nāgāland,92113,Kohima,21.83054,04/01/2014 12:00:00 AM,11/20/2017 03:17:00 PM,02/15/2018 03:51:00 PM,94.1327,25.4786
morungexpress,http://www.morungexpress.com/local/69559.html,3683,07/01/2011 12:00:00 AM,,NH-61 between Botsa and Chiechama,500 ft stretch of road affected by landslide.  Triggered by continuous rain,NH-61 between Botsa and Chiechama,10km,landslide,downpour,medium,unknown,0,,,,,glc,3683,India,IN,Nāgāland,92113,Kohima,23.41407,04/01/2014 12:00:00 AM,11/20/2017 03:17:00 PM,02/15/2018 03:51:00 PM,94.1739,25.8782
International Business Times,http://www.ibtimes.co.in/meghalaya-massive-landslide-east-jaintia-hills-flash-floods-shillong-hit-normal-life-643439,7591,03/19/2015 12:00:00 AM,,Ratacherra,"Minor landslides were also reported in Tongseng, Ratacherra and Dona areas.",Ratacherra,5km,landslide,rain,small,unknown,0,0,,,,glc,7591,India,IN,Assam,55290,Karīmganj,20.79709,03/24/2016 12:56:00 AM,11/20/2017 03:17:00 PM,02/15/2018 03:51:00 PM,92.4584,25.0318
articles.timesofindia.indiatimes.com,http://articles.timesofindia.indiatimes.com/2013-09-08/guwahati/41872983_1_flood-situation-arunachal-pradesh-landslides,5441,09/02/2013 12:00:00 AM,,"Gosang Village Under Jengging Circle, Arunachal Pradesh","With improvement in the weather, the water level of major rivers in Eastern Arunachal showed a receding trend even as West and Upper Siang districts in the state remained cut off due to massive landslides triggered by torrential rain. Chief Minister Nabam Tuki on Saturday undertook an aerial survey of the affected areas accompanied by Chief Secretary Hari Krishna and Secretary, Disaster Management, Kapa Kholie, officials said on Sunday. Reports had poured in of the Noa Dihing River rising over danger level and inundating portions of Dumpani and four other villages under Diyun circle in Changlang district. At least 13,246 people of eleven villages have been affected by the current wave of flood. Landing at Diyun, Tuki took first hand report of the situation from local Legislator C C Singpho and officials of the district administration, sources said. The swollen river has triggered landslides in at least seven villages while about 85 hectares have been submerged in five villages, they sa","Gosang Village Under Jengging Circle, Arunachal Pradesh",5km,landslide,downpour,large,unknown,,,,,,glc,5441,India,IN,Arunāchal Pradesh,18425,Along,52.08889,04/01/2014 12:00:00 AM,11/20/2017 03:17:00 PM,02/15/2018 03:51:00 PM,94.9829,28.611
Business Standard,http://www.business-standard.com/article/pti-stories/two-killed-in-mizoram-landslide-116072900324_1.html,9232,07/28/2016 11:00:00 PM,,"Ngur, near Mizoram-Myanmar border, India","A woman and her three-year-old daughter were killed and six others injured when a house was hit by a massive landslide at Ngur village at Mizoram-Myanmar border, police said today.   Bodies of Dawnsianmuangi (42) and her daughter were taken out from the mud by the villagers following the landslide last night.   Dawnsiangmuangi's youngest daughter, who is three-month old, is safe, police said.   One of the six injured persons was Laltlanthanga, a voluntary rescue worker, who sustained spinal injury and was brought to the Aizawl Civil Hospital.   Nine families abandoned their houses in Ngur after incessant rainfall in village for two days, police said.","Ngur, near Mizoram-Myanmar border, India",1km,landslide,continuous_rain,medium,unknown,2,6,,,,glc,9232,India,IN,Mizoram,2537,Khawhai,31.21935,07/29/2016 05:24:00 PM,11/20/2017 03:17:00 PM,02/15/2018 03:51:00 PM,93.3783,23.5397
thesop.org,http://thesop.org/story/20120701/woman-killed-in-guwahati-by-landslide.html,4434,06/25/2012 06:00:00 PM,,"Sonaighuli area near Kahilipara, Guwahati City, Assam","A woman was killed and a man injured in landslide in Guwahati city on Monday evening, June 25, police said. The incident took place at Sonaighuli area near Kahilipara in the city on Monday evening, when a woman was hit by a rock during landslide after heavy rain in previous 48 hours. The deceased was identified as Pinky Mondal. n the same incident, a person named Anup Mondal was also injured, and he was admitted to the Guwahati Medical College hospital for treatment.","Sonaighuli area near Kahilipara, Guwahati City, Assam",1km,landslide,downpour,large,unknown,1,,,,,glc,4434,India,IN,Assam,2000,Dispur,7.2318,04/01/2014 12:00:00 AM,11/20/2017 03:17:00 PM,02/15/2018 03:51:00 PM,91.7369,26.1049
isikkim.com,http://isikkim.com/2012-06-landslides-disrupt-surface-communication-in-arunachal-pradesh-05-9/,4378,06/02/2012 12:00:00 AM,,"Arunachal Pradesh, Dibang,","In Arunachal Pradesh, heavy landslides caused by torrential rain has disrupted surface communication between Dibang and Lower Diwang Valley districts. Since last three days there is no communication between Anini and Roing, the headquarters of both the districts. This is due to blockade at several points along the road caused by heavy downpour, officials said here today.","Arunachal Pradesh, Dibang,",50km,landslide,downpour,medium,unknown,,,,,,test,4378,India,IN,Arunachal Pradesh,0,Motuo,98.40115,04/01/2014 12:00:00 AM,11/20/2017 03:17:00 PM,02/15/2018 03:51:00 PM,96.1517,28.8254
NDTV,http://www.ndtv.com/andhra-pradesh-news/3-killed-in-landslide-in-arunachal-pradesh-781829,7214,07/15/2015 08:00:00 AM,,Type-IV Colony of Seppa in East Kameng,"Torrential rains in the past 24 hours have caused heavy landslides in various areas of the district headquarters damaging several houses, roads, culverts, pipelines and electricity poles.  three victims - a couple and their three-year-old son killed on the spot",Type-IV Colony of Seppa in East Kameng,5km,landslide,monsoon,medium,urban,3,0,,,,glc,7214,India,IN,Arunachal Pradesh,7121,Bomdila,61.6633,07/17/2015 01:38:00 PM,11/20/2017 03:17:00 PM,02/15/2018 03:51:00 PM,93.0385,27.36
articles.timesofindia.indiatimes.com,http://articles.timesofindia.indiatimes.com/2013-10-07/guwahati/42793381_1_anil-nagar-heavy-rain-nabin-nagar,5582,10/06/2013 12:45:00 PM,,"Batahguli, Guwahati, Assam","Heavy downpour in the last 24 hours paralyzed life in Guwahati and a landslide triggered by the rain claimed the life of an elderly person in the city on Sunday. The rain also dampened the spirit of Durga Puja shopping in the city. Kamrup (Metro) additional deputy commissioner Dhrubajyoti Das said one Man Bahadur Gurung (80) of Batahghuli area in the city died when a rock rolled down the hills and hit Gurung, who was sitting at the foothills. Another landslide occurred on the Nilachal Hill, but no one was injured in the incident.","Batahguli, Guwahati, Assam",5km,landslide,downpour,medium,unknown,1,,,,,glc,5582,India,IN,Assam,2000,Dispur,3.79782,04/01/2014 12:00:00 AM,11/20/2017 03:17:00 PM,02/15/2018 03:51:00 PM,91.8383,26.1309
timesofindia.indiatimes,http://timesofindia.indiatimes.com/india/13-killed-as-rains-wrack-havoc-in-north-and-eastern-India-/articleshow/6532367.cms,2405,09/09/2010 11:00:00 PM,,"Mossing(Mosing) village(?), Upper Siang district, Arunachal Pradesh","Sep 10, 2010, 09.40pm IST  NEW DELHI: Thirteen people were killed as heavy monsoon rains wracked havoc in north and east India, triggering landslides and inundating lakhs of acres of farmland on Friday.  At least eight people were buried alive under the debris following massive landslides triggered by incessant rains in Arunachal Pradesh.  Upper Siang district remained cut off after a vital bridge connecting the area with other places was badly damaged due to flash floods and landslides.  ","Mossing(Mosing) village(?), Upper Siang district, Arunachal Pradesh",unknown,landslide,downpour,medium,unknown,10,,,,,glc,2405,India,IN,Arunāchal Pradesh,25581,Pāsighāt,27.57255,04/01/2014 12:00:00 AM,11/20/2017 03:17:00 PM,02/15/2018 03:51:00 PM,95.4112,28.3036
e-pao.net,http://e-pao.net/GP.asp?src=7..020611.jun11,3556,05/31/2011 02:00:00 PM,,"Roads between Tamei(Tamma?), Kangpokpi and Chalwa, Manipur","June 01 2011: The denizens of Tamei subdivision while using the IT Road from Kangpokpi to Tamei stretch take immense risk as landslides have begun to occur as the rainy season begins.  As recent as on Tuesday, the flooding streams between Tamei and Chalwa had brought down debris and dumped along the road making the communters very hard to negotiate.  Communters pasing after 2 pm failed to reach their destination due to the road problem yesterday.","Roads between Tamei(Tamma?), Kangpokpi and Chalwa, Manipur",25km,landslide,continuous_rain,small,unknown,0,,,,,glc,3556,India,IN,Manipur,223523,Imphal,39.70921,04/01/2014 12:00:00 AM,11/20/2017 03:17:00 PM,02/15/2018 03:51:00 PM,93.8474,25.1555
e-pao.net,http://e-pao.net/GP.asp?src=6..111010.oct10,2569,10/08/2010 12:00:00 AM,,"Bungte Chiru village(?), Senapati district, Manipur","According to a delayed report reaching here atleast six houses have been damaged in landslides that occurred unexpectedly in the morning of October 8 at Bungte Chiru village under Saitu Assembly Constituency of Senapati district.  The report said that out of the six houses, one has been destroyed beyond redemption while the five others have been partially damaged.  Chief of Bungte Chiru village Rihangkha Thanglen said properties worth around Rs 5 lakhs have been destroyed in the landslides.","Bungte Chiru village(?), Senapati district, Manipur",5km,landslide,downpour,medium,unknown,0,,,,,glc,2569,India,IN,Nāgāland,92113,Kohima,45.24129,04/01/2014 12:00:00 AM,11/20/2017 03:17:00 PM,02/15/2018 03:51:00 PM,94.0212,25.2745
Mizoram Express,http://mizoramexpress.com/index.php/2010/09/mizoram-landslides-kill-one-woman/,2423,09/13/2010 12:00:00 AM,,"road to Kanan Veng from Hunthar Veng, Mizoram","In Hunthar Veng, the kitchen side of H. Lalchhanhima’s house was damaged by a landslide while the road to Kanan Veng was blocked by a landslide. ","road to Kanan Veng from Hunthar Veng, Mizoram",1km,landslide,downpour,medium,above_road,,,,,,glc,2423,India,IN,Mizoram,20244,Serchhīp,8.59507,04/01/2014 12:00:00 AM,11/20/2017 03:17:00 PM,02/15/2018 03:51:00 PM,92.71060943,23.73504471
articles.timesofindia,http://articles.timesofindia.indiatimes.com/2011-05-27/guwahati/29591193_1_dima-hasao-landslide-traffic-movement,3532,05/24/2011 12:00:00 AM,,"Silchar-Haflong rd., at Reko(Rekha )(?), near Harangajao, Barail Hills, Assam","May 27, 2011, 12.15pm IST  SILCHAR: Traffic movement on the Silchar-Haflong Road (NH-54) has been hit following heavy landslide in a 200-metre area on the highway. The situation is expected to remain the same for the next two months.  According to reports, the landslide took place on Tuesday evening due to heavy rainfall in the Barail Hills range. Two rice-laden trucks also went under the debris. Officials said soil, mud, trees and debris came down to the road from the adjoining hills at Reko near Harangajao, 25 km from Haflong, the headquarters of Dima Hasao district. About 200 meters stretch of the road was washed away due to the impact of the mudslip, an official said on Thursday.  Sources said two trucks, which were on their way to Haflong from Silchar, went under the debris. However, there was no report of any casualty, the sources added. The trucks were loaded with rice meant for midday meal at schools in Dima Hasao.  ""The stretch of the road where the landslide took place has v","Silchar-Haflong rd., at Reko(Rekha )(?), near Harangajao, Barail Hills, Assam",10km,complex,downpour,medium,unknown,0,,,,,glc,3532,India,IN,Assam,39982,Hāflong,18.40848,04/01/2014 12:00:00 AM,11/20/2017 03:17:00 PM,02/15/2018 03:51:00 PM,92.8551,25.0888
The Assam Tribune,http://www.assamtribune.com/scripts/detailsnew.asp?id=sep0615/city053,7956,09/05/2015 12:00:00 AM,,Byrnihat,"Another landslide occurred in the 17th Mile area of Byrnihat today, blocking the four lanes of the Guwahati-Shillong Road (NH-40). The road on one side will be cleared by midnight, informed NHAI personnel. Clearance of the other side will be possible only tomorrow.",Byrnihat,1km,landslide,unknown,medium,above_road,0,0,,http://www.assamtribune.com/sep0615/city053.jpg,,glc,7956,India,IN,Meghalaya,2000,Dispur,11.90419,06/30/2016 02:50:00 PM,11/20/2017 03:17:00 PM,02/15/2018 03:51:00 PM,91.8695,26.048
Mizoram Express,http://mizoramexpress.com/index.php/2010/09/mizoram-landslides-kill-one-woman/,2425,09/13/2010 12:00:00 AM,,"near Tuichang(?) on Tuichang river, Aizawl-Champhai rd, Mizoram","Sep 15, 2010  AIZAWL: Aizawl-Champhai road also was blocked by landslides in two places near Tuivawl and Tuichang.  ZONET Champhai Corr. said, the road block near Tuivawl was cleared while men are still at work till in the afternoon to clear the road block near Tuichang.","near Tuichang(?) on Tuichang river, Aizawl-Champhai rd, Mizoram",25km,landslide,downpour,medium,unknown,0,,,,,glc,2425,India,IN,Mizoram,2537,Khawhai,6.62394,04/01/2014 12:00:00 AM,11/20/2017 03:17:00 PM,02/15/2018 03:51:00 PM,93.0748,23.3439
The Shillong Times,http://www.theshillongtimes.com/2015/06/17/entire-family-among-5-dead-in-tura-landslides/,6970,06/16/2015 12:00:00 AM,,Akonggre,Chotelal Prasad was severely injured after boulders fell on his house and was rushed to Tura Civil Hospital where he succumbed to his injuries.,Akonggre,1km,rock_fall,downpour,small,above_road,1,0,,,,glc,6970,India,IN,Meghalaya,63645,Tura,1.79502,06/25/2015 08:15:00 PM,11/20/2017 03:17:00 PM,02/15/2018 03:51:00 PM,90.2191,25.5084
www.nagalandpost.com,http://www.nagalandpost.com/channelnews/State/StateNews.aspx?news=TkVXUzEwMDA0MzQ3OQ%3D%3D-qmeQz2DKZMo%3D,5312,08/11/2013 11:00:00 PM,,Kangtsung Village,"MLA and Chairman, Nagaland Pollution Control, Amenba Yaden Saturday visited the landslide area at Kangtsung village and its surrounding areas under Tuli in Mokokchung district. Major landslides had completely cut off road connectivity of Kangtsung and Anaki areas of Tuli Sub-division, Mokokchung district with the rest of the state. Kangtsung Village Council and all the villagers expressed gratitude to the MLA and Chairman, Nagaland Pollution Control for showing his concern. The council also thanked the concerned department officials for their visit and requested to take necessary steps to restore the roads at the earliest. At the same time, the village council at its own expenses had pressed into service two JCBs and a Dumper, since Monday to clear the road so that light vehicles and pedestrians could pass. Out of the 40-50, 8 to 10 major landslides caused immense distress to the villagers since August 11. Rain triggered landslides began hitting the area on August 11 though no loss of ",Kangtsung Village,10km,landslide,downpour,very_large,unknown,0,,,,,glc,5312,India,IN,Assam,8494,Amguri,20.23756,04/01/2014 12:00:00 AM,11/20/2017 03:17:00 PM,02/15/2018 03:51:00 PM,94.693,26.7103
assamtribune,http://www.assamtribune.com/scripts/detailsnew.asp?id=oct1110/oth05,2568,10/08/2010 12:00:00 AM,,"Nungba, Tamenglong, Manipur","The traffic along the 220 km Imphal-Jiribam section of the National Highway 53 has also been disturbed due to landslide at Nungba in Tamenglong district. Owing to the landslide, over 200 loaded trucks heading towards Imphal from Jiribam was stranded, police said.  ","Nungba, Tamenglong, Manipur",25km,landslide,downpour,medium,unknown,0,,,,,glc,2568,India,IN,Assam,12871,Lakhipur,40.71672,04/01/2014 12:00:00 AM,11/20/2017 03:17:00 PM,02/15/2018 03:51:00 PM,93.4108,24.7679
IBN Live,http://www.ibnlive.com/news/india/incessant-rains-trigger-landslide-and-mud-slips-in-nagaland-1029674.html,7409,08/02/2015 12:00:00 AM,,Meluri Sub-Division in Phek District of Nagaland,Incessant rains for the past few days have caused mud slips and landslide in some areas under Meluri Sub-Division in Phek District of Nagaland.,Meluri Sub-Division in Phek District of Nagaland,10km,landslide,continuous_rain,medium,unknown,0,0,,,,glc,7409,India,IN,Nagaland,15118,Phek,13.58896,02/04/2016 01:20:00 AM,11/20/2017 03:17:00 PM,02/15/2018 03:51:00 PM,94.6219,25.72
Nagaland Post,http://www.nagalandpost.com/ChannelNews/State/StateNews.aspx?news=TkVXUzEwMDEwMDE5MQ%3D%3D,9219,07/26/2016 11:00:00 PM,,"Zunheboto, Nagaland, India","Incessant heavy downpour since the past few weeks has caused landslides across Zunheboto district.  On July 26 night, the kitchen of one of the employees of Zunheboto Town Council (ZTC) was completely damaged by a retaining wall which fell due to landslide in the area.  On joint verification headed by Head DB, Zunheboto, Toyi and colony GB Vihoto Achumi it was learnt that the property was completely damaged by the landslide.","Zunheboto, Nagaland, India",5km,landslide,downpour,medium,retaining_wall,0,0,,,,glc,9219,India,IN,Nagaland,29499,Zunheboto,4.95159,07/28/2016 06:02:00 PM,11/20/2017 03:17:00 PM,02/15/2018 03:51:00 PM,94.5282,26.0101
indianexpress,http://www.indianexpress.com/news/Landslides-cut-off-N-E/695456,2579,10/09/2010 12:00:00 AM,,"Lower Pezielietsie(Tinpati), Kohima, Manipur","Landslides caused by heavy rain damaged several houses and shops in Lower Pezielietsie in Kohima Saturday, rendering several families homeless. A Maruti van was washed away and damaged after it was buried in the debris, reports from Kohima said. ","Lower Pezielietsie(Tinpati), Kohima, Manipur",1km,landslide,downpour,medium,unknown,0,,,,,glc,2579,India,IN,Nāgāland,92113,Kohima,0.88008,04/01/2014 12:00:00 AM,11/20/2017 03:17:00 PM,02/15/2018 03:51:00 PM,94.1076,25.682
The Northeast Today,http://thenortheasttoday.com/landslides-damage-houses-graves-in-aizawl/,8223,09/14/2015 03:10:00 AM,,"Aizawl, Mizoram, India","Landslides triggered by heavy downpour on Monday night have swept away two houses and damaged 39 graves in Aizawl. In Zemabawk neighbourhood in the eastern periphery of the city, two houses were carried away by landslide which also blocked the national highway 54, connecting Aizawl eastern parts of the state. There were no human casualties as family members of the two buildings managed to flee before the incident that took place around 3:10am this morning. The landslide also buried one maxicab and a truck parked on the roadside.","Aizawl, Mizoram, India",5km,landslide,downpour,large,above_road,0,0,,http://thenortheasttoday.com/wp-content/uploads/2015/09/11999911_1012700208774619_1460153118_n.gif,,glc,8223,India,IN,Mizoram,265331,Aizawl,0.6548,07/05/2016 02:49:00 PM,11/20/2017 03:17:00 PM,02/15/2018 03:51:00 PM,92.7187,23.7348
Shillong Times,http://www.theshillongtimes.com/2015/08/20/child-washed-away-in-tura/,7336,08/19/2015 09:00:00 AM,,NH-62 at Sibbari,The three days of deluge caused a portion of NH-62 to remain closed for some hours at Sibbari area due to a land slip on Wednesday morning.,NH-62 at Sibbari,10km,landslide,continuous_rain,medium,above_road,0,0,,,,glc,7336,India,IN,Meghalaya,79016,Netrakona,41.13405,08/21/2015 10:12:00 PM,11/20/2017 03:17:00 PM,02/15/2018 03:51:00 PM,90.5549,25.2193
Arunchal Times,http://www.arunachaltimes.in/monsoon-fury-continues-to-pound-tawang/,9252,07/28/2016 12:00:00 AM,,"Dolma Lhakang complex, Lumla, Tawang,  Arunachal Pradesh, India","Monsoon fury continues to pound Tawang with the rain not stopping, triggering heavy landslide causing extensive damages to roads, snapping water and power supplies in large part of the district. Fresh incidents of landslides and house collapses were reported on Friday after moderate to heavy rains lashed the region. Already cut-off from the mainland with water and power supply snapped, the connectivity inside the Lumla sub-division has been choked, bringing administrative functioning to a grinding halt. A major landslide has occurred at Dolma Lhakang complex on Thursday posing threat to the Tara Devi statue which is religious tourist place. “Landslide was taking place since last few days but it has reached near the statue due to continuous rain since Thursday. Immediate measures are needed to prevent further damage”, said Lama Tsedar, a monk. “Dolma Lhakang is an important landmark for Lumla, both from religious and tourism point of view. We are positive that administration will work o","Dolma Lhakang complex, Lumla, Tawang,  Arunachal Pradesh, India",5km,landslide,monsoon,medium,unknown,0,0,,http://www.arunachaltimes.in/wp-content/uploads/2016/07/Monsoon-fury-continues-to-pound-Tawang-300x206.jpg,,glc,9252,India,IN,Arunachal Pradesh,4831,Tawang,5.92679,08/01/2016 02:56:00 PM,11/20/2017 03:17:00 PM,02/15/2018 03:51:00 PM,91.8644,27.5748
e-pao.net,http://e-pao.net/GP.asp?src=Snipp8..230813.aug13,5300,08/09/2013 12:00:00 AM,,"Senapati, Manipur","The heavy downpour in Senapati during the past weeks has caused landslides and flood like situation in low land areas in many parts of the district. Besides the National Highway, State highway and Inter Village Roads were badly affected by the downpour. Meanwhile, a press note issued by the Headmaster of Koide Government High School stated that vast portion of school compound in its Southern side has been washed away due to heavy downpour in recent past. It stated that approximately 118 ft in length and 20 ft in height portion of land was washed away. The villagers sought the immediate action of the concerned department to save the lone school building in the village from further collapse and damage, maintained the press note.","Senapati, Manipur",50km,landslide,downpour,large,unknown,,,,,,glc,5300,India,IN,Nāgāland,92113,Kohima,40.08056,04/01/2014 12:00:00 AM,11/20/2017 03:17:00 PM,02/15/2018 03:51:00 PM,94.0441,25.318
E-PAO,http://e-pao.net/GP.asp?src=26..120815.aug15,7665,08/11/2015 12:00:00 AM,,Khoupum,"In a press statement, ZB-AMN General Secretary Dr Gairiangmei Maringmei said due to recent incessant rain, several areas of the Zeliangrong region have experienced landslides.",Khoupum,5km,landslide,continuous_rain,medium,unknown,0,0,,,,glc,7665,India,IN,Manipur,0,Bishnupur,31.62348,04/28/2016 10:35:00 PM,11/20/2017 03:17:00 PM,02/15/2018 03:51:00 PM,93.5291,24.7016
ptinews,http://www.ptinews.com/news/721800_Landslides--blockade-hit-trains-services-in-NC-Hills,1994,06/16/2010 12:00:00 AM,,"rails between Jatinga and Longrangjao(?), Assam","Train services in central Assam's North Cachar Hills district have been disrupted due to heavy landslides and a three-day railway blockade called by a students organisation today.  The landslide and blockade affected the Agartala Special, Cachar Express, Barak Valley Passenger, Hill Queen and several other goods trains, railway sources said here today.  Landslides between Jatinga and Longrangjao as well as Mahur and Wadringdisa yesterday stopped rail traffic in the district, the sources said.","rails between Jatinga and Longrangjao(?), Assam",25km,landslide,downpour,medium,unknown,0,,,,,glc,1994,India,IN,Assam,39982,Hāflong,24.41974,04/01/2014 12:00:00 AM,11/20/2017 03:17:00 PM,02/15/2018 03:51:00 PM,92.8025,25.0633
morungexpress,http://www.morungexpress.com/local/68036.html,3760,07/11/2011 09:00:00 AM,,"NH-61, 1 km before reaching Botsa","Kohima | July 11 : The incessant rainfall last night resulted in a massive landslide this early morning at NH-61, 1 Km before reaching Botsa. Sources said vehicles were stand off for a long time till the road was cleared. PWD department on receiving information entrusted the local contractors to clear off the road since the department does not have enough and good machineries and with the efforts of the local contractor’s road was reportedly opened by 11.15 am. Executive engineer PWD disclosed that they had a meeting and decided to take temporary measures where the machineries belonging to the contractors will be deployed for sometime.","NH-61, 1 km before reaching Botsa",25km,landslide,downpour,medium,unknown,0,,,,,glc,3760,India,IN,Nāgāland,92113,Kohima,0.50696,04/01/2014 12:00:00 AM,11/20/2017 03:17:00 PM,02/15/2018 03:51:00 PM,94.1095,25.6703
kanglaonline,http://www.kanglaonline.com/index.php?template=headline&newsid=43094&typeid=1,692,08/07/2008 12:00:00 AM,,"National Highway-39, Dimapur-Imphal road and another under Kiphire district of Nagaland","Torrential rains during monsoon caused problems in Nagaland and Manipur, resulting in major landslides damaging bridges and sinking roads along the National Highway-39 and also in different parts of Nagaland. Occurred sometime 7th to 22nd","National Highway-39, Dimapur-Imphal road and another under Kiphire district of Nagaland",10km,landslide,downpour,medium,unknown,,,,,,glc,692,India,IN,Nāgāland,92113,Kohima,7.87804,04/01/2014 12:00:00 AM,11/20/2017 03:17:00 PM,02/15/2018 03:51:00 PM,94.04,25.705
morungexpress,http://www.morungexpress.com/local/67219.html,3633,06/20/2011 12:00:00 AM,,Mokokchung,"Mokokchung, June 21 (DIPR): Several houses were damaged at Mokokchung town by landslide after heavy downpour on Monday night (July 20). On receiving report from different wards, District Administration, MMC and concern officials visited the affected houses in different wards.  Three houses were badly damaged in Artang and Majakong wards while minor damaged of several houses mainly in Artang, Majakong and Alempang wards were reported. Beside many roads were blocked by landslide in and around Mokokchung town affecting vehicular movements. District Administration, Mokokchung Municipal Council and Department of Food and Civil Supplies, have given cash and kind to the major affected families as immediate relief. While personnel of fire services, ward Members are giving their best effort to restore the damage.   ",Mokokchung,5km,landslide,downpour,medium,unknown,0,,,,,glc,3633,India,IN,Nāgāland,34021,Mokokchūng,0.92729,04/01/2014 12:00:00 AM,11/20/2017 03:17:00 PM,02/15/2018 03:51:00 PM,94.5121,26.3186
E-PAO,http://e-pao.net/GP.asp?src=22..020815.aug15,7374,08/01/2015 12:00:00 AM,,Ukhrul town Circular road from Rayotang to Viewland Zone II,"In separate similar incidents, due to sinking of Ukhrul town Circular road from Rayotang to Viewland Zone II, a newly constructed Meitei Baptist Church building, including pastor quarter and kitchen have been destroyed, while heavy downpour that lashed the district over the last 48 hours has left some three dwelling houses damaged at Dungrei Junction.",Ukhrul town Circular road from Rayotang to Viewland Zone II,10km,landslide,continuous_rain,medium,below_road,0,0,,,,glc,7374,India,IN,Manipur,223523,Imphal,53.75747,02/04/2016 04:49:00 PM,11/20/2017 03:17:00 PM,02/15/2018 03:51:00 PM,94.3591,25.1122
articles.timesofindia,http://articles.timesofindia.indiatimes.com/2012-07-07/guwahati/32577108_1_arunachal-district-landslides-arunachal-pradesh,4446,07/05/2012 12:00:00 AM,,"Tuting, Upper Siang , Arunachal Pradesh",Tuting in Upper Siang district of Arunachal Pradesh is cut off from the rest of the country following massive landslides triggered by torrential rain over the past couple of days.,"Tuting, Upper Siang , Arunachal Pradesh",5km,landslide,downpour,large,unknown,,,,,,test,4446,India,IN,Arunachal Pradesh,0,Damnyain,52.64616,04/01/2014 12:00:00 AM,11/20/2017 03:17:00 PM,02/15/2018 03:51:00 PM,94.8885,28.9986
nagalandpost,http://www.nagalandpost.com/ShowStory.aspx?npoststoryiden=UzEwMjg4MDU%3D-2pMJ7cwWh98%3D,2098,07/19/2010 06:00:00 AM,,"Jahjon ward(?), Mon town, Nagaland","Due to heavy rainfall, one house was damaged while other was washed away by the landslide at Jahjon ward, Mon town on July 19 around 6 am.  Apart from the damage of properties and houses, no casualty was reported. ","Jahjon ward(?), Mon town, Nagaland",5km,landslide,downpour,medium,unknown,0,,,,,glc,2098,India,IN,Nāgāland,18742,Mon,3.39049,04/01/2014 12:00:00 AM,11/20/2017 03:17:00 PM,02/15/2018 03:51:00 PM,95.0283,26.7215
gsi.gov,"http://www.portal.gsi.gov.in/portal/page?_pageid=127,875814&_dad=portal&_schema=PORTAL",2205,08/06/2010 12:00:00 AM,,"Dawrpui Vengthar cemetary, Aizwal, Mizoram","As per PTI report a massive landslide triggered by heavy rains on 6th August 2010 at the cemetery of Dawrpui Vengthar locality, Aizwal has swept away number of tombs. ","Dawrpui Vengthar cemetary, Aizwal, Mizoram",1km,landslide,downpour,medium,unknown,0,,,,,glc,2205,India,IN,Mizoram,265331,Aizawl,0.90276,04/01/2014 12:00:00 AM,11/20/2017 03:17:00 PM,02/15/2018 03:51:00 PM,92.7146,23.7365
assamtribune,http://www.assamtribune.com/scripts/detailsnew.asp?id=oct1312/oth06,4610,11/11/2012 12:00:00 AM,,"Dapchhuah, Mamit, Mizoram","Four people were killed and several places remained inaccessible due to road blockade caused by landslides since yesterday as heavy rains lashed Mizoram since Wednesday night, police said. The driver and operator of an excavator and the driver of a private vehicle were killed following a massive landslide near Dapchhuah village on Mizoram-Tripura border Mamit district last evening.While the body of Nasim Uddin, working under Muzir Uddin, operator of the excavator, was found, the search for the bodies of Muzir Uddin and Lalnunsiama, the driver of the vehicle, was on.","Dapchhuah, Mamit, Mizoram",5km,landslide,downpour,medium,unknown,4,,,,,glc,4610,India,IN,Mizoram,5760,Sairang,14.01872,04/01/2014 12:00:00 AM,11/20/2017 03:17:00 PM,02/15/2018 03:51:00 PM,92.5217,23.7705
www.nagalandpost.com,http://www.nagalandpost.com/ChannelNews/State/StateNews.aspx?news=TkVXUzEwMDA0MjY4Nw%3D%3D-bSp8jh3okxw%3D,5275,08/04/2013 12:00:00 AM,,"Suruhuto Town, Nagaland","Incessant torrential rain, which began Sunday at around 11.30 p.m. has completely cut off Suruhuto town from the rest of the state. In a press release, NGZPMC joint secretary Hotoshe Sema said all three links connecting Zunheboto, Mokokchung and Tuensang have been cut off. Road to Zunheboto has been  blocked in 5-6 places and Mokokchung road has been blocked in two places near Zhekuto and Longsa. The valleys of Nanga (Dikhu), Phizo and Tizu, known as rice bowls of Suruhuto Area has been damaged by floods and landslides. Many terrace fields and canals have been washed away by flood. A team of Nanga (Dikhu) Greener Zone Project Management Committee (NGZPMC) who were on GPS mapping of Community Conserved Area (CCA) has been stranded at Nanga valley owing to flood. Log bridges connecting Phuye New/Old and Suruhuto/Surumi/Aichi Saghemi villages have been washed away. Travelers from Tuensang to Kohima/Dimapur via Suruhuto-Coco shortcut road have been requested to take the via Mokokchung rout","Suruhuto Town, Nagaland",10km,landslide,monsoon,medium,unknown,,,,,,glc,5275,India,IN,Nāgāland,34021,Mokokchūng,21.25445,04/01/2014 12:00:00 AM,11/20/2017 03:17:00 PM,02/15/2018 03:51:00 PM,94.6055,26.1498
morungexpress,http://www.morungexpress.com/frontpage/53726.html,2247,08/14/2010 12:00:00 AM,,"Tuensang-Shamatore(Sampurre) rd, Nagaland","People cross a portion of the landslide area, along the National Highway 39, below Kohima, on Saturday, August 21, 2010. The calamities which affect the National Highway 39 started from August 7 after continuous heavy rainfall in the hilly state of Nagaland.   Almost all roads in Tuensang district including those connecting the district headquarters have become unpliable for both the Nagaland State Transport (NST) buses and private vehicles. Some of the roads worst hit by landslides and land-sinking are Tuensang-Shamatore road, Noklak-Tuensang road, Kiphire-Tuensang road and Tuensang-Mokokchung road. (Very unclear about the date, anytime between August 7th and August 21st)","Tuensang-Shamatore(Sampurre) rd, Nagaland",10km,landslide,downpour,medium,unknown,0,,,,,glc,2247,India,IN,Nāgāland,33748,Tuensang,13.31188,04/01/2014 12:00:00 AM,11/20/2017 03:17:00 PM,02/15/2018 03:51:00 PM,94.8422,26.148
theshillongtimes.com,http://theshillongtimes.com/2011/08/17/landslides-claim-six/,3927,08/16/2011 08:00:00 AM,,"Garo Hills, Tura","torrential rains from seasonal monsoon, fatalities occurred when landslides buried houses, roads and bridges severely damaged, extensive damage to property and livestock","Garo Hills, Tura",unknown,landslide,downpour,medium,unknown,6,,,,,glc,3927,India,IN,Meghālaya,63645,Tura,0.82423,04/01/2014 12:00:00 AM,11/20/2017 03:17:00 PM,02/15/2018 03:51:00 PM,90.2167,25.5144
India times,http://timesofindia.indiatimes.com/India/Flood-hit_Tripura_Mizoram_remain_cut_off_for_seventh_day/articleshow/2380211.cms,259,09/11/2007 12:00:00 AM,,"Assam-Agartala National Highway, Sonarpur in Jayantiya hills of Meghalaya","on highway, blocking road","Assam-Agartala National Highway, Sonarpur in Jayantiya hills of Meghalaya",unknown,landslide,rain,medium,unknown,,,,,,glc,259,India,IN,Meghālaya,25758,Nongstoin,0.4599,04/01/2014 12:00:00 AM,11/20/2017 03:17:00 PM,02/15/2018 03:51:00 PM,91.27,25.52
Assam Times,http://www.assamtimes.org/node/11181,6112,06/28/2014 09:00:00 AM,,"Kharghuli Hills, Assam","Over 50 people had a narrow escape in Guwahati when 13 houses collapsed in landslide on Saturday. The incident took place in the morning at Kharghuli hilltop where 13 houses were damaged in landslide. The people inside the houses, who were remaining alert, however, managed to escape the tragedy. The incident took place 24 hours after three persons of a family died in landslide in Bhangagarh area.","Kharghuli Hills, Assam",exact,landslide,rain,medium,unknown,0,0,,,,glc,6112,India,IN,Assam,899094,Guwahati,2.35032,08/24/2014 12:00:00 AM,11/20/2017 03:17:00 PM,02/15/2018 03:51:00 PM,91.7652,26.1964
E-PAO,http://e-pao.net/GP.asp?src=1..020815.aug15,7390,08/01/2015 12:00:00 AM,,between Tengnoupal-Sita junction and Tengnoupal Power Sub-Station,In between Tengnoupal-Sita junction and Tengnoupal Power Sub-Station landslide occurred at four locations and blocked the Tengnoupal-Sangshak road,between Tengnoupal-Sita junction and Tengnoupal Power Sub-Station,25km,landslide,continuous_rain,medium,above_road,0,0,,,,glc,7390,India,IN,Manipur,7528,Wāngjing,22.17372,12/14/2015 10:05:00 PM,11/20/2017 03:17:00 PM,02/15/2018 03:51:00 PM,94.1913,24.4265
Mizoram Express,http://mizoramexpress.com/index.php/2010/09/mizoram-landslides-kill-one-woman/,2420,09/13/2010 12:00:00 AM,,"Tuikual 'C', Aizawl, Mizoram","Landslide triggered by heavy rain in Tuikual ‘C’ on Monday killed a woman, R. Laltanpuii.  According to Aizawl Police sources, the landslide buried the woman while she was collecting water with her friend. Luckily, her friend who was nearby her escaped unhurt.  The dead body was handed over to her relatives after post mortem examination in Aizawl Civil Hospital. ","Tuikual 'C', Aizawl, Mizoram",1km,landslide,downpour,medium,urban,1,,,,,glc,2420,India,IN,Mizoram,20244,Serchhīp,8.59507,04/01/2014 12:00:00 AM,11/20/2017 03:17:00 PM,02/15/2018 03:51:00 PM,92.71495623,23.72988966
Saharas Samay,http://www.saharasamay.com/samayhtml/articles.aspx?newsid=84791,264,09/13/2007 12:00:00 AM,,Guwahati,"landslide hit house and buried a family, occurred at 3am",Guwahati,10km,landslide,rain,medium,unknown,,,,,,glc,264,India,IN,Assam,2000,Dispur,5.28094,04/01/2014 12:00:00 AM,11/20/2017 03:17:00 PM,02/15/2018 03:51:00 PM,91.8,26.1833
The Telegraph,http://www.telegraphindia.com/1141007/jsp/frontpage/story_18900562.jsp#.VDVSk_ldV8E,6214,10/05/2014 05:45:00 PM,,Jorabat-Umiam route,"Last evening, a massive landslide at Umling in Ri Bhoi district, around 42km from here, claimed one life while several others had a providential escape. Umling is located along the Jorabat-Umiam route. Around 6pm yesterday, six light vehicles and a tanker travelling on that stretch were pushed away by the potent debris, leaving one person from Nagaland in an i20 dead.",Jorabat-Umiam route,5km,landslide,rain,medium,above_road,1,0,,,,glc,6214,India,IN,Meghalaya,14387,Nongpoh,7.69459,06/30/2016 05:24:00 PM,11/20/2017 03:17:00 PM,02/15/2018 03:51:00 PM,91.8587,25.9702
kanglaonline.com,http://www.kanglaonline.com/index.php?template=headline&newsid=39229&typeid=2,252,09/09/2007 12:00:00 AM,,"Mao in Manipur, Phipema and Chunikhudima in Nagaland","along NH 39, multiple heavy events, blocked traffic significantly","Mao in Manipur, Phipema and Chunikhudima in Nagaland",25km,landslide,rain,medium,unknown,,,,,,glc,252,India,IN,Nāgāland,92113,Kohima,19.44563,04/01/2014 12:00:00 AM,11/20/2017 03:17:00 PM,02/15/2018 03:51:00 PM,94.1192,25.4993
Telegraph India,http://telegraphindia.com/1070728/asp/frontpage/story_8116912.asp,142,07/27/2007 12:00:00 AM,,Tura,closest to predicated location of Shillong (138.89 km),Tura,10km,rock_fall,rain,large,unknown,8,,,,,glc,142,India,IN,Meghālaya,63645,Tura,0.94369,04/01/2014 12:00:00 AM,11/20/2017 03:17:00 PM,02/15/2018 03:51:00 PM,90.232,25.5212
Hindustan Times,http://www.hindustantimes.com/india/20-dead-several-houses-swept-away-in-manipur-landslide/story-KoP6OouFBWhqxSdcnLrXJN.html,7384,08/01/2015 12:00:00 AM,,"Wayang, Khengjoi","Several houses of Hollenjang, Wayang and Tuitung village under Khengjoi were also swept away by the landslide. The total number of casualties from these areas, if any, are not known so far.","Wayang, Khengjoi",5km,landslide,rain,medium,unknown,0,0,,,,glc,7384,India,IN,Manipur,44540,Mawlaik,44.98236,12/14/2015 08:59:00 PM,11/20/2017 03:17:00 PM,02/15/2018 03:51:00 PM,94.0906,23.9278
kanglaonline.com,http://www.kanglaonline.com/index.php?template=headline&newsid=39058&typeid=1,211,08/26/2007 12:00:00 AM,,Tamenglong,"man killed along road cut, many events in this area affecting people and livestock, occurred at 5:30 pm",Tamenglong,5km,mudslide,continuous_rain,medium,unknown,1,,3 days of rain,,,glc,211,India,IN,Manipur,223523,Imphal,43.53546,04/01/2014 12:00:00 AM,11/20/2017 03:17:00 PM,02/15/2018 03:51:00 PM,93.55,24.9667
articles.timesofindia,http://articles.timesofindia.indiatimes.com/2012-06-04/guwahati/32030359_1_barail-hill-harangajao-landslides,4384,06/03/2012 12:00:00 AM,,"between Haflong and  Bagetar, Assam","Torrential rain in the Barail Hill range for the past many days triggered landslides at least five places along the Lumding-Silchar section of Northeast Frontier Railway (NFR) early on Sunday. Authorities have suspended and regulated services of all the trains in this 214-km section until tracks are cleared.   A senior official of NFR here said at around 3am on Sunday, a large amount of soil and mud, boulders and trees came down the Borail Hill on the tracks at five different places in Dima Hasao district. The affected places are between Harangajao and Mailongdisa, Bandarkhal and Chandranathpur, Maibang and Daotohaja, Lower Haflong and Bagetar and between Mahur and Migrendisa.","between Haflong and  Bagetar, Assam",5km,landslide,downpour,medium,unknown,,,,,,glc,4384,India,IN,Assam,39982,Hāflong,1.50142,04/01/2014 12:00:00 AM,11/20/2017 03:17:00 PM,02/15/2018 03:51:00 PM,93.0123,25.1775
articles.timesofindia,http://articles.timesofindia.indiatimes.com/2012-06-04/guwahati/32030359_1_barail-hill-harangajao-landslides,4383,06/03/2012 12:00:00 AM,,"between Maibang and Daotohaja, Assam","Torrential rain in the Barail Hill range for the past many days triggered landslides at least five places along the Lumding-Silchar section of Northeast Frontier Railway (NFR) early on Sunday. Authorities have suspended and regulated services of all the trains in this 214-km section until tracks are cleared.   A senior official of NFR here said at around 3am on Sunday, a large amount of soil and mud, boulders and trees came down the Borail Hill on the tracks at five different places in Dima Hasao district. The affected places are between Harangajao and Mailongdisa, Bandarkhal and Chandranathpur, Maibang and Daotohaja, Lower Haflong and Bagetar and between Mahur and Migrendisa.","between Maibang and Daotohaja, Assam",5km,landslide,downpour,medium,unknown,,,,,,glc,4383,India,IN,Assam,8364,Maibong,1.26422,04/01/2014 12:00:00 AM,11/20/2017 03:17:00 PM,02/15/2018 03:51:00 PM,93.1265,25.3056
E-PAO,http://e-pao.net/GP.asp?src=22..020815.aug15,7375,08/01/2015 12:00:00 AM,,Ukhrul NH 201-Jessami road,"The landslides occurred at three places between Ukhrul to Nungbi Village, following which a team of RKL inspected the sites today.",Ukhrul NH 201-Jessami road,25km,landslide,continuous_rain,medium,above_road,0,0,,,,glc,7375,India,IN,Manipur,15118,Phek,52.60509,11/21/2015 02:02:00 AM,11/20/2017 03:17:00 PM,02/15/2018 03:51:00 PM,94.4481,25.1941
assamtribune,http://www.assamtribune.com/scripts/detailsnew.asp?id=jul3110/oth05,2163,07/29/2010 12:00:00 AM,,"Maram area in Senapati district, National Highway 39",Manipur’s National Highway 39 has been cut off from the rest of the region after a heavy landslide at Maram area in Senapati district. The Imphal-Mao section of the NH-39 has been cut off due to landslide at Maram bazaar following heavy rainfall in the last few days. The landslide took place on Thursday cutting off the road totally leaving many vehicles stranded on both sides of the stretch.,"Maram area in Senapati district, National Highway 39",5km,landslide,downpour,medium,unknown,0,,,,,glc,2163,India,IN,Nāgāland,92113,Kohima,28.26285,04/01/2014 12:00:00 AM,11/20/2017 03:17:00 PM,02/15/2018 03:51:00 PM,94.1054,25.4196
thenewsofindia,,3932,08/18/2011 12:00:00 AM,, Botsa  and Chiechama,affected area is the NH-61 between Botsa and Chiechama (34 Kms from Kohima) where a stretch of 500 feet has been affected by landslides., Botsa  and Chiechama,exact,landslide,monsoon,medium,unknown,0,,,,,glc,3932,India,IN,Nāgāland,92113,Kohima,17.31317,04/01/2014 12:00:00 AM,11/20/2017 03:17:00 PM,02/15/2018 03:51:00 PM,94.13,25.83
www.e-pao.net,http://www.e-pao.net/GP.asp?src=23..130513.may13,4861,05/12/2013 12:00:00 AM,,"Khongsang, Tamenglong, Manipur,","With unprecedented heavy pre-monsoon rains making the condition of Tamenglong- Khongsang road to turn from bad to worse, one goods laden truck (Registration no.MN01-7681) has been washed away in the mudslides occurring at various points of the road which has not known maintenance for the last many years.The incident occurred at Sangrungpang village yesterday while the goods laden truck was heading towards Tamenglong District HQs. ","Khongsang, Tamenglong, Manipur,",25km,mudslide,rain,medium,unknown,,,,,,glc,4861,India,IN,Assam,7176,Mahur,43.86029,04/01/2014 12:00:00 AM,11/20/2017 03:17:00 PM,02/15/2018 03:51:00 PM,93.4946,24.9926
The Indian Express,http://indianexpress.com/article/india/india-others/mizorams-power-lifeline-on-shaky-ground-after-landslip/,7972,08/28/2015 01:45:00 AM,,"Mizoram, India","A downpour was drenching the old building at 1.45am on August 28 when what seemed to be a tremor struck. Several glass panes on windows lining the western wall cracked and broke, as did parts of the concrete wall of the control room of the 132KV power sub-station at Zuangtui, on Aizawl’s eastern outskirts.","Mizoram, India",25km,landslide,downpour,large,unknown,0,0,,,,glc,7972,India,IN,Mizoram,5963,Thenzawl,15.9845,06/30/2016 04:21:00 PM,11/20/2017 03:17:00 PM,02/15/2018 03:51:00 PM,92.8112,23.4495
e-pao.net,http://e-pao.net/GP.asp?src=4..230711.jul11,3831,07/22/2011 12:00:00 AM,,Heibok Hills,"Mudslide alarm at Heibok hills Source: The Sangai Express  Imphal, July 22 2011: Following heavy mudslide on the western side of Heibok hills, people of Hiyangthang Tarahei Konjil are caught in a panicky situation.  Apprehension hangs heavy among the people that their homesteads might be buried by the falling mud and earth.  Following heavy downpour in the last 4/5 days, mud and earth started sliding down the hill side from a spot 40 feet above the ground, said the villagers.  Because of the heavy mudslide which occurred near a rice mill, one inter-village road located beneath the hill was closed for some period.  Even as the rice mill belonging to one Md Rabi (63) was saved from the devastating effect of the mudslide by putting wooden fence around it, one hand-pump, a tube-well and a cow shed have been buried by the mudslide.  The IVR was re-opened after the villagers cleared the mound of mud and earth.  The villagers said that a similar mudslide occurred in the other side of Heibok h",Heibok Hills,unknown,landslide,downpour,medium,unknown,0,,,,,glc,3831,India,IN,Manipur,223523,Imphal,1.05312,04/01/2014 12:00:00 AM,11/20/2017 03:17:00 PM,02/15/2018 03:51:00 PM,93.948,24.7992
articles.timesofindia.indiatimes.com,http://articles.timesofindia.indiatimes.com/2013-10-07/guwahati/42793381_1_anil-nagar-heavy-rain-nabin-nagar,5584,10/06/2013 12:00:00 AM,,"Nilachal Hill, Guwahati, Assam","Heavy downpour in the last 24 hours paralyzed life in Guwahati and a landslide triggered by the rain claimed the life of an elderly person in the city on Sunday. The rain also dampened the spirit of Durga Puja shopping in the city. Kamrup (Metro) additional deputy commissioner Dhrubajyoti Das said one Man Bahadur Gurung (80) of Batahghuli area in the city died when a rock rolled down the hills and hit Gurung, who was sitting at the foothills. Another landslide occurred on the Nilachal Hill, but no one was injured in the incident.","Nilachal Hill, Guwahati, Assam",5km,landslide,downpour,medium,unknown,0,,,,,glc,5584,India,IN,Assam,17516,North Guwāhāti,3.75928,04/01/2014 12:00:00 AM,11/20/2017 03:17:00 PM,02/15/2018 03:51:00 PM,91.7049,26.1665
morungexpress,http://www.morungexpress.com/local/50451.html,1986,06/15/2010 12:00:00 AM,,"Fazl Ali College, Mokokchung, Nagaland","On Tuesday, June 15, 2010 incessant rain triggered landslides at Falz Ali College Mokokchung, at one side of the 3-storied building Science Stream, damaging the Physics laboratory set up at the ground floor.  The Principal of the college, Kuholi Chishi reported the incident to the district administration. SDO (Civil) Nungsangmenla visited the college to ascertain the damage caused to the building, particularly the Physics lab of the college. Following the landslide, two pillars of the stairway connecting the Science Stream building with the premises of the main building were forced to hang precariously.","Fazl Ali College, Mokokchung, Nagaland",1km,landslide,downpour,medium,unknown,0,,,,,glc,1986,India,IN,Nāgāland,34021,Mokokchūng,3.41935,04/01/2014 12:00:00 AM,11/20/2017 03:17:00 PM,02/15/2018 03:51:00 PM,94.5512,26.3335
E-PAO,http://e-pao.net/GP.asp?src=1..020815.aug15,7387,08/01/2015 12:00:00 AM,,Imphal-Ukhrul road,,Imphal-Ukhrul road,50km,landslide,continuous_rain,small,below_road,0,0,,http://www.e-pao.org/galleries/images/News_Related/2015/08/Chandel_20150802.jpg,,glc,7387,India,IN,Manipur,223523,Imphal,31.83231,12/14/2015 09:38:00 PM,11/20/2017 03:17:00 PM,02/15/2018 03:51:00 PM,94.2156,24.954
dnaindia,http://www.dnaindia.com/india/report_one-dead-road-and-rail-communication-disrupted-due-to-rains-in-assam_1450237,2573,10/09/2010 12:00:00 AM,,"Haflong, Assam","One person has died and both road and railway links between Assam's North Cachar Hills district and the rest of the country has been completely cut-off following continuous heavy rainfall for the last two days, official sources said here today.  One person, identified as 45-year old Isak Indu, died last night when his house was washed away by mudslides in Haflong town.","Haflong, Assam",5km,mudslide,downpour,medium,unknown,1,,,,,glc,2573,India,IN,Assam,39982,Hāflong,1.88273,04/01/2014 12:00:00 AM,11/20/2017 03:17:00 PM,02/15/2018 03:51:00 PM,93.0083,25.1796
e-Pao.net,http://www.e-pao.net/GP.asp?src=5..211007.oct07,319,10/19/2007 12:00:00 AM,,"Maram-Purul Road, Karong Assembly Constituency of Senapati district, Manipur","occurred at 3 places along road (23 km), unsure of exact date within past 5 days","Maram-Purul Road, Karong Assembly Constituency of Senapati district, Manipur",50km,landslide,rain,medium,unknown,,,,,,glc,319,India,IN,Nāgāland,92113,Kohima,26.23523,04/01/2014 12:00:00 AM,11/20/2017 03:17:00 PM,02/15/2018 03:51:00 PM,94.1162,25.4379
kanglaonline.com,http://www.kanglaonline.com/index.php?template=headline&newsid=39638&typeid=2,313,10/16/2007 12:00:00 AM,,"NH-39 at Piphema,  6 km towards Dimapur from Kohima in Nagaland","occurred at 2pm, stranded vehicles on road between cities, multiple events on road","NH-39 at Piphema,  6 km towards Dimapur from Kohima in Nagaland",5km,landslide,rain,large,unknown,,,,,,glc,313,India,IN,Nāgāland,92113,Kohima,10.39298,04/01/2014 12:00:00 AM,11/20/2017 03:17:00 PM,02/15/2018 03:51:00 PM,94.0132,25.7055
Arunachal Times,http://www.arunachaltimes.in/man-washed-away-by-mudslide/,9010,07/16/2016 12:00:00 AM,,"Hoj-Potin Highway, Arunachal Pradesh, India",In an unfortunate accident one Amit Lama was washed away by mudslide when he came out of his car to inspect the block point in the Hoj-Potin Highway. The district administration immediately pressed men and machines to recover the body. Till the filling of this report the body could not be recovered. However roads have opened for vehicle movement late in the evening.,"Hoj-Potin Highway, Arunachal Pradesh, India",5km,mudslide,downpour,medium,above_road,1,0,,,,glc,9010,India,IN,Arunachal Pradesh,26912,Naharlagun,24.51693,07/18/2016 04:08:00 PM,11/20/2017 03:17:00 PM,02/15/2018 03:51:00 PM,93.804,27.3034
gsi.gov,"http://www.portal.gsi.gov.in/portal/page?_pageid=127,875814&_dad=portal&_schema=PORTAL",2539,10/03/2010 12:00:00 AM,,"Mosing village, Upper Siang district, Arunachal Pradesh","Ten people were killed and about 300,000 displaced in flash floods and landslides triggered by heavy rains in Arunachal Pradesh. Heavy rains triggered mudslides and flooding in at least three districts of Arunachal Pradesh, washing away bridges, huts and school buildings, besides devastating agriculture crops. ""The devastation caused by the floods and landslides had been extensive with eight people already killed in incidents of house collapse due to landslides, besides snapping road links in many areas."" The casualties were reported early on Saturday in Mosing village in Upper Siang district (of Arunachal Pradesh) bordering China, where several houses got buried under mounds of earth. ","Mosing village, Upper Siang district, Arunachal Pradesh",25km,landslide,downpour,medium,unknown,10,,,,,glc,2539,India,IN,Arunāchal Pradesh,25581,Pāsighāt,28.27407,04/01/2014 12:00:00 AM,11/20/2017 03:17:00 PM,02/15/2018 03:51:00 PM,95.4149,28.3092
Nagaland Post,http://www.nagalandpost.com/channelnews/State/StateNews.aspx?news=TkVXUzEwMDA2Njg2NQ%3D%3D,6331,09/08/2014 12:00:00 AM,,Kiphire-Seyochung road near Yangzitong village,"Kiphire-Seyochung road via Lukhami village has been blocked since Monday last after the heavy landslide occurred near Yangzitong village under Seyochung sub-division of Kiphire district. The road is considered to be the lifeline of Lukhami , Phisami, Shothumi “A”  and “B” villages,  however owing to the mudslide these villages have been sandwiched in the middle for almost a week.",Kiphire-Seyochung road near Yangzitong village,25km,mudslide,unknown,medium,unknown,0,0,,,,glc,6331,India,IN,Nagaland,29499,Zunheboto,11.35779,11/03/2014 10:30:00 PM,11/20/2017 03:17:00 PM,02/15/2018 03:51:00 PM,94.6279,25.9466
ptinews,http://www.ptinews.com/news/721800_Landslides--blockade-hit-trains-services-in-NC-Hills,1987,06/15/2010 12:00:00 AM,,"rails between Mahur and Wadringdisa(?), Assam","Train services in central Assam's North Cachar Hills district have been disrupted due to heavy landslides and a three-day railway blockade called by a students organisation today.  The landslide and blockade affected the Agartala Special, Cachar Express, Barak Valley Passenger, Hill Queen and several other goods trains, railway sources said here today.  Landslides between Jatinga and Longrangjao as well as Mahur and Wadringdisa yesterday stopped rail traffic in the district, the sources said.","rails between Mahur and Wadringdisa(?), Assam",25km,landslide,downpour,medium,unknown,0,,,,,glc,1987,India,IN,Assam,7176,Mahur,7.17384,04/01/2014 12:00:00 AM,11/20/2017 03:17:00 PM,02/15/2018 03:51:00 PM,93.1658,25.2269
morungexpress,http://www.morungexpress.com/local/51540.html,2043,07/06/2010 12:00:00 AM,,"Mon, Nagaland","Dimapur| July 12  : Yet another monsoon season in Nagaland and one has to batter bad roads.    This year’s monsoon has been the worse by far.  Most interior villagers of Mon, Tuensang and Kiphire are cut out from the rest of the state. With good roads beyond their dreams even on dry days, rainy days are a nightmare for the people. Journey to places like Mimi in Kiphire, Pangsha in Tuensang and parts of Mon and Peren can be made only on four wheel drive vehicles or on foot. Mud slides are common in almost all the highways leading to district headquarters. Exploitation of natural resources like boulders and deforestation is causing more landslides than before. The use of roads by all size vehicles has spoilt most of the soiled roads making it difficult for smaller vehicles to ply. ","Mon, Nagaland",5km,mudslide,monsoon,medium,unknown,0,,,,,glc,2043,India,IN,Nāgāland,18742,Mon,3.35789,04/01/2014 12:00:00 AM,11/20/2017 03:17:00 PM,02/15/2018 03:51:00 PM,95.0281,26.7225
E-Pao,http://e-pao.net/GP.asp?src=30..300815.aug15,7910,08/01/2015 12:00:00 AM,,Chandel,Khengjoy village under sub-division headquarter in Chandel district has remained totally cut-off after a major landslide that occurred on August 1 on a 3 km long road stretch from Kemdo to Maokot Khengjoi.,Chandel,10km,landslide,unknown,medium,above_road,0,0,,,,glc,7910,India,IN,Manipur,30418,Kakching,21.42769,06/29/2016 05:35:00 PM,11/20/2017 03:17:00 PM,02/15/2018 03:51:00 PM,94.1146,24.3481
Telegraph,http://www.telegraphindia.com/1150215/jsp/frontpage/story_3475.jsp#.VONkky5HWUk,6775,02/14/2015 12:00:00 AM,,Kailashpur hill,"Three labourers - Ayub Ali, Majid Ali and Moinul Ali - came under the debris triggered by the landslip while constructing the boundary wall of the house of Girindra Chandra Das at noon. Das's neighbours immediately swung into action and rescued the three from under the debris and rushed them to Gauhati Medical College and Hospital. Majid succumbed to his injuries in hospital.",Kailashpur hill,5km,landslide,mining,small,mine,1,2,,http://www.telegraphindia.com/1150215/images/15reglandslip.jpg,,glc,6775,India,IN,Assam,13917,Soalkuchi,7.93849,02/17/2015 04:10:00 PM,11/20/2017 03:17:00 PM,02/15/2018 03:51:00 PM,91.6469,26.1468
hmar.in,http://hmar.in/news/landslide-blocks-nh-44-for-12-hours,1776,04/21/2010 12:00:00 AM,,Shillong-Jowai(Jwai)-Badarpur National Highway(NH 44) at Sunapur village in Jaintia Hills District,"Traffic movement on the Shillong-Jowai-Badarpur National Highway came to a standstill for the last two days due to heavy landslides at Sunapur village in Jaintia Hills district.  NH 44, the main road link via Shillong to Tripura, Mizoram and Barak Valley of Assam was severely affected for over 12 hours. Villages under Narpuh Elaka including Sunapur, Ratacherra, Lumshnong and Umkiang have been badly hit by heavy rain for the past eight days.  Heavy rains accompanied by high velocity winds hit some villages in the area and damaged several houses and uprooted hundreds of trees besides causing landslides at Sunapur village.  A small hillock including a number of huge trees collapsed on highway which resulted in a huge traffic jam as thousands of vehicle were stuck for last two days.",Shillong-Jowai(Jwai)-Badarpur National Highway(NH 44) at Sunapur village in Jaintia Hills District,25km,landslide,downpour,medium,unknown,0,,,,,glc,1776,India,IN,Meghālaya,132842,Shillong,46.46354,04/01/2014 12:00:00 AM,11/20/2017 03:17:00 PM,02/15/2018 03:51:00 PM,92.2845,25.3612
Business Standard,http://www.business-standard.com/article/pti-stories/two-labourers-killed-in-landslide-115022000437_1.html,6786,02/19/2015 11:00:00 PM,,"Hailākāndi : Two labourers died while another was injured in a landslide in Assam's Hailakandi district, the police said today.","Two labourers died while another was injured in a landslide in Assam's Hailakandi district, the police said today.",,5km,landslide,mining,medium,mine,2,1,,,,glc,6786,India,IN,Assam,31031,Hailākāndi,8.09941,02/22/2015 07:47:00 PM,11/20/2017 03:17:00 PM,02/15/2018 03:51:00 PM,92.562,24.6108
Indian Express,http://indianexpress.com/article/india/india-others/pregnant-woman-among-nine-killed-in-shillong-landslide/,6291,09/21/2014 12:00:00 AM,,National Highway 51,"South West Garo Hills deputy commissioner Ram Singh said the seven landslides that occurred between Rari and Jengjal, have cut off road communication to all the districts in the Garo Hills region. Several hundred vehicles have been stranded. There is no railway or air connectivity to any place in western Meghalaya. - See more at: http://indianexpress.com/article/india/india-others/pregnant-woman-among-nine-killed-in-shillong-landslide/#sthash.BxXeFv7G.dpuf",National Highway 51,25km,landslide,continuous_rain,large,unknown,0,0,,,,glc,6291,India,IN,Meghalaya,63645,Tura,30.61905,10/21/2014 05:49:00 PM,11/20/2017 03:17:00 PM,02/15/2018 03:51:00 PM,90.3852,25.7354
The New Indian Express,http://www.newindianexpress.com/nation/Fifty-Nine-Killed-in-Flash-Flood-and-Landslide-in-Meghalaya/2014/10/07/article2466329.ece,6213,09/24/2014 12:00:00 AM,,Meghalaya,"""The number of deaths due to flash floods and landslides is 59 while five persons are still missing,"" Deputy Chief Minister and Revenue and Disaster Management Minister Roytre C Laloo said.  ""We have almost completed compiling our assessment of the damages caused by the flash floods and landslides. We hope to be able to complete it soon,"" Laloo said.  The recovery of more bodies was made after water receded in several places in the plain areas of West Garo Hills and also in East Khasi Hills district, Revenue and Disaster Management Principal Secretary P K Srivastava said.  The September 24 cloudburst that continued for a week affected over two lakh people.  The state government said flash floods and landslides damaged Rs 2,000 crore worth properties including livestock, roads, bridges, and agricultural produce.",Meghalaya,unknown,landslide,continuous_rain,large,unknown,0,0,,,,glc,6213,India,IN,Meghalaya,14045,Lakhipur,36.10354,10/08/2014 02:57:00 PM,11/20/2017 03:17:00 PM,02/15/2018 03:51:00 PM,90.5763,25.8143
Telegraph,http://www.telegraphindia.com/1100916/jsp/northeast/story_12941830.jsp,2415,09/12/2010 12:00:00 AM,,power lines 5 km from Kohima,"Kohima, Sept. 15: The Nagaland capital has been in darkness for the last three days because of a damaged 132kV transmission line near here.  The power department said it would take a few more days to restore power, depending on the weather conditions.  The 132kV power transmission line, 5km from here, was damaged because of landslides triggered by heavy rainfall. The department said it was taking a 4kV supply from Manipur that is distributed to Ministers’ Hill and VIP quarters.  The department said dozens of workers were deployed at the landslide site but were finding it difficult to pull the wires because of slippery land. Bad weather has turned the situation worse. ",power lines 5 km from Kohima,25km,landslide,downpour,medium,unknown,,,,,,glc,2415,India,IN,Nāgāland,92113,Kohima,0.50696,04/01/2014 12:00:00 AM,11/20/2017 03:17:00 PM,02/15/2018 03:51:00 PM,94.11112157,25.63961883
Indian Express,http://indianexpress.com/article/india/india-news-india/at-least-10-killed-in-landslides-in-assam-rescue-operations-underway-2806810/,9336,05/18/2016 08:00:00 AM,,"Ramchandi , Hailakandi District, Assam, India","Ten people were killed in landslides in Karimganj and Hailakandi districts in Barak Valley in Assam on Wednesday following incessant rains. In neighbouring Hailakandi district, two incidents of landslide killed four persons at Bilaipur and a six-year old boy at Ramchandi area, police officials said. The debris fell on two houses where the victims were sleeping early in the morning, they said. NDRF and police have been engaged in rescue and relief operations.","Ramchandi , Hailakandi District, Assam, India",1km,landslide,continuous_rain,small,unknown,1,0,,,,glc,9336,India,IN,Assam,10942,Lāla,10.83583,08/03/2016 01:45:00 PM,11/20/2017 03:17:00 PM,02/15/2018 03:51:00 PM,92.5121,24.5308
Indian Express,http://indianexpress.com/article/india/india-others/mizoram-aizawl-houses-swept-away-graves-damaged-by-rain-and-landslide/,7837,08/27/2015 12:00:00 AM,,three graveyards within Aizawl,"The landslides also damaged as many houses and dislodged, and in some cases swept away, about 160 graves in three graveyards within the city.",three graveyards within Aizawl,5km,landslide,downpour,medium,urban,0,0,,,,glc,7837,India,IN,Mizoram,265331,Aizawl,0.90676,06/24/2016 07:39:00 PM,11/20/2017 03:17:00 PM,02/15/2018 03:51:00 PM,92.7265,23.7269
The Sangai Express,http://www.thesangaiexpress.com/page/items/54212/massive-landslide-along-maram-peren-road-downpour-creates-havoc-in-different-parts,7267,07/22/2015 12:00:00 AM,,NH-2 between Senapati and Mao,"Reports from other locations also say that minor landslides, potholes, water-logging have been spotted along the NH-2 stretch between Senapati and Mao.",NH-2 between Senapati and Mao,10km,landslide,continuous_rain,small,above_road,0,0,,,,glc,7267,India,IN,Manipur,92113,Kohima,31.50636,07/23/2015 04:38:00 PM,11/20/2017 03:17:00 PM,02/15/2018 03:51:00 PM,94.0926,25.3908
www.upi.com,http://www.upi.com/Top_News/World-News/2013/05/09/Cyclonic-storms-kill-seven-in-India/UPI-39151368107292/,4848,05/08/2013 12:00:00 AM,,"Purba Simna, Tripura",A large landslide in western Tripura killed at least two people Wednesday night.,"Purba Simna, Tripura",5km,landslide,rain,medium,unknown,1,,,,,glc,4848,India,IN,Tripura,20046,Khowai,13.61141,04/01/2014 12:00:00 AM,11/20/2017 03:17:00 PM,02/15/2018 03:51:00 PM,91.4663,24.0896
Times of India,http://timesofindia.indiatimes.com/city/guwahati/Landslide-toll-touches-6-as-woman-buried-alive-in-Guwahati/articleshow/53314082.cms,9122,07/20/2016 12:00:00 AM,,"Noonmati, Guwahati, Assam, India",This was not the only incident of landslide in the city on Wednesday as a similar episode was also reported from the Noonmati locality. Two houses were completely buried under debris. No one suffered any injury.,"Noonmati, Guwahati, Assam, India",5km,landslide,rain,medium,unknown,0,0,,,,glc,9122,India,IN,Assam,899094,Guwahati,5.77893,07/22/2016 01:24:00 PM,11/20/2017 03:17:00 PM,02/15/2018 03:51:00 PM,91.802,26.1966
dnaindia,http://www.dnaindia.com/india/report_one-dead-road-and-rail-communication-disrupted-due-to-rains-in-assam_1450237,2574,10/09/2010 12:00:00 AM,,"between Mahur and Maigrandisa(?) or Lumding, Assam","Meanwhile, rail communication has been disrupted with landslides affecting railway tracks at 28 places between Mahur and Maigrandisa in the Lumding-Silchar section with 40metres of track completely washed away.  NF railways have suspended rail services in the section till the tracks can be repaired and restored.","between Mahur and Maigrandisa(?) or Lumding, Assam",50km,landslide,downpour,medium,unknown,0,,,,,glc,2574,India,IN,Assam,8364,Maibong,19.26104,04/01/2014 12:00:00 AM,11/20/2017 03:17:00 PM,02/15/2018 03:51:00 PM,93.1477,25.4749
Assam Tribune,http://www.assamtribune.com/scripts/detailsnew.asp?id=sep2414/at051,6282,09/22/2014 12:00:00 AM,,Lalmati,"Flash flood and landslides continued to cause devastation in Guwahati for the second day today with the death toll due to landslip rising to four. Two persons died in two separate incidents of landslides in Lalmati and Dakhingaon, whereas a woman was injured in another landslide incident at Batahghuli.",Lalmati,5km,landslide,rain,small,urban,1,0,,,,glc,6282,India,IN,Assam,2000,Dispur,3.87279,10/21/2014 02:05:00 PM,11/20/2017 03:17:00 PM,02/15/2018 03:51:00 PM,91.7747,26.1097
morungexpress,http://www.morungexpress.com/frontpage/53726.html,2263,08/17/2010 12:00:00 AM,,"Dikhu bridge(?), Mokokchung-Tuensang road, Nagaland","On Tuesday, vehicles plying on the Mokokchung-Tuensang road were stranded for than 15 hours near the Dikhu Bridge under Mokokchung district due to mudslides and sinking caused by rains.  People cross a portion of the landslide area, along the National Highway 39, below Kohima, on Saturday, August 21, 2010. The calamities which affect the National Highway 39 started from August 7 after continuous heavy rainfall in the hilly state of Nagaland.  ","Dikhu bridge(?), Mokokchung-Tuensang road, Nagaland",25km,landslide,downpour,medium,unknown,0,,,,,glc,2263,India,IN,Nāgāland,34021,Mokokchūng,15.67627,04/01/2014 12:00:00 AM,11/20/2017 03:17:00 PM,02/15/2018 03:51:00 PM,94.6654,26.2753
Assam Tribune,http://www.assamtribune.com/scripts/detailsnew.asp?id=sep2414/at051,6289,09/22/2014 12:00:00 AM,,Pamohi,"On the other hand, several incidents of landslides were reported from Dhirenpara, Koinadhara, Gorhchuk, Noonmati and Pamohi.",Pamohi,5km,landslide,rain,small,unknown,0,0,,,,glc,6289,India,IN,Assam,899094,Guwahati,11.15465,10/21/2014 03:43:00 PM,11/20/2017 03:17:00 PM,02/15/2018 03:51:00 PM,91.6849,26.1001
NELive,http://www.nelive.in/arunachal-pradesh/news/landslide-disrupts-road-communication-between-aalo-and-pangin,9087,07/19/2016 12:00:00 AM,,"5 km off Sangam point on Aalo- Pangin road, Arunachal Pradesh, India","(Location along road estimated. Landslide may have occured a couple days before June 19, 2016). Landslides triggered by torrential rains over the past few days blocked the road at 5 km off Sangam point on Aalo- Pangin road causing a total disruption in road communication.  According to official sources, men and machineries were pressed into service on Tuesday to clear the debris but without any progress as the landowners were obstructing the works demanding compensation.  Meanwhile, Siang Deputy Commissioner Rahul Singh along with ADC and EAC Pangin visited the landslide-hit area on Tuesday to assess the extent of damage.  He interacted with TK Engineering officials and asked them to put more men and machineries to carryout the restoration work.","5 km off Sangam point on Aalo- Pangin road, Arunachal Pradesh, India",50km,landslide,downpour,medium,above_road,0,0,,http://www.nelive.in/sites/default/files/07-09-15%20Meghalaya-%20Landslide%20hits%20NH-40%20%282%29.jpg,,glc,9087,India,IN,Arunachal Pradesh,18425,Along,17.3564,07/20/2016 07:36:00 PM,11/20/2017 03:17:00 PM,02/15/2018 03:51:00 PM,94.9612,28.235
Saharas Samay,http://www.saharasamay.com/samayhtml/articles.aspx?newsid=80536,130,07/19/2007 12:00:00 AM,,Guwahati,closest to predicted location of Gauhati (167.34 km),Guwahati,25km,landslide,rain,medium,unknown,6,,,,,glc,130,India,IN,Assam,2000,Dispur,3.80164,04/01/2014 12:00:00 AM,11/20/2017 03:17:00 PM,02/15/2018 03:51:00 PM,91.7986,26.1699
